-- MySQL dump 10.13  Distrib 5.1.63, for debian-linux-gnu (x86_64)
--
-- Host: brainstore.cpf3cnxiexlc.us-east-1.rds.amazonaws.com    Database: reydosom_test
-- ------------------------------------------------------
-- Server version	5.5.25a-log

/*!40101 SET @OLD_CHARACTER_SET_CLIENT=@@CHARACTER_SET_CLIENT */;
/*!40101 SET @OLD_CHARACTER_SET_RESULTS=@@CHARACTER_SET_RESULTS */;
/*!40101 SET @OLD_COLLATION_CONNECTION=@@COLLATION_CONNECTION */;
/*!40101 SET NAMES utf8 */;
/*!40103 SET @OLD_TIME_ZONE=@@TIME_ZONE */;
/*!40103 SET TIME_ZONE='+00:00' */;
/*!40014 SET @OLD_UNIQUE_CHECKS=@@UNIQUE_CHECKS, UNIQUE_CHECKS=0 */;
/*!40014 SET @OLD_FOREIGN_KEY_CHECKS=@@FOREIGN_KEY_CHECKS, FOREIGN_KEY_CHECKS=0 */;
/*!40101 SET @OLD_SQL_MODE=@@SQL_MODE, SQL_MODE='NO_AUTO_VALUE_ON_ZERO' */;
/*!40111 SET @OLD_SQL_NOTES=@@SQL_NOTES, SQL_NOTES=0 */;

--
-- Table structure for table `jos_assets`
--

DROP TABLE IF EXISTS `jos_assets`;
/*!40101 SET @saved_cs_client     = @@character_set_client */;
/*!40101 SET character_set_client = utf8 */;
CREATE TABLE `jos_assets` (
  `id` int(10) unsigned NOT NULL AUTO_INCREMENT COMMENT 'Primary Key',
  `parent_id` int(11) NOT NULL DEFAULT '0' COMMENT 'Nested set parent.',
  `lft` int(11) NOT NULL DEFAULT '0' COMMENT 'Nested set lft.',
  `rgt` int(11) NOT NULL DEFAULT '0' COMMENT 'Nested set rgt.',
  `level` int(10) unsigned NOT NULL COMMENT 'The cached level in the nested tree.',
  `name` varchar(50) NOT NULL COMMENT 'The unique name for the asset.\n',
  `title` varchar(100) NOT NULL COMMENT 'The descriptive title for the asset.',
  `rules` varchar(5120) NOT NULL COMMENT 'JSON encoded access control.',
  PRIMARY KEY (`id`),
  UNIQUE KEY `idx_asset_name` (`name`),
  KEY `idx_lft_rgt` (`lft`,`rgt`),
  KEY `idx_parent_id` (`parent_id`)
) ENGINE=InnoDB AUTO_INCREMENT=172 DEFAULT CHARSET=utf8;
/*!40101 SET character_set_client = @saved_cs_client */;

--
-- Dumping data for table `jos_assets`
--

LOCK TABLES `jos_assets` WRITE;
/*!40000 ALTER TABLE `jos_assets` DISABLE KEYS */;
INSERT INTO `jos_assets` VALUES (1,0,1,420,0,'root.1','Root Asset','{\"core.login.site\":{\"6\":1,\"2\":1},\"core.login.admin\":{\"6\":1},\"core.login.offline\":[],\"core.admin\":{\"8\":1},\"core.manage\":{\"7\":1},\"core.create\":{\"6\":1,\"3\":1},\"core.delete\":{\"6\":1},\"core.edit\":{\"6\":1,\"4\":1},\"core.edit.state\":{\"6\":1,\"5\":1},\"core.edit.own\":{\"6\":1,\"3\":1}}'),(2,1,2,3,1,'com_admin','com_admin','{}'),(3,1,4,11,1,'com_banners','com_banners','{\"core.admin\":{\"7\":1},\"core.manage\":{\"6\":1},\"core.create\":[],\"core.delete\":[],\"core.edit\":[],\"core.edit.state\":[]}'),(4,1,12,13,1,'com_cache','com_cache','{\"core.admin\":{\"7\":1},\"core.manage\":{\"7\":1}}'),(5,1,14,15,1,'com_checkin','com_checkin','{\"core.admin\":{\"7\":1},\"core.manage\":{\"7\":1}}'),(6,1,16,17,1,'com_config','com_config','{}'),(7,1,18,87,1,'com_contact','com_contact','{\"core.admin\":{\"7\":1},\"core.manage\":{\"6\":1},\"core.create\":[],\"core.delete\":[],\"core.edit\":[],\"core.edit.state\":[]}'),(8,1,88,293,1,'com_content','com_content','{\"core.admin\":{\"7\":1},\"core.manage\":{\"6\":1},\"core.create\":{\"3\":1},\"core.delete\":[],\"core.edit\":{\"4\":1},\"core.edit.state\":{\"5\":1},\"core.edit.own\":[]}'),(9,1,294,295,1,'com_cpanel','com_cpanel','{}'),(10,1,296,297,1,'com_installer','com_installer','{\"core.admin\":[],\"core.manage\":{\"7\":0},\"core.delete\":{\"7\":0},\"core.edit.state\":{\"7\":0}}'),(11,1,298,299,1,'com_languages','com_languages','{\"core.admin\":{\"7\":1},\"core.manage\":[],\"core.create\":[],\"core.delete\":[],\"core.edit\":[],\"core.edit.state\":[]}'),(12,1,300,301,1,'com_login','com_login','{}'),(13,1,302,303,1,'com_mailto','com_mailto','{}'),(14,1,304,305,1,'com_massmail','com_massmail','{}'),(15,1,306,307,1,'com_media','com_media','{\"core.admin\":{\"7\":1},\"core.manage\":{\"6\":1},\"core.create\":{\"3\":1},\"core.delete\":{\"5\":1},\"core.edit\":[],\"core.edit.state\":[]}'),(16,1,308,309,1,'com_menus','com_menus','{\"core.admin\":{\"7\":1},\"core.manage\":[],\"core.create\":[],\"core.delete\":[],\"core.edit\":[],\"core.edit.state\":[]}'),(17,1,37,38,1,'com_messages','com_messages','{\"core.admin\":{\"7\":1},\"core.manage\":{\"7\":1}}'),(18,1,312,313,1,'com_modules','com_modules','{\"core.admin\":{\"7\":1},\"core.manage\":[],\"core.create\":[],\"core.delete\":[],\"core.edit\":[],\"core.edit.state\":[]}'),(19,1,314,321,1,'com_newsfeeds','com_newsfeeds','{\"core.admin\":{\"7\":1},\"core.manage\":{\"6\":1},\"core.create\":[],\"core.delete\":[],\"core.edit\":[],\"core.edit.state\":[]}'),(20,1,322,323,1,'com_plugins','com_plugins','{\"core.admin\":{\"7\":1},\"core.manage\":[],\"core.create\":[],\"core.delete\":[],\"core.edit\":[],\"core.edit.state\":[]}'),(21,1,324,325,1,'com_redirect','com_redirect','{\"core.admin\":{\"7\":1},\"core.manage\":[]}'),(22,1,326,327,1,'com_search','com_search','{\"core.admin\":{\"7\":1},\"core.manage\":{\"6\":1}}'),(23,1,328,329,1,'com_templates','com_templates','{\"core.admin\":{\"7\":1},\"core.manage\":[],\"core.create\":[],\"core.delete\":[],\"core.edit\":[],\"core.edit.state\":[]}'),(24,1,330,333,1,'com_users','com_users','{\"core.admin\":{\"7\":1},\"core.manage\":[],\"core.create\":[],\"core.delete\":[],\"core.edit\":[],\"core.edit.state\":[]}'),(25,1,334,351,1,'com_weblinks','com_weblinks','{\"core.admin\":{\"7\":1},\"core.manage\":{\"6\":1},\"core.create\":{\"3\":1,\"10\":0,\"12\":0},\"core.delete\":[],\"core.edit\":{\"4\":1},\"core.edit.state\":{\"5\":1}}'),(26,1,352,353,1,'com_wrapper','com_wrapper','{}'),(33,1,414,415,1,'com_finder','com_finder','{\"core.admin\":{\"7\":1},\"core.manage\":{\"6\":1}}'),(34,8,105,108,2,'com_content.category.9','Uncategorised','{\"core.create\":{\"10\":0,\"12\":0},\"core.delete\":[],\"core.edit\":[],\"core.edit.state\":[]}'),(35,3,7,8,2,'com_banners.category.10','Uncategorised','{\"core.create\":[],\"core.delete\":[],\"core.edit\":[],\"core.edit.state\":[]}'),(36,7,23,24,2,'com_contact.category.11','Uncategorised','{\"core.create\":[],\"core.delete\":[],\"core.edit\":[],\"core.edit.state\":[]}'),(37,19,317,318,2,'com_newsfeeds.category.12','Uncategorised','{\"core.create\":[],\"core.delete\":[],\"core.edit\":[],\"core.edit.state\":[]}'),(38,25,341,342,2,'com_weblinks.category.13','Uncategorised','{\"core.create\":[],\"core.delete\":[],\"core.edit\":[],\"core.edit.state\":[]}'),(39,8,109,292,2,'com_content.category.14','Sample Data-Articles','{\"core.create\":[],\"core.delete\":[],\"core.edit\":[],\"core.edit.state\":[]}'),(40,3,9,10,2,'com_banners.category.15','Sample Data-Banners','{\"core.create\":[],\"core.delete\":[],\"core.edit\":[],\"core.edit.state\":[]}'),(41,7,25,86,2,'com_contact.category.16','Sample Data-Contact','{\"core.create\":[],\"core.delete\":[],\"core.edit\":[],\"core.edit.state\":[]}'),(42,19,319,320,2,'com_newsfeeds.category.17','Sample Data-Newsfeeds','{\"core.create\":[],\"core.delete\":[],\"core.edit\":[],\"core.edit.state\":[]}'),(43,25,343,350,2,'com_weblinks.category.18','Sample Data-Weblinks','{\"core.create\":[],\"core.delete\":[],\"core.edit\":[],\"core.edit.state\":[]}'),(44,39,110,241,3,'com_content.category.19','Joomla!','{\"core.create\":{\"10\":0,\"12\":0},\"core.delete\":[],\"core.edit\":[],\"core.edit.state\":[]}'),(45,44,111,218,4,'com_content.category.20','Extensions','{\"core.create\":[],\"core.delete\":[],\"core.edit\":[],\"core.edit.state\":[]}'),(46,45,112,127,5,'com_content.category.21','Components','{\"core.create\":[],\"core.delete\":[],\"core.edit\":[],\"core.edit.state\":[]}'),(47,45,128,187,5,'com_content.category.22','Modules','{\"core.create\":[],\"core.delete\":[],\"core.edit\":[],\"core.edit.state\":[]}'),(48,45,188,199,5,'com_content.category.23','Templates','{\"core.create\":[],\"core.delete\":[],\"core.edit\":[],\"core.edit.state\":[]}'),(49,45,200,201,5,'com_content.category.24','Languages','{\"core.create\":[],\"core.delete\":[],\"core.edit\":[],\"core.edit.state\":[]}'),(50,45,202,217,5,'com_content.category.25','Plugins','{\"core.create\":[],\"core.delete\":[],\"core.edit\":[],\"core.edit.state\":[]}'),(51,39,242,273,3,'com_content.category.26','Park Site','{\"core.create\":{\"10\":0,\"12\":0},\"core.delete\":[],\"core.edit\":[],\"core.edit.state\":[]}'),(52,51,243,248,4,'com_content.category.27','Park Blog','{\"core.create\":[],\"core.delete\":[],\"core.edit\":[],\"core.edit.state\":[]}'),(53,51,249,270,4,'com_content.category.28','Photo Gallery','{\"core.create\":[],\"core.delete\":[],\"core.edit\":[],\"core.edit.state\":[]}'),(54,39,274,287,3,'com_content.category.29','Fruit Shop Site','{\"core.create\":[],\"core.delete\":[],\"core.edit\":[],\"core.edit.state\":[]}'),(55,54,275,280,4,'com_content.category.30','Growers','{\"core.create\":{\"12\":0},\"core.delete\":[],\"core.edit\":[],\"core.edit.state\":[],\"core.edit.own\":{\"10\":1}}'),(56,43,344,345,3,'com_weblinks.category.31','Park Links','{\"core.create\":[],\"core.delete\":[],\"core.edit\":[],\"core.edit.state\":[]}'),(57,43,346,349,3,'com_weblinks.category.32','Joomla! Specific Links','{\"core.create\":[],\"core.delete\":[],\"core.edit\":[],\"core.edit.state\":[]}'),(58,57,347,348,4,'com_weblinks.category.33','Other Resources','{\"core.create\":[],\"core.delete\":[],\"core.edit\":[],\"core.edit.state\":[]}'),(59,41,26,27,3,'com_contact.category.34','Park Site','{\"core.create\":[],\"core.delete\":[],\"core.edit\":[],\"core.edit.state\":[]}'),(60,41,28,85,3,'com_contact.category.35','Shop Site','{\"core.create\":[],\"core.delete\":[],\"core.edit\":[],\"core.edit.state\":[]}'),(61,60,29,30,4,'com_contact.category.36','Staff','{\"core.create\":[],\"core.delete\":[],\"core.edit\":[],\"core.edit.state\":[]}'),(62,60,31,84,4,'com_contact.category.37','Fruit Encyclopedia','{\"core.create\":[],\"core.delete\":[],\"core.edit\":[],\"core.edit.state\":[]}'),(63,62,32,33,5,'com_contact.category.38','A','{\"core.create\":[],\"core.delete\":[],\"core.edit\":[],\"core.edit.state\":[]}'),(64,62,34,35,5,'com_contact.category.39','B','{\"core.create\":[],\"core.delete\":[],\"core.edit\":[],\"core.edit.state\":[]}'),(65,62,36,37,5,'com_contact.category.40','C','{\"core.create\":[],\"core.delete\":[],\"core.edit\":[],\"core.edit.state\":[]}'),(66,62,38,39,5,'com_contact.category.41','D','{\"core.create\":[],\"core.delete\":[],\"core.edit\":[],\"core.edit.state\":[]}'),(67,62,40,41,5,'com_contact.category.42','E','{\"core.create\":[],\"core.delete\":[],\"core.edit\":[],\"core.edit.state\":[]}'),(68,62,42,43,5,'com_contact.category.43','F','{\"core.create\":[],\"core.delete\":[],\"core.edit\":[],\"core.edit.state\":[]}'),(69,62,44,45,5,'com_contact.category.44','G','{\"core.create\":[],\"core.delete\":[],\"core.edit\":[],\"core.edit.state\":[]}'),(70,62,46,47,5,'com_contact.category.45','H','{\"core.create\":[],\"core.delete\":[],\"core.edit\":[],\"core.edit.state\":[]}'),(71,62,48,49,5,'com_contact.category.46','I','{\"core.create\":[],\"core.delete\":[],\"core.edit\":[],\"core.edit.state\":[]}'),(72,62,50,51,5,'com_contact.category.47','J','{\"core.create\":[],\"core.delete\":[],\"core.edit\":[],\"core.edit.state\":[]}'),(73,62,52,53,5,'com_contact.category.48','K','{\"core.create\":[],\"core.delete\":[],\"core.edit\":[],\"core.edit.state\":[]}'),(74,62,54,55,5,'com_contact.category.49','L','{\"core.create\":[],\"core.delete\":[],\"core.edit\":[],\"core.edit.state\":[]}'),(75,62,56,57,5,'com_contact.category.50','M','{\"core.create\":[],\"core.delete\":[],\"core.edit\":[],\"core.edit.state\":[]}'),(76,62,58,59,5,'com_contact.category.51','N','{\"core.create\":[],\"core.delete\":[],\"core.edit\":[],\"core.edit.state\":[]}'),(77,62,60,61,5,'com_contact.category.52','O','{\"core.create\":[],\"core.delete\":[],\"core.edit\":[],\"core.edit.state\":[]}'),(78,62,62,63,5,'com_contact.category.53','P','{\"core.create\":[],\"core.delete\":[],\"core.edit\":[],\"core.edit.state\":[]}'),(79,62,64,65,5,'com_contact.category.54','Q','{\"core.create\":[],\"core.delete\":[],\"core.edit\":[],\"core.edit.state\":[]}'),(80,62,66,67,5,'com_contact.category.55','R','{\"core.create\":[],\"core.delete\":[],\"core.edit\":[],\"core.edit.state\":[]}'),(81,62,68,69,5,'com_contact.category.56','S','{\"core.create\":[],\"core.delete\":[],\"core.edit\":[],\"core.edit.state\":[]}'),(82,62,70,71,5,'com_contact.category.57','T','{\"core.create\":[],\"core.delete\":[],\"core.edit\":[],\"core.edit.state\":[]}'),(83,62,72,73,5,'com_contact.category.58','U','{\"core.create\":[],\"core.delete\":[],\"core.edit\":[],\"core.edit.state\":[]}'),(84,62,74,75,5,'com_contact.category.59','V','{\"core.create\":[],\"core.delete\":[],\"core.edit\":[],\"core.edit.state\":[]}'),(85,62,76,77,5,'com_contact.category.60','W','{\"core.create\":[],\"core.delete\":[],\"core.edit\":[],\"core.edit.state\":[]}'),(86,62,78,79,5,'com_contact.category.61','X','{\"core.create\":[],\"core.delete\":[],\"core.edit\":[],\"core.edit.state\":[]}'),(87,62,80,81,5,'com_contact.category.62','Y','{\"core.create\":[],\"core.delete\":[],\"core.edit\":[],\"core.edit.state\":[]}'),(88,62,82,83,5,'com_contact.category.63','Z','{\"core.create\":[],\"core.delete\":[],\"core.edit\":[],\"core.edit.state\":[]}'),(89,46,113,114,6,'com_content.article.1','Administrator Components','{\"core.delete\":[],\"core.edit\":[],\"core.edit.state\":[]}'),(90,93,130,131,7,'com_content.article.2','Archive Module','{\"core.delete\":[],\"core.edit\":[],\"core.edit.state\":[]}'),(91,93,132,133,7,'com_content.article.3','Article Categories Module','{\"core.delete\":[],\"core.edit\":[],\"core.edit.state\":[]}'),(92,93,134,135,7,'com_content.article.4','Articles Category Module','{\"core.delete\":[],\"core.edit\":[],\"core.edit.state\":[]}'),(93,47,129,144,6,'com_content.category.64','Content Modules','{\"core.create\":[],\"core.delete\":[],\"core.edit\":[],\"core.edit.state\":[]}'),(94,47,145,152,6,'com_content.category.65','User Modules','{\"core.create\":[],\"core.delete\":[],\"core.edit\":[],\"core.edit.state\":[]}'),(95,47,153,166,6,'com_content.category.66','Display Modules','{\"core.create\":[],\"core.delete\":[],\"core.edit\":[],\"core.edit.state\":[]}'),(96,47,167,178,6,'com_content.category.67','Utility Modules','{\"core.create\":[],\"core.delete\":[],\"core.edit\":[],\"core.edit.state\":[]}'),(97,48,189,190,6,'com_content.category.68','Atomic','{\"core.create\":[],\"core.delete\":[],\"core.edit\":[],\"core.edit.state\":[]}'),(98,48,191,192,6,'com_content.category.69','Beez 20','{\"core.create\":[],\"core.delete\":[],\"core.edit\":[],\"core.edit.state\":[]}'),(99,48,193,194,6,'com_content.category.70','Beez5','{\"core.create\":[],\"core.delete\":[],\"core.edit\":[],\"core.edit.state\":[]}'),(100,48,195,196,6,'com_content.category.71','Milky Way','{\"core.create\":[],\"core.delete\":[],\"core.edit\":[],\"core.edit.state\":[]}'),(101,50,203,204,6,'com_content.article.5','Authentication','{\"core.delete\":[],\"core.edit\":[],\"core.edit.state\":[]}'),(102,51,271,272,4,'com_content.article.6','Australian Parks ','{\"core.delete\":[],\"core.edit\":{\"2\":1},\"core.edit.state\":[]}'),(103,95,154,155,7,'com_content.article.7','Banner Module','{\"core.delete\":[],\"core.edit\":[],\"core.edit.state\":[]}'),(104,44,219,220,4,'com_content.article.8','Beginners','{\"core.delete\":[],\"core.edit\":[],\"core.edit.state\":[]}'),(105,46,115,116,6,'com_content.article.9','Contact','{\"core.delete\":[],\"core.edit\":[],\"core.edit.state\":[]}'),(106,46,117,118,6,'com_content.article.10','Content','{\"core.delete\":[],\"core.edit\":[],\"core.edit.state\":[]}'),(107,109,261,262,6,'com_content.article.11','Cradle Mountain','{\"core.delete\":[],\"core.edit\":[],\"core.edit.state\":[]}'),(108,53,250,259,5,'com_content.category.72','Animals','{\"core.create\":[],\"core.delete\":[],\"core.edit\":[],\"core.edit.state\":[]}'),(109,53,260,269,5,'com_content.category.73','Scenery','{\"core.create\":[],\"core.delete\":[],\"core.edit\":[],\"core.edit.state\":[]}'),(110,95,156,157,7,'com_content.article.12','Custom HTML Module','{\"core.delete\":[],\"core.edit\":[],\"core.edit.state\":[]}'),(111,54,281,282,4,'com_content.article.13','Directions','{\"core.delete\":[],\"core.edit\":[],\"core.edit.state\":[]}'),(112,50,205,206,6,'com_content.article.14','Editors','{\"core.delete\":[],\"core.edit\":[],\"core.edit.state\":[]}'),(113,50,207,208,6,'com_content.article.15','Editors-xtd','{\"core.delete\":[],\"core.edit\":[],\"core.edit.state\":[]}'),(114,95,158,159,7,'com_content.article.16','Feed Display','{\"core.delete\":[],\"core.edit\":[],\"core.edit.state\":[]}'),(115,52,244,245,5,'com_content.article.17','First Blog Post','{\"core.delete\":[],\"core.edit\":[],\"core.edit.state\":[]}'),(116,52,246,247,5,'com_content.article.18','Second Blog Post','{\"core.delete\":[],\"core.edit\":[],\"core.edit.state\":[]}'),(117,95,160,161,7,'com_content.article.19','Footer Module','{\"core.delete\":[],\"core.edit\":[],\"core.edit.state\":[]}'),(118,54,283,284,4,'com_content.article.20','Fruit Shop','{\"core.delete\":[],\"core.edit\":[],\"core.edit.state\":[]}'),(119,44,221,222,4,'com_content.article.21','Getting Help','{\"core.delete\":[],\"core.edit\":[],\"core.edit.state\":[]}'),(120,44,223,224,4,'com_content.article.22','Getting Started','{\"core.delete\":[],\"core.edit\":[],\"core.edit.state\":[]}'),(121,55,276,277,5,'com_content.article.23','Happy Orange Orchard','{\"core.delete\":[],\"core.edit\":[],\"core.edit.state\":[]}'),(122,44,225,226,4,'com_content.article.24','Joomla!','{\"core.delete\":[],\"core.edit\":[],\"core.edit.state\":[]}'),(123,108,251,252,6,'com_content.article.25','Koala','{\"core.delete\":[],\"core.edit\":[],\"core.edit.state\":[]}'),(124,96,168,169,7,'com_content.article.26','Language Switcher','{\"core.delete\":[],\"core.edit\":[],\"core.edit.state\":[]}'),(125,93,136,137,7,'com_content.article.27','Latest Articles Module','{\"core.delete\":[],\"core.edit\":[],\"core.edit.state\":[]}'),(126,94,146,147,7,'com_content.article.28','Login Module','{\"core.delete\":[],\"core.edit\":[],\"core.edit.state\":[]}'),(127,166,182,183,7,'com_content.article.29','Menu Module','{\"core.delete\":[],\"core.edit\":[],\"core.edit.state\":[]}'),(128,93,138,139,7,'com_content.article.30','Most Read Content','{\"core.delete\":[],\"core.edit\":[],\"core.edit.state\":[]}'),(129,93,140,141,7,'com_content.article.31','News Flash','{\"core.delete\":[],\"core.edit\":[],\"core.edit.state\":[]}'),(130,44,227,228,4,'com_content.article.32','Parameters','{\"core.delete\":[],\"core.edit\":[],\"core.edit.state\":[]}'),(131,108,253,254,6,'com_content.article.33','Phyllopteryx','{\"core.delete\":[],\"core.edit\":[],\"core.edit.state\":[]}'),(132,109,263,264,6,'com_content.article.34','Pinnacles','{\"core.delete\":[],\"core.edit\":[],\"core.edit.state\":[]}'),(133,44,229,230,4,'com_content.article.35','Professionals','{\"core.delete\":[],\"core.edit\":[],\"core.edit.state\":[]}'),(134,95,162,163,7,'com_content.article.36','Random Image Module','{\"core.delete\":[],\"core.edit\":[],\"core.edit.state\":[]}'),(135,93,142,143,7,'com_content.article.37','Related Items Module','{\"core.delete\":[],\"core.edit\":[],\"core.edit.state\":[]}'),(136,44,231,232,4,'com_content.article.38','Sample Sites','{\"core.delete\":[],\"core.edit\":[],\"core.edit.state\":[]}'),(137,46,119,120,6,'com_content.article.39','Search','{\"core.delete\":[],\"core.edit\":[],\"core.edit.state\":[]}'),(138,96,170,171,7,'com_content.article.40','Search Module','{\"core.delete\":[],\"core.edit\":[],\"core.edit.state\":[]}'),(139,50,209,210,6,'com_content.article.41','Search ','{\"core.delete\":[],\"core.edit\":[],\"core.edit.state\":[]}'),(140,39,288,289,3,'com_content.article.42','Site Map','{\"core.delete\":[],\"core.edit\":[],\"core.edit.state\":[]}'),(141,108,255,256,6,'com_content.article.43','Spotted Quoll','{\"core.delete\":[],\"core.edit\":[],\"core.edit.state\":[]}'),(142,96,172,173,7,'com_content.article.44','Statistics Module','{\"core.delete\":[],\"core.edit\":[],\"core.edit.state\":[]}'),(143,96,174,175,7,'com_content.article.45','Syndicate Module','{\"core.delete\":[],\"core.edit\":[],\"core.edit.state\":[]}'),(144,50,211,212,6,'com_content.article.46','System','{\"core.delete\":[],\"core.edit\":[],\"core.edit.state\":[]}'),(145,44,233,234,4,'com_content.article.47','The Joomla! Community','{\"core.delete\":[],\"core.edit\":[],\"core.edit.state\":[]}'),(146,44,235,236,4,'com_content.article.48','The Joomla! Project','{\"core.delete\":[],\"core.edit\":[],\"core.edit.state\":[]}'),(147,48,197,198,6,'com_content.article.49','Typography','{\"core.delete\":[],\"core.edit\":[],\"core.edit.state\":[]}'),(148,44,237,238,4,'com_content.article.50','Upgraders','{\"core.delete\":[],\"core.edit\":[],\"core.edit.state\":[]}'),(149,50,213,214,6,'com_content.article.51','User','{\"core.delete\":[],\"core.edit\":[],\"core.edit.state\":[]}'),(150,46,121,122,6,'com_content.article.52','Users','{\"core.delete\":[],\"core.edit\":[],\"core.edit.state\":[]}'),(151,44,239,240,4,'com_content.article.53','Using Joomla!','{\"core.delete\":[],\"core.edit\":[],\"core.edit.state\":[]}'),(152,46,123,124,6,'com_content.article.54','Weblinks','{\"core.delete\":[],\"core.edit\":[],\"core.edit.state\":[]}'),(153,95,164,165,7,'com_content.article.55','Weblinks Module','{\"core.delete\":[],\"core.edit\":[],\"core.edit.state\":[]}'),(154,94,148,149,7,'com_content.article.56','Who\'s Online','{\"core.delete\":[],\"core.edit\":[],\"core.edit.state\":[]}'),(155,108,257,258,6,'com_content.article.57','Wobbegone','{\"core.delete\":[],\"core.edit\":[],\"core.edit.state\":[]}'),(156,55,278,279,5,'com_content.article.58','Wonderful Watermelon','{\"core.delete\":[],\"core.edit\":[],\"core.edit.state\":[]}'),(157,96,176,177,7,'com_content.article.59','Wrapper Module','{\"core.delete\":[],\"core.edit\":[],\"core.edit.state\":[]}'),(158,46,125,126,6,'com_content.article.60','News Feeds','{\"core.delete\":[],\"core.edit\":[],\"core.edit.state\":[]}'),(159,166,184,185,7,'com_content.article.61','Breadcrumbs Module','{\"core.delete\":[],\"core.edit\":[],\"core.edit.state\":[]}'),(160,50,215,216,6,'com_content.article.62','Content','{\"core.delete\":[],\"core.edit\":[],\"core.edit.state\":[]}'),(162,109,265,266,6,'com_content.article.64','Blue Mountain Rain Forest','{\"core.delete\":[],\"core.edit\":[],\"core.edit.state\":[]}'),(163,109,267,268,6,'com_content.article.65','Ormiston Pound','{\"core.delete\":[],\"core.edit\":[],\"core.edit.state\":[]}'),(165,94,150,151,7,'com_content.article.66','Latest Users Module','{\"core.delete\":[],\"core.edit\":[],\"core.edit.state\":[]}'),(166,47,181,186,6,'com_content.category.75','Navigation Modules','{\"core.create\":[],\"core.delete\":[],\"core.edit\":[],\"core.edit.state\":[],\"core.edit.own\":[]}'),(167,54,285,286,4,'com_content.category.76','Recipes','{\"core.create\":{\"12\":1,\"10\":1},\"core.delete\":[],\"core.edit\":[],\"core.edit.state\":[],\"core.edit.own\":{\"12\":1,\"10\":1}}'),(168,34,106,107,3,'com_content.article.67','What\'s New in 1.5?','{\"core.delete\":[],\"core.edit\":[],\"core.edit.state\":[]}'),(169,24,331,332,2,'com_users.notes.category.77','Uncategorised',''),(170,1,416,417,1,'com_virtuemart','virtuemart','{}'),(171,1,418,419,1,'com_virtuemart_allinone','virtuemart_allinone','{}');
/*!40000 ALTER TABLE `jos_assets` ENABLE KEYS */;
UNLOCK TABLES;

--
-- Table structure for table `jos_associations`
--

DROP TABLE IF EXISTS `jos_associations`;
/*!40101 SET @saved_cs_client     = @@character_set_client */;
/*!40101 SET character_set_client = utf8 */;
CREATE TABLE `jos_associations` (
  `id` varchar(50) NOT NULL COMMENT 'A reference to the associated item.',
  `context` varchar(50) NOT NULL COMMENT 'The context of the associated item.',
  `key` char(32) NOT NULL COMMENT 'The key for the association computed from an md5 on associated ids.',
  PRIMARY KEY (`context`,`id`),
  KEY `idx_key` (`key`)
) ENGINE=InnoDB DEFAULT CHARSET=utf8;
/*!40101 SET character_set_client = @saved_cs_client */;

--
-- Dumping data for table `jos_associations`
--

LOCK TABLES `jos_associations` WRITE;
/*!40000 ALTER TABLE `jos_associations` DISABLE KEYS */;
/*!40000 ALTER TABLE `jos_associations` ENABLE KEYS */;
UNLOCK TABLES;

--
-- Table structure for table `jos_banner_clients`
--

DROP TABLE IF EXISTS `jos_banner_clients`;
/*!40101 SET @saved_cs_client     = @@character_set_client */;
/*!40101 SET character_set_client = utf8 */;
CREATE TABLE `jos_banner_clients` (
  `id` int(11) NOT NULL AUTO_INCREMENT,
  `name` varchar(255) NOT NULL DEFAULT '',
  `contact` varchar(255) NOT NULL DEFAULT '',
  `email` varchar(255) NOT NULL DEFAULT '',
  `extrainfo` text NOT NULL,
  `state` tinyint(3) NOT NULL DEFAULT '0',
  `checked_out` int(10) unsigned NOT NULL DEFAULT '0',
  `checked_out_time` datetime NOT NULL DEFAULT '0000-00-00 00:00:00',
  `metakey` text NOT NULL,
  `own_prefix` tinyint(4) NOT NULL DEFAULT '0',
  `metakey_prefix` varchar(255) NOT NULL DEFAULT '',
  `purchase_type` tinyint(4) NOT NULL DEFAULT '-1',
  `track_clicks` tinyint(4) NOT NULL DEFAULT '-1',
  `track_impressions` tinyint(4) NOT NULL DEFAULT '-1',
  PRIMARY KEY (`id`),
  KEY `idx_own_prefix` (`own_prefix`),
  KEY `idx_metakey_prefix` (`metakey_prefix`)
) ENGINE=InnoDB AUTO_INCREMENT=4 DEFAULT CHARSET=utf8;
/*!40101 SET character_set_client = @saved_cs_client */;

--
-- Dumping data for table `jos_banner_clients`
--

LOCK TABLES `jos_banner_clients` WRITE;
/*!40000 ALTER TABLE `jos_banner_clients` DISABLE KEYS */;
INSERT INTO `jos_banner_clients` VALUES (1,'Joomla!','Administrator','email@email.com','',1,0,'0000-00-00 00:00:00','',0,'',-1,-1,-1),(2,'Shop','Example','example@example.com','',1,0,'0000-00-00 00:00:00','',0,'',-1,0,0),(3,'Bookstore','Bookstore Example','example@example.com','',1,0,'0000-00-00 00:00:00','',0,'',-1,0,0);
/*!40000 ALTER TABLE `jos_banner_clients` ENABLE KEYS */;
UNLOCK TABLES;

--
-- Table structure for table `jos_banner_tracks`
--

DROP TABLE IF EXISTS `jos_banner_tracks`;
/*!40101 SET @saved_cs_client     = @@character_set_client */;
/*!40101 SET character_set_client = utf8 */;
CREATE TABLE `jos_banner_tracks` (
  `track_date` datetime NOT NULL,
  `track_type` int(10) unsigned NOT NULL,
  `banner_id` int(10) unsigned NOT NULL,
  `count` int(10) unsigned NOT NULL DEFAULT '0',
  PRIMARY KEY (`track_date`,`track_type`,`banner_id`),
  KEY `idx_track_date` (`track_date`),
  KEY `idx_track_type` (`track_type`),
  KEY `idx_banner_id` (`banner_id`)
) ENGINE=InnoDB DEFAULT CHARSET=utf8;
/*!40101 SET character_set_client = @saved_cs_client */;

--
-- Dumping data for table `jos_banner_tracks`
--

LOCK TABLES `jos_banner_tracks` WRITE;
/*!40000 ALTER TABLE `jos_banner_tracks` DISABLE KEYS */;
INSERT INTO `jos_banner_tracks` VALUES ('2012-04-03 11:00:00',1,2,4),('2012-04-03 11:00:00',2,2,1);
/*!40000 ALTER TABLE `jos_banner_tracks` ENABLE KEYS */;
UNLOCK TABLES;

--
-- Table structure for table `jos_banners`
--

DROP TABLE IF EXISTS `jos_banners`;
/*!40101 SET @saved_cs_client     = @@character_set_client */;
/*!40101 SET character_set_client = utf8 */;
CREATE TABLE `jos_banners` (
  `id` int(11) NOT NULL AUTO_INCREMENT,
  `cid` int(11) NOT NULL DEFAULT '0',
  `type` int(11) NOT NULL DEFAULT '0',
  `name` varchar(255) NOT NULL DEFAULT '',
  `alias` varchar(255) CHARACTER SET utf8 COLLATE utf8_bin NOT NULL DEFAULT '',
  `imptotal` int(11) NOT NULL DEFAULT '0',
  `impmade` int(11) NOT NULL DEFAULT '0',
  `clicks` int(11) NOT NULL DEFAULT '0',
  `clickurl` varchar(200) NOT NULL DEFAULT '',
  `state` tinyint(3) NOT NULL DEFAULT '0',
  `catid` int(10) unsigned NOT NULL DEFAULT '0',
  `description` text NOT NULL,
  `custombannercode` varchar(2048) NOT NULL,
  `sticky` tinyint(1) unsigned NOT NULL DEFAULT '0',
  `ordering` int(11) NOT NULL DEFAULT '0',
  `metakey` text NOT NULL,
  `params` text NOT NULL,
  `own_prefix` tinyint(1) NOT NULL DEFAULT '0',
  `metakey_prefix` varchar(255) NOT NULL DEFAULT '',
  `purchase_type` tinyint(4) NOT NULL DEFAULT '-1',
  `track_clicks` tinyint(4) NOT NULL DEFAULT '-1',
  `track_impressions` tinyint(4) NOT NULL DEFAULT '-1',
  `checked_out` int(10) unsigned NOT NULL DEFAULT '0',
  `checked_out_time` datetime NOT NULL DEFAULT '0000-00-00 00:00:00',
  `publish_up` datetime NOT NULL DEFAULT '0000-00-00 00:00:00',
  `publish_down` datetime NOT NULL DEFAULT '0000-00-00 00:00:00',
  `reset` datetime NOT NULL DEFAULT '0000-00-00 00:00:00',
  `created` datetime NOT NULL DEFAULT '0000-00-00 00:00:00',
  `language` char(7) NOT NULL DEFAULT '',
  PRIMARY KEY (`id`),
  KEY `idx_state` (`state`),
  KEY `idx_own_prefix` (`own_prefix`),
  KEY `idx_metakey_prefix` (`metakey_prefix`),
  KEY `idx_banner_catid` (`catid`),
  KEY `idx_language` (`language`)
) ENGINE=InnoDB AUTO_INCREMENT=5 DEFAULT CHARSET=utf8;
/*!40101 SET character_set_client = @saved_cs_client */;

--
-- Dumping data for table `jos_banners`
--

LOCK TABLES `jos_banners` WRITE;
/*!40000 ALTER TABLE `jos_banners` DISABLE KEYS */;
INSERT INTO `jos_banners` VALUES (2,1,0,'Shop 1','shop-1',0,317,2,'http://www.demolink.net',1,15,'Product oure shop.','',1,1,'','{\"imageurl\":\"images\\/banners\\/banner1.jpg\",\"width\":240,\"height\":262,\"alt\":\"Product Shop\"}',0,'',-1,0,0,0,'0000-00-00 00:00:00','0000-00-00 00:00:00','0000-00-00 00:00:00','0000-00-00 00:00:00','2011-01-01 00:00:01','en-GB'),(3,1,0,'Shop 2','shop-2',0,1025,2,'http://www.demolink.net',1,15,'T Shirts, caps and more from the Joomla! Shop.','',1,2,'','{\"imageurl\":\"images\\/banners\\/banner2.jpg\",\"width\":240,\"height\":129,\"alt\":\"Shop\"}',0,'',-1,0,0,0,'0000-00-00 00:00:00','0000-00-00 00:00:00','0000-00-00 00:00:00','0000-00-00 00:00:00','2011-01-01 00:00:01','en-GB'),(4,1,0,'Support Joomla!','support-joomla',0,143,1,'http://contribute.joomla.org',1,15,'Your contributions of time, talent and money make Joomla! possible.','',0,3,'','{\"imageurl\":\"images\\/banners\\/white.png\",\"width\":\"\",\"height\":\"\",\"alt\":\"\"}',0,'',-1,0,0,0,'0000-00-00 00:00:00','0000-00-00 00:00:00','0000-00-00 00:00:00','0000-00-00 00:00:00','0000-00-00 00:00:00','en-GB');
/*!40000 ALTER TABLE `jos_banners` ENABLE KEYS */;
UNLOCK TABLES;

--
-- Table structure for table `jos_categories`
--

DROP TABLE IF EXISTS `jos_categories`;
/*!40101 SET @saved_cs_client     = @@character_set_client */;
/*!40101 SET character_set_client = utf8 */;
CREATE TABLE `jos_categories` (
  `id` int(11) NOT NULL AUTO_INCREMENT,
  `asset_id` int(10) unsigned NOT NULL DEFAULT '0' COMMENT 'FK to the #__assets table.',
  `parent_id` int(10) unsigned NOT NULL DEFAULT '0',
  `lft` int(11) NOT NULL DEFAULT '0',
  `rgt` int(11) NOT NULL DEFAULT '0',
  `level` int(10) unsigned NOT NULL DEFAULT '0',
  `path` varchar(255) NOT NULL DEFAULT '',
  `extension` varchar(50) NOT NULL DEFAULT '',
  `title` varchar(255) NOT NULL,
  `alias` varchar(255) CHARACTER SET utf8 COLLATE utf8_bin NOT NULL DEFAULT '',
  `note` varchar(255) NOT NULL DEFAULT '',
  `description` mediumtext NOT NULL,
  `published` tinyint(1) NOT NULL DEFAULT '0',
  `checked_out` int(11) unsigned NOT NULL DEFAULT '0',
  `checked_out_time` datetime NOT NULL DEFAULT '0000-00-00 00:00:00',
  `access` int(10) unsigned NOT NULL DEFAULT '0',
  `params` text NOT NULL,
  `metadesc` varchar(1024) NOT NULL COMMENT 'The meta description for the page.',
  `metakey` varchar(1024) NOT NULL COMMENT 'The meta keywords for the page.',
  `metadata` varchar(2048) NOT NULL COMMENT 'JSON encoded metadata properties.',
  `created_user_id` int(10) unsigned NOT NULL DEFAULT '0',
  `created_time` datetime NOT NULL DEFAULT '0000-00-00 00:00:00',
  `modified_user_id` int(10) unsigned NOT NULL DEFAULT '0',
  `modified_time` datetime NOT NULL DEFAULT '0000-00-00 00:00:00',
  `hits` int(10) unsigned NOT NULL DEFAULT '0',
  `language` char(7) NOT NULL,
  PRIMARY KEY (`id`),
  KEY `cat_idx` (`extension`,`published`,`access`),
  KEY `idx_access` (`access`),
  KEY `idx_checkout` (`checked_out`),
  KEY `idx_path` (`path`),
  KEY `idx_left_right` (`lft`,`rgt`),
  KEY `idx_alias` (`alias`),
  KEY `idx_language` (`language`)
) ENGINE=InnoDB AUTO_INCREMENT=78 DEFAULT CHARSET=utf8;
/*!40101 SET character_set_client = @saved_cs_client */;

--
-- Dumping data for table `jos_categories`
--

LOCK TABLES `jos_categories` WRITE;
/*!40000 ALTER TABLE `jos_categories` DISABLE KEYS */;
INSERT INTO `jos_categories` VALUES (1,0,0,0,135,0,'','system','ROOT','root','','',1,0,'0000-00-00 00:00:00',1,'{}','','','',0,'2011-01-01 00:00:01',0,'2011-01-01 00:00:01',0,'*'),(9,34,1,131,132,1,'uncategorised','com_content','Uncategorised','uncategorised','','',1,0,'0000-00-00 00:00:00',1,'{\"target\":\"\",\"image\":\"\"}','','','{\"page_title\":\"\",\"author\":\"\",\"robots\":\"\"}',42,'2011-01-01 00:00:01',42,'2011-01-01 00:00:01',0,'*'),(10,35,1,129,130,1,'uncategorised','com_banners','Uncategorised','uncategorised','','',1,0,'0000-00-00 00:00:00',1,'{\"target\":\"\",\"image\":\"\",\"foobar\":\"\"}','','','{\"page_title\":\"\",\"author\":\"\",\"robots\":\"\"}',42,'2011-01-01 00:00:01',0,'2011-01-01 00:00:01',0,'*'),(11,36,1,125,126,1,'uncategorised','com_contact','Uncategorised','uncategorised','','',1,0,'0000-00-00 00:00:00',1,'{\"target\":\"\",\"image\":\"\"}','','','{\"page_title\":\"\",\"author\":\"\",\"robots\":\"\"}',42,'2011-01-01 00:00:01',0,'2011-01-01 00:00:01',0,'*'),(12,37,1,61,62,1,'uncategorised','com_newsfeeds','Uncategorised','uncategorised','','',1,0,'0000-00-00 00:00:00',1,'{\"target\":\"\",\"image\":\"\"}','','','{\"page_title\":\"\",\"author\":\"\",\"robots\":\"\"}',42,'2011-01-01 00:00:01',0,'2011-01-01 00:00:01',0,'*'),(13,38,1,57,58,1,'uncategorised','com_weblinks','Uncategorised','uncategorised','','',1,0,'0000-00-00 00:00:00',1,'{\"target\":\"\",\"image\":\"\"}','','','{\"page_title\":\"\",\"author\":\"\",\"robots\":\"\"}',42,'2011-01-01 00:00:01',0,'2011-01-01 00:00:01',0,'*'),(14,39,1,9,56,1,'sample-data-articles','com_content','Sample Data-Articles','sample-data-articles','','',1,0,'0000-00-00 00:00:00',1,'{\"target\":\"\",\"image\":\"\"}','','','{\"page_title\":\"\",\"author\":\"\",\"robots\":\"\"}',42,'2011-01-01 00:00:01',0,'2011-01-01 00:00:01',0,'*'),(15,40,1,127,128,1,'sample-data-banners','com_banners','Sample Data-Banners','sample-data-banners','','',1,0,'0000-00-00 00:00:00',1,'{\"target\":\"\",\"image\":\"\",\"foobar\":\"\"}','','','{\"page_title\":\"\",\"author\":\"\",\"robots\":\"\"}',42,'2011-01-01 00:00:01',0,'2011-01-01 00:00:01',0,'*'),(16,41,1,63,124,1,'sample-data-contact','com_contact','Sample Data-Contact','sample-data-contact','','',1,0,'0000-00-00 00:00:00',1,'{\"target\":\"\",\"image\":\"\"}','','','{\"page_title\":\"\",\"author\":\"\",\"robots\":\"\"}',42,'2011-01-01 00:00:01',0,'2011-01-01 00:00:01',0,'*'),(17,42,1,59,60,1,'sample-data-newsfeeds','com_newsfeeds','Sample Data-Newsfeeds','sample-data-newsfeeds','','',1,0,'0000-00-00 00:00:00',1,'{\"target\":\"\",\"image\":\"\"}','','','{\"page_title\":\"\",\"author\":\"\",\"robots\":\"\"}',42,'2011-01-01 00:00:01',0,'2011-01-01 00:00:01',0,'*'),(18,43,1,1,8,1,'sample-data-weblinks','com_weblinks','Sample Data-Weblinks','sample-data-weblinks','','',1,0,'0000-00-00 00:00:00',1,'{\"target\":\"\",\"image\":\"\"}','','','{\"page_title\":\"\",\"author\":\"\",\"robots\":\"\"}',42,'2011-01-01 00:00:01',0,'2011-01-01 00:00:01',0,'*'),(19,44,14,10,39,2,'sample-data-articles/joomla','com_content','Joomla!','joomla','','',1,0,'0000-00-00 00:00:00',1,'{\"target\":\"\",\"image\":\"\"}','','','{\"page_title\":\"\",\"author\":\"\",\"robots\":\"\"}',42,'2011-01-01 00:00:01',42,'2011-01-01 00:00:01',0,'*'),(20,45,19,11,38,3,'sample-data-articles/joomla/extensions','com_content','Extensions','extensions','','<p>The Joomla! content management system lets you create webpages of various types using extensions. There are 5 basic types of extensions: components, modules, templates, languages, and plugins. Your website includes the extensions you need to create a basic website in English, but thousands of additional extensions of all types are available. The <a href=\"http://extensions.joomla.org\" style=\"color: #1b57b1; text-decoration: none; font-weight: normal;\">Joomla! Extensions Directory</a> is the largest directory of Joomla! extensions.</p>',1,0,'0000-00-00 00:00:00',1,'{\"target\":\"\",\"image\":\"\"}','','','{\"page_title\":\"\",\"author\":\"\",\"robots\":\"\"}',42,'2011-01-01 00:00:01',42,'2011-01-01 00:00:01',0,'*'),(21,46,20,12,13,4,'sample-data-articles/joomla/extensions/components','com_content','Components','components','','<p><img src=\"administrator/templates/bluestork/images/header/icon-48-component.png\" class=\"image-left\" alt=\"Component Image\" />Components are larger extensions that produce the major content for your site. Each component has one or more \"views\" that control how content is displayed.In the Joomla! administrator there are additional extensions such as Menus, Redirection, and the extension managers.</p>',1,0,'0000-00-00 00:00:00',1,'{\"target\":\"\",\"image\":\"\"}','','','{\"page_title\":\"\",\"author\":\"\",\"robots\":\"\"}',42,'2011-01-01 00:00:01',42,'2011-01-01 00:00:01',0,'*'),(22,47,20,14,25,4,'sample-data-articles/joomla/extensions/modules','com_content','Modules','modules','','<p><img src=\"administrator/templates/bluestork/images/header/icon-48-module.png\" alt=\"Media Image\" class=\"image-left\" />Modules are small blocks of content that can be displayed in positions on a web page. The menus on this site are displayed in modules. The core of Joomla! includes 17 separate modules ranging from login to search to random images. Each module has a name that starts mod_ but when it displays it has a title. In the descriptions in this section, the titles are the same as the names.</p>',1,0,'0000-00-00 00:00:00',1,'{\"target\":\"\",\"image\":\"\"}','','','{\"page_title\":\"\",\"author\":\"\",\"robots\":\"\"}',42,'2011-01-01 00:00:01',42,'2011-01-01 00:00:01',0,'*'),(23,48,20,26,33,4,'sample-data-articles/joomla/extensions/templates','com_content','Templates','templates','','<p><img src=\"administrator/templates/bluestork/images/header/icon-48-themes.png\" border=\"0\" alt=\"Media Image\" align=\"left\" />Templates give your site its look and feel. They determine layout, colors, type faces, graphics and other aspects of design that make your site unique. Your installation of Joomla comes prepackaged with three front end templates and two backend templates. <a href=\"http://help.joomla.org/proxy/index.php?option=com_help&keyref=Help16:Extensions_Template_Manager_Templates\">Help</a></p>',1,0,'0000-00-00 00:00:00',1,'{\"category_layout\":\"\",\"image\":\"\"}','','','{\"author\":\"\",\"robots\":\"\"}',42,'2011-01-01 00:00:01',42,'2011-09-17 18:21:49',0,'*'),(24,49,20,34,35,4,'sample-data-articles/joomla/extensions/languages','com_content','Languages','languages','','<p><img src=\"administrator/templates/bluestork/images/header/icon-48-language.png\" border=\"0\" alt=\"Languages Image\" align=\"left\" />Joomla! installs in English, but translations of the interfaces, sample data and help screens are available in dozens of languages. <a href=\"http://help.joomla.org/proxy/index.php?option=com_help&keyref=Help16:Extensions_Language_Manager_Installed\">Help</a></p>\r\n<p><a href=\"http://community.joomla.org/translations.html\">Translation information</a></p>\r\n<p>If there is no language pack available for your language, instructions are available for creating your own translation, which you can also contribute to the community by starting a translation team to create an accredited translation.</p>\r\n<p>Translations of the interfaces are installed using the extensions manager in the site administrator and then managed using the language manager.</p>\r\n<p>If you have two or more languages installed you may enable the language switcher plugin and module. They should always be used together. If you create multilingual content and mark your content, menu items or modules as in specific languages and follow <a href=\"http://docs.joomla.org/Language_Switcher_Tutorial_for_Joomla_1.6\">the complete instructions</a> your users will be able to select a specific content language using the module. By default both the plugin and module are disabled.</p>\r\n<p>There are a number of extensions that can help you manage translations of content available in the<a href=\"http://extensions.joomla.org\"> Joomla! Extensions Directory</a>.</p>',1,0,'0000-00-00 00:00:00',1,'{\"category_layout\":\"\",\"image\":\"\"}','','','{\"author\":\"\",\"robots\":\"\"}',42,'2011-01-01 00:00:01',42,'2011-01-10 04:07:45',0,'*'),(25,50,20,36,37,4,'sample-data-articles/joomla/extensions/plugins','com_content','Plugins','plugins','','<p><img src=\"administrator/templates/bluestork/images/header/icon-48-plugin.png\" border=\"0\" alt=\"Plugin Image\" align=\"left\" />Plugins are small task oriented extensions that enhance the Joomla! framework. Some are associated with particular extensions and others, such as editors, are used across all of Joomla!. Most beginning users do not need to change any of the plugins that install with Joomla!. <a href=\"http://help.joomla.org/proxy/index.php?option=com_help&keyref=Help16:Extensions_Plugin_Manager_Edit\">Help</a></p>',1,0,'0000-00-00 00:00:00',1,'{\"category_layout\":\"\",\"image\":\"\"}','','','{\"author\":\"\",\"robots\":\"\"}',42,'2011-01-01 00:00:01',42,'2011-01-10 04:05:05',0,'*'),(26,51,14,40,49,2,'sample-data-articles/park-site','com_content','Park Site','park-site','','',1,0,'0000-00-00 00:00:00',1,'{\"target\":\"\",\"image\":\"\"}','','','{\"page_title\":\"\",\"author\":\"\",\"robots\":\"\"}',42,'2011-01-01 00:00:01',42,'2011-01-01 00:00:01',0,'en-GB'),(27,52,26,41,42,3,'sample-data-articles/park-site/park-blog','com_content','Park Blog','park-blog','','<p><span style=\"font-size: 12px;\">Here is where I will blog all about the parks of Australia.</span></p>\r\n<p><em>You can make a blog on your website by creating a category to write you blog posts in (this one is called Park Blog). Each blog post will be an article in that category. If you make a category blog menu link with 1 column it will look like this page, if you display the category description (this part) displayed. </em></p>\r\n<p><em>To enhance your blog you may want to add  extensions for <a href=\"http://extensions.joomla.org/extensions/contacts-and-feedback/articles-comments\" style=\"color: #1b57b1; text-decoration: none; font-weight: normal;\">comments</a>,<a href=\"http://extensions.joomla.org/extensions/social-web\" style=\"color: #1b57b1; text-decoration: none; font-weight: normal;\"> interacting with social network sites</a>, <a href=\"http://extensions.joomla.org/extensions/content-sharing\" style=\"color: #1b57b1; text-decoration: none; font-weight: normal;\">tagging</a>, and <a href=\"http://extensions.joomla.org/extensions/content-sharing\" style=\"color: #1b57b1; text-decoration: none; font-weight: normal;\">keeping in contact with your readers</a>.   You will also enable the syndication that is included in Joomla! (in the Integration Options set Show Feed Link to Show an make sure to display the syndication module on the page).</em></p>',1,0,'0000-00-00 00:00:00',1,'{\"category_layout\":\"\",\"image\":\"images\\/sampledata\\/parks\\/banner_cradle.jpg\"}','','','{\"author\":\"\",\"robots\":\"\"}',42,'2011-01-01 00:00:01',42,'2011-01-01 00:00:01',0,'en-GB'),(28,53,26,43,48,3,'sample-data-articles/park-site/photo-gallery','com_content','Photo Gallery','photo-gallery','','<p><img src=\"images/sampledata/parks/banner_cradle.jpg\" border=\"0\" /></p>\r\n<p>These are my photos from parks I have visited (I didn\'t take them, they are all from <a href=\"http://commons.wikimedia.org/wiki/Main_Page\">Wikimedia Commons</a>).</p>\r\n<p><em>This shows you how to make a simple image gallery using articles in com_content. </em></p>\r\n<p><em>In each article put a thumbnail image before a \"readmore\" and the full size image after it. Set the article to Show Intro Text: Hide. </em></p>',1,0,'0000-00-00 00:00:00',1,'{\"target\":\"\",\"image\":\"\"}','','','{\"page_title\":\"\",\"author\":\"\",\"robots\":\"\"}',42,'2011-01-01 00:00:01',42,'2011-01-01 00:00:01',0,'en-GB'),(29,54,14,50,55,2,'sample-data-articles/fruit-shop-site','com_content','Fruit Shop Site','fruit-shop-site','','',1,0,'0000-00-00 00:00:00',1,'{\"target\":\"\",\"image\":\"\"}','','','{\"page_title\":\"\",\"author\":\"\",\"robots\":\"\"}',42,'2011-01-01 00:00:01',42,'2011-01-01 00:00:01',0,'*'),(30,55,29,51,52,3,'sample-data-articles/fruit-shop-site/growers','com_content','Growers','growers','','<p>We search the whole countryside for the best fruit growers.</p>\r\n<p><em>You can let each supplier have a page that he or she can edit. To see this in action you will need to create a users who is in the suppliers group.  <br />Create one page in the growers category for that user and make that supplier the author of the page.  That user will be able to edit his or her page. </em></p>\r\n<p><em>This illustrates the use of the Edit Own permission. </em></p>',1,0,'0000-00-00 00:00:00',1,'{\"category_layout\":\"\",\"image\":\"\"}','','','{\"author\":\"\",\"robots\":\"\"}',42,'2011-01-01 00:00:01',42,'2011-01-01 00:00:01',0,'*'),(31,56,18,2,3,2,'sample-data-weblinks/park-links','com_weblinks','Park Links','park-links','','<p>Here are links to some of my favorite parks.</p>\r\n<p><em>The weblinks component provides an easy way to make links to external sites that are consistently formatted and categorised. You can create weblinks from the front end of your site.</em></p>',1,0,'0000-00-00 00:00:00',1,'{\"category_layout\":\"\",\"image\":\"images\\/sampledata\\/parks\\/banner_cradle.jpg\"}','','','{\"author\":\"\",\"robots\":\"\"}',42,'2011-01-01 00:00:01',42,'2011-01-01 00:00:01',0,'en-GB'),(32,57,18,4,7,2,'sample-data-weblinks/joomla-specific-links','com_weblinks','Joomla! Specific Links','joomla-specific-links','','<p><div style=\"font-family: Tahoma, Helvetica, Arial, sans-serif; font-size: 76%; background-color: #ffffff; background-image: initial; background-attachment: initial; background-origin: initial; background-clip: initial; line-height: 1.3em; color: #333333;\"><p>A selection of links that are all related to the Joomla! Project.</p></div></p>',1,0,'0000-00-00 00:00:00',1,'{\"target\":\"\",\"image\":\"\"}','','','{\"page_title\":\"\",\"author\":\"\",\"robots\":\"\"}',42,'2011-01-01 00:00:01',0,'2011-01-01 00:00:01',0,'*'),(33,58,32,5,6,3,'sample-data-weblinks/joomla-specific-links/other-resources','com_weblinks','Other Resources','other-resources','','',1,0,'0000-00-00 00:00:00',1,'{\"target\":\"\",\"image\":\"\"}','','','{\"page_title\":\"\",\"author\":\"\",\"robots\":\"\"}',42,'2011-01-01 00:00:01',0,'2011-01-01 00:00:01',0,'*'),(34,59,16,64,65,2,'sample-data-contact/park-site','com_contact','Park Site','park-site','','',1,0,'0000-00-00 00:00:00',1,'{\"target\":\"\",\"image\":\"\"}','','','{\"page_title\":\"\",\"author\":\"\",\"robots\":\"\"}',42,'2011-01-01 00:00:01',42,'2011-01-01 00:00:01',0,'en-GB'),(35,60,16,66,123,2,'sample-data-contact/shop-site','com_contact','Shop Site','shop-site','','',1,0,'0000-00-00 00:00:00',1,'{\"target\":\"\",\"image\":\"\"}','','','{\"page_title\":\"\",\"author\":\"\",\"robots\":\"\"}',42,'2011-01-01 00:00:01',0,'2011-01-01 00:00:01',0,'*'),(36,61,35,67,68,3,'sample-data-contact/shop-site/staff','com_contact','Staff','staff','','<p>Please feel free to contact our staff at any time should you need assistance.</p>',1,0,'0000-00-00 00:00:00',1,'{\"target\":\"\",\"image\":\"\"}','','','{\"page_title\":\"\",\"author\":\"\",\"robots\":\"\"}',42,'2011-01-01 00:00:01',0,'2011-01-01 00:00:01',0,'*'),(37,62,35,69,122,3,'sample-data-contact/shop-site/fruit-encyclopedia','com_contact','Fruit Encyclopedia','fruit-encyclopedia','','<p> </p><p>Our directory of information about different kinds of fruit.</p><p>We love fruit and want the world to know more about all of its many varieties.</p><p>Although it is small now, we work on it whenever we have a chance.</p><p>All of the images can be found in <a href=\"http://commons.wikimedia.org/wiki/Main_Page\">Wikimedia Commons</a>.</p><p><img src=\"images/sampledata/fruitshop/apple.jpg\" border=\"0\" alt=\"Apples\" title=\"Apples\" /></p><p><em>This encyclopedia is implemented using the contact component, each fruit a separate contact and a category for each letter. A CSS style is used to create the horizontal layout of the alphabet headings. </em></p><p><em>If you wanted to, you could allow some users (such as your growers) to have access to just this category in the contact component and let them help you to create new content for the encyclopedia.</em></p><p> </p>',1,0,'0000-00-00 00:00:00',1,'{\"target\":\"\",\"image\":\"\"}','','','{\"page_title\":\"\",\"author\":\"\",\"robots\":\"\"}',42,'2011-01-01 00:00:01',0,'2011-01-01 00:00:01',0,'*'),(38,63,37,70,71,4,'sample-data-contact/shop-site/fruit-encyclopedia/a','com_contact','A','a','','',1,0,'0000-00-00 00:00:00',1,'{\"target\":\"\",\"image\":\"\"}','','','{\"page_title\":\"\",\"author\":\"\",\"robots\":\"\"}',42,'2011-01-01 00:00:01',0,'2011-01-01 00:00:01',0,'*'),(39,64,37,72,73,4,'sample-data-contact/shop-site/fruit-encyclopedia/b','com_contact','B','b','','',1,0,'0000-00-00 00:00:00',1,'{\"target\":\"\",\"image\":\"\"}','','','{\"page_title\":\"\",\"author\":\"\",\"robots\":\"\"}',42,'2011-01-01 00:00:01',0,'2011-01-01 00:00:01',0,'*'),(40,65,37,74,75,4,'sample-data-contact/shop-site/fruit-encyclopedia/c','com_contact','C','c','','',1,0,'0000-00-00 00:00:00',1,'{\"target\":\"\",\"image\":\"\"}','','','{\"page_title\":\"\",\"author\":\"\",\"robots\":\"\"}',42,'2011-01-01 00:00:01',0,'2011-01-01 00:00:01',0,'*'),(41,66,37,76,77,4,'sample-data-contact/shop-site/fruit-encyclopedia/d','com_contact','D','d','','',1,0,'0000-00-00 00:00:00',1,'{\"target\":\"\",\"image\":\"\"}','','','{\"page_title\":\"\",\"author\":\"\",\"robots\":\"\"}',42,'2011-01-01 00:00:01',0,'2011-01-01 00:00:01',0,'*'),(42,67,37,78,79,4,'sample-data-contact/shop-site/fruit-encyclopedia/e','com_contact','E','e','','',0,0,'0000-00-00 00:00:00',1,'{\"target\":\"\",\"image\":\"\"}','','','{\"page_title\":\"\",\"author\":\"\",\"robots\":\"\"}',42,'2011-01-01 00:00:01',0,'2011-01-01 00:00:01',0,'*'),(43,68,37,80,81,4,'sample-data-contact/shop-site/fruit-encyclopedia/f','com_contact','F','f','','',1,0,'0000-00-00 00:00:00',1,'{\"target\":\"\",\"image\":\"\"}','','','{\"page_title\":\"\",\"author\":\"\",\"robots\":\"\"}',42,'2011-01-01 00:00:01',0,'2011-01-01 00:00:01',0,'*'),(44,69,37,82,83,4,'sample-data-contact/shop-site/fruit-encyclopedia/g','com_contact','G','g','','',1,0,'0000-00-00 00:00:00',1,'{\"target\":\"\",\"image\":\"\"}','','','{\"page_title\":\"\",\"author\":\"\",\"robots\":\"\"}',42,'2011-01-01 00:00:01',0,'2011-01-01 00:00:01',0,'*'),(45,70,37,84,85,4,'sample-data-contact/shop-site/fruit-encyclopedia/h','com_contact','H','h','','',0,0,'0000-00-00 00:00:00',1,'{\"target\":\"\",\"image\":\"\"}','','','{\"page_title\":\"\",\"author\":\"\",\"robots\":\"\"}',42,'2011-01-01 00:00:01',0,'2011-01-01 00:00:01',0,'*'),(46,71,37,86,87,4,'sample-data-contact/shop-site/fruit-encyclopedia/i','com_contact','I','i','','',1,0,'0000-00-00 00:00:00',1,'{\"target\":\"\",\"image\":\"\"}','','','{\"page_title\":\"\",\"author\":\"\",\"robots\":\"\"}',42,'2011-01-01 00:00:01',0,'2011-01-01 00:00:01',0,'*'),(47,72,37,88,89,4,'sample-data-contact/shop-site/fruit-encyclopedia/j','com_contact','J','j','','',1,0,'0000-00-00 00:00:00',1,'{\"target\":\"\",\"image\":\"\"}','','','{\"page_title\":\"\",\"author\":\"\",\"robots\":\"\"}',42,'2011-01-01 00:00:01',0,'2011-01-01 00:00:01',0,'*'),(48,73,37,90,91,4,'sample-data-contact/shop-site/fruit-encyclopedia/k','com_contact','K','k','','',1,0,'0000-00-00 00:00:00',1,'{\"target\":\"\",\"image\":\"\"}','','','{\"page_title\":\"\",\"author\":\"\",\"robots\":\"\"}',42,'2011-01-01 00:00:01',0,'2011-01-01 00:00:01',0,'*'),(49,74,37,92,93,4,'sample-data-contact/shop-site/fruit-encyclopedia/l','com_contact','L','l','','',1,0,'0000-00-00 00:00:00',1,'{\"target\":\"\",\"image\":\"\"}','','','{\"page_title\":\"\",\"author\":\"\",\"robots\":\"\"}',42,'2011-01-01 00:00:01',0,'2011-01-01 00:00:01',0,'*'),(50,75,37,94,95,4,'sample-data-contact/shop-site/fruit-encyclopedia/m','com_contact','M','m','','',1,0,'0000-00-00 00:00:00',1,'{\"target\":\"\",\"image\":\"\"}','','','{\"page_title\":\"\",\"author\":\"\",\"robots\":\"\"}',42,'2011-01-01 00:00:01',0,'2011-01-01 00:00:01',0,'*'),(51,76,37,96,97,4,'sample-data-contact/shop-site/fruit-encyclopedia/n','com_contact','N','n','','',1,0,'0000-00-00 00:00:00',1,'{\"target\":\"\",\"image\":\"\"}','','','{\"page_title\":\"\",\"author\":\"\",\"robots\":\"\"}',42,'2011-01-01 00:00:01',0,'2011-01-01 00:00:01',0,'*'),(52,77,37,98,99,4,'sample-data-contact/shop-site/fruit-encyclopedia/o','com_contact','O','o','','',1,0,'0000-00-00 00:00:00',1,'{\"target\":\"\",\"image\":\"\"}','','','{\"page_title\":\"\",\"author\":\"\",\"robots\":\"\"}',42,'2011-01-01 00:00:01',0,'2011-01-01 00:00:01',0,'*'),(53,78,37,100,101,4,'sample-data-contact/shop-site/fruit-encyclopedia/p','com_contact','P','p','','',1,0,'0000-00-00 00:00:00',1,'{\"target\":\"\",\"image\":\"\"}','','','{\"page_title\":\"\",\"author\":\"\",\"robots\":\"\"}',42,'2011-01-01 00:00:01',0,'2011-01-01 00:00:01',0,'*'),(54,79,37,102,103,4,'sample-data-contact/shop-site/fruit-encyclopedia/q','com_contact','Q','q','','',1,0,'0000-00-00 00:00:00',1,'{\"target\":\"\",\"image\":\"\"}','','','{\"page_title\":\"\",\"author\":\"\",\"robots\":\"\"}',42,'2011-01-01 00:00:01',0,'2011-01-01 00:00:01',0,'*'),(55,80,37,104,105,4,'sample-data-contact/shop-site/fruit-encyclopedia/r','com_contact','R','r','','',1,0,'0000-00-00 00:00:00',1,'{\"target\":\"\",\"image\":\"\"}','','','{\"page_title\":\"\",\"author\":\"\",\"robots\":\"\"}',42,'2011-01-01 00:00:01',0,'2011-01-01 00:00:01',0,'*'),(56,81,37,106,107,4,'sample-data-contact/shop-site/fruit-encyclopedia/s','com_contact','S','s','','',1,0,'0000-00-00 00:00:00',1,'{\"target\":\"\",\"image\":\"\"}','','','{\"page_title\":\"\",\"author\":\"\",\"robots\":\"\"}',42,'2011-01-01 00:00:01',0,'2011-01-01 00:00:01',0,'*'),(57,82,37,108,109,4,'sample-data-contact/shop-site/fruit-encyclopedia/t','com_contact','T','t','','',1,0,'0000-00-00 00:00:00',1,'{\"target\":\"\",\"image\":\"\"}','','','{\"page_title\":\"\",\"author\":\"\",\"robots\":\"\"}',42,'2011-01-01 00:00:01',0,'2011-01-01 00:00:01',0,'*'),(58,83,37,110,111,4,'sample-data-contact/shop-site/fruit-encyclopedia/u','com_contact','U','u','','',1,0,'0000-00-00 00:00:00',1,'{\"target\":\"\",\"image\":\"\"}','','','{\"page_title\":\"\",\"author\":\"\",\"robots\":\"\"}',42,'2011-01-01 00:00:01',0,'2011-01-01 00:00:01',0,'*'),(59,84,37,112,113,4,'sample-data-contact/shop-site/fruit-encyclopedia/v','com_contact','V','v','','',1,0,'0000-00-00 00:00:00',1,'{\"target\":\"\",\"image\":\"\"}','','','{\"page_title\":\"\",\"author\":\"\",\"robots\":\"\"}',42,'2011-01-01 00:00:01',0,'2011-01-01 00:00:01',0,'*'),(60,85,37,114,115,4,'sample-data-contact/shop-site/fruit-encyclopedia/w','com_contact','W','w','','',1,0,'0000-00-00 00:00:00',1,'{\"target\":\"\",\"image\":\"\"}','','','{\"page_title\":\"\",\"author\":\"\",\"robots\":\"\"}',42,'2011-01-01 00:00:01',0,'2011-01-01 00:00:01',0,'*'),(61,86,37,116,117,4,'sample-data-contact/shop-site/fruit-encyclopedia/x','com_contact','X','x','','',1,0,'0000-00-00 00:00:00',1,'{\"target\":\"\",\"image\":\"\"}','','','{\"page_title\":\"\",\"author\":\"\",\"robots\":\"\"}',42,'2011-01-01 00:00:01',0,'2011-01-01 00:00:01',0,'*'),(62,87,37,118,119,4,'sample-data-contact/shop-site/fruit-encyclopedia/y','com_contact','Y','y','','',1,0,'0000-00-00 00:00:00',1,'{\"target\":\"\",\"image\":\"\"}','','','{\"page_title\":\"\",\"author\":\"\",\"robots\":\"\"}',42,'2011-01-01 00:00:01',0,'2011-01-01 00:00:01',0,'*'),(63,88,37,120,121,4,'sample-data-contact/shop-site/fruit-encyclopedia/z','com_contact','Z','z','','',1,0,'0000-00-00 00:00:00',1,'{\"target\":\"\",\"image\":\"\"}','','','{\"page_title\":\"\",\"author\":\"\",\"robots\":\"\"}',42,'2011-01-01 00:00:01',0,'2011-01-01 00:00:01',0,'*'),(64,93,22,15,16,5,'sample-data-articles/joomla/extensions/modules/articles-modules','com_content','Content Modules','articles-modules','','<p>Content modules display article and other information from the content component.</p>',1,0,'0000-00-00 00:00:00',1,'{\"target\":\"\",\"image\":\"\"}','','','{\"page_title\":\"\",\"author\":\"\",\"robots\":\"\"}',42,'2011-01-01 00:00:01',42,'2011-01-01 00:00:01',0,'*'),(65,94,22,17,18,5,'sample-data-articles/joomla/extensions/modules/user-modules','com_content','User Modules','user-modules','','<p>User modules interact with the user system, allowing users to login, showing who is logged in, and showing the most recently registered users.</p>',1,0,'0000-00-00 00:00:00',1,'{\"target\":\"\",\"image\":\"\"}','','','{\"page_title\":\"\",\"author\":\"\",\"robots\":\"\"}',42,'2011-01-01 00:00:01',0,'2011-01-01 00:00:01',0,'*'),(66,95,22,19,20,5,'sample-data-articles/joomla/extensions/modules/display-modules','com_content','Display Modules','display-modules','','<p>These modules display information from components other than content and user. These include weblinks, news feeds and the media manager.</p>',1,0,'0000-00-00 00:00:00',1,'{\"target\":\"\",\"image\":\"\"}','','','{\"page_title\":\"\",\"author\":\"\",\"robots\":\"\"}',42,'2011-01-01 00:00:01',0,'2011-01-01 00:00:01',0,'*'),(67,96,22,21,22,5,'sample-data-articles/joomla/extensions/modules/utility-modules','com_content','Utility Modules','utility-modules','','<p>Utility modules provide useful functionality such as search, syndication, and statistics.</p>',1,0,'0000-00-00 00:00:00',1,'{\"target\":\"\",\"image\":\"\"}','','','{\"page_title\":\"\",\"author\":\"\",\"robots\":\"\"}',42,'2011-01-01 00:00:01',0,'2011-01-01 00:00:01',0,'*'),(68,97,23,31,32,5,'sample-data-articles/joomla/extensions/templates/atomic','com_content','Atomic','atomic','','<p>Atomic is a minimal template designed to be a skeleton for making your own template and to learn about Joomla! templating.</p>\r\n<p><img src=\"templates/atomic/template_thumbnail.png\" border=\"0\" alt=\"The Atomic Template\" style=\"border: 0; float: right;\" /></p>\r\n<p> </p>\r\n<ul>\r\n<li><a href=\"index.php?Itemid=285\">Home Page</a></li>\r\n<li><a href=\"index.php?Itemid=316\">Typography</a></li>\r\n</ul>\r\n<p> </p>\r\n<p> </p>\r\n<p><br /><br /></p>',1,0,'0000-00-00 00:00:00',1,'{\"category_layout\":\"\",\"image\":\"\"}','','','{\"author\":\"\",\"robots\":\"\"}',42,'2011-01-01 00:00:01',42,'2011-01-01 00:00:01',0,'*'),(69,98,23,27,28,5,'sample-data-articles/joomla/extensions/templates/beez-20','com_content','Beez 20','beez-20','','<p><img src=\"templates/beez_20/template_thumbnail.png\" border=\"0\" alt=\"Beez_20 thumbnail\" align=\"right\" style=\"float: right;\" /></p>\r\n<p>Beez 2.0 is a versatile, easy to customize template that works for a variety of sites. It meets major accessibility standards and demonstrates a range of css and javascript techniques. It is the default template that installs with Joomla!</p>\r\n<ul>\r\n<li><a href=\"index.php?Itemid=424\">Home Page</a></li>\r\n<li><a href=\"index.php?Itemid=423\">Typography</a></li>\r\n</ul>',1,0,'0000-00-00 00:00:00',1,'{\"category_layout\":\"\",\"image\":\"\"}','','','{\"author\":\"\",\"robots\":\"\"}',42,'2011-01-01 00:00:01',42,'2011-01-01 00:00:01',0,'*'),(70,99,23,29,30,5,'sample-data-articles/joomla/extensions/templates/beez5','com_content','Beez5','beez5','','<p><img src=\"templates/beez5/template_thumbnail.png\" border=\"0\" alt=\"Beez5 Thumbnail\" align=\"right\" style=\"float: right;\" /></p>\r\n<p> </p>\r\n<p>Beez 5 is an html5 implementation of a Joomla! template. It uses a number of html5 techniques to enhance the presentation of a site. It is used as the template for the Fruit Shop sample site.</p>\r\n<ul>\r\n<li><a href=\"index.php?Itemid=458\">Home Page</a></li>\r\n<li><a href=\"index.php?Itemid=457\">Typography</a></li>\r\n</ul>',1,0,'0000-00-00 00:00:00',1,'{\"category_layout\":\"\",\"image\":\"\"}','','','{\"author\":\"\",\"robots\":\"\"}',42,'2011-01-01 00:00:01',42,'2011-01-01 00:00:01',0,'*'),(72,108,28,44,45,4,'sample-data-articles/park-site/photo-gallery/animals','com_content','Animals','animals','','',1,0,'0000-00-00 00:00:00',1,'{\"target\":\"\",\"image\":\"\"}','','','{\"page_title\":\"\",\"author\":\"\",\"robots\":\"\"}',42,'2011-01-01 00:00:01',42,'2011-01-01 00:00:01',0,'en-GB'),(73,109,28,46,47,4,'sample-data-articles/park-site/photo-gallery/scenery','com_content','Scenery','scenery','','',1,0,'0000-00-00 00:00:00',1,'{\"target\":\"\",\"image\":\"\"}','','','{\"page_title\":\"\",\"author\":\"\",\"robots\":\"\"}',42,'2011-01-01 00:00:01',42,'2011-01-01 00:00:01',0,'en-GB'),(75,166,22,23,24,5,'sample-data-articles/joomla/extensions/modules/navigation-modules','com_content','Navigation Modules','navigation-modules','','<p>Navigation modules help your visitors move through your site and find what they need.</p>\r\n<p>Menus provide your site with structure and help your visitors navigate your site.  Although they are all based on the same menu module, the variety of ways menus are used in the sample data show how flexible this module is.</p>\r\n<p>A menu can range from extremely simple (for example the top menu or the menu for the Australian Parks sample site) to extremely complex (for example the About Joomla! menu with its many levels). They can also be used for other types of presentation such as the site map linked from the \"This Site\" menu.</p>\r\n<p>Breadcrumbs provide users with information about where they are in a site.</p>',1,0,'0000-00-00 00:00:00',1,'{\"category_layout\":\"\",\"image\":\"\"}','','','{\"author\":\"\",\"robots\":\"\"}',42,'2011-01-01 00:00:01',42,'2011-01-01 00:00:01',0,'*'),(76,167,29,53,54,3,'sample-data-articles/fruit-shop-site/recipes','com_content','Recipes','recipes','','<p>Customers and suppliers can post their favorite recipes for fruit here.</p>\r\n<p>A good idea is to promote the use of metadata keywords to make finding other recipes for the same fruit easier.</p>\r\n<p><em>To see this in action, create a user assigned to the customer group and a user assigned to the suppliers group. These users will be able to create their own recipe pages and edit those pages. The will not be able to edit other users\' pages.</em><br /><br /></p>',1,0,'0000-00-00 00:00:00',1,'{\"category_layout\":\"\",\"image\":\"\"}','','','{\"author\":\"\",\"robots\":\"\"}',42,'2011-01-01 00:00:01',42,'2011-01-01 00:00:01',0,'*'),(77,175,1,133,134,1,'about-shop','com_content','About Shop','about-shop','','',1,0,'0000-00-00 00:00:00',1,'{\"category_layout\":\"\",\"image\":\"\"}','','','{\"author\":\"\",\"robots\":\"\"}',42,'2012-01-11 08:10:25',0,'0000-00-00 00:00:00',0,'*');
/*!40000 ALTER TABLE `jos_categories` ENABLE KEYS */;
UNLOCK TABLES;

--
-- Table structure for table `jos_contact_details`
--

DROP TABLE IF EXISTS `jos_contact_details`;
/*!40101 SET @saved_cs_client     = @@character_set_client */;
/*!40101 SET character_set_client = utf8 */;
CREATE TABLE `jos_contact_details` (
  `id` int(11) NOT NULL AUTO_INCREMENT,
  `name` varchar(255) NOT NULL DEFAULT '',
  `alias` varchar(255) CHARACTER SET utf8 COLLATE utf8_bin NOT NULL DEFAULT '',
  `con_position` varchar(255) DEFAULT NULL,
  `address` text,
  `suburb` varchar(100) DEFAULT NULL,
  `state` varchar(100) DEFAULT NULL,
  `country` varchar(100) DEFAULT NULL,
  `postcode` varchar(100) DEFAULT NULL,
  `telephone` varchar(255) DEFAULT NULL,
  `fax` varchar(255) DEFAULT NULL,
  `misc` mediumtext,
  `image` varchar(255) DEFAULT NULL,
  `imagepos` varchar(20) DEFAULT NULL,
  `email_to` varchar(255) DEFAULT NULL,
  `default_con` tinyint(1) unsigned NOT NULL DEFAULT '0',
  `published` tinyint(1) NOT NULL DEFAULT '0',
  `checked_out` int(10) unsigned NOT NULL DEFAULT '0',
  `checked_out_time` datetime NOT NULL DEFAULT '0000-00-00 00:00:00',
  `ordering` int(11) NOT NULL DEFAULT '0',
  `params` text NOT NULL,
  `user_id` int(11) NOT NULL DEFAULT '0',
  `catid` int(11) NOT NULL DEFAULT '0',
  `access` int(10) unsigned NOT NULL DEFAULT '0',
  `mobile` varchar(255) NOT NULL DEFAULT '',
  `webpage` varchar(255) NOT NULL DEFAULT '',
  `sortname1` varchar(255) NOT NULL,
  `sortname2` varchar(255) NOT NULL,
  `sortname3` varchar(255) NOT NULL,
  `language` char(7) NOT NULL,
  `created` datetime NOT NULL DEFAULT '0000-00-00 00:00:00',
  `created_by` int(10) unsigned NOT NULL DEFAULT '0',
  `created_by_alias` varchar(255) NOT NULL DEFAULT '',
  `modified` datetime NOT NULL DEFAULT '0000-00-00 00:00:00',
  `modified_by` int(10) unsigned NOT NULL DEFAULT '0',
  `metakey` text NOT NULL,
  `metadesc` text NOT NULL,
  `metadata` text NOT NULL,
  `featured` tinyint(3) unsigned NOT NULL DEFAULT '0' COMMENT 'Set if article is featured.',
  `xreference` varchar(50) NOT NULL COMMENT 'A reference to enable linkages to external data sets.',
  `publish_up` datetime NOT NULL DEFAULT '0000-00-00 00:00:00',
  `publish_down` datetime NOT NULL DEFAULT '0000-00-00 00:00:00',
  PRIMARY KEY (`id`),
  KEY `idx_access` (`access`),
  KEY `idx_checkout` (`checked_out`),
  KEY `idx_state` (`published`),
  KEY `idx_catid` (`catid`),
  KEY `idx_createdby` (`created_by`),
  KEY `idx_featured_catid` (`featured`,`catid`),
  KEY `idx_language` (`language`),
  KEY `idx_xreference` (`xreference`)
) ENGINE=InnoDB AUTO_INCREMENT=9 DEFAULT CHARSET=utf8;
/*!40101 SET character_set_client = @saved_cs_client */;

--
-- Dumping data for table `jos_contact_details`
--

LOCK TABLES `jos_contact_details` WRITE;
/*!40000 ALTER TABLE `jos_contact_details` DISABLE KEYS */;
INSERT INTO `jos_contact_details` VALUES (1,'Contact Name Here','name','Position','Street Address','Address: 13 Queen Street ','State: Maryland ','Country: USA','Zip Code: 50122','Telephone: +354 5635600','Fax: +354 5635610','<p>Information about or by the contact.</p>','images/powered_by.png','top','email@email.com',1,1,0,'0000-00-00 00:00:00',1,'{\"show_contact_category\":\"\",\"show_contact_list\":\"\",\"presentation_style\":\"\",\"show_name\":\"\",\"show_position\":\"\",\"show_email\":\"\",\"show_street_address\":\"\",\"show_suburb\":\"\",\"show_state\":\"\",\"show_postcode\":\"\",\"show_country\":\"\",\"show_telephone\":\"\",\"show_mobile\":\"\",\"show_fax\":\"\",\"show_webpage\":\"\",\"show_misc\":\"\",\"show_image\":\"\",\"allow_vcard\":\"\",\"show_articles\":\"\",\"show_profile\":\"\",\"show_links\":\"0\",\"linka_name\":\"Twitter\",\"linka\":\"http:\\/\\/twitter.com\\/joomla\",\"linkb_name\":\"YouTube\",\"linkb\":\"http:\\/\\/www.youtube.com\\/user\\/joomla\",\"linkc_name\":\"Facebook\",\"linkc\":\"http:\\/\\/www.facebook.com\\/joomla\",\"linkd_name\":\"FriendFeed\",\"linkd\":\"http:\\/\\/friendfeed.com\\/joomla\",\"linke_name\":\"Scribed\",\"linke\":\"http:\\/\\/www.scribd.com\\/people\\/view\\/504592-joomla\",\"contact_layout\":\"\",\"show_email_form\":\"\",\"show_email_copy\":\"\",\"banned_email\":\"\",\"banned_subject\":\"\",\"banned_text\":\"\",\"validate_session\":\"\",\"custom_reply\":\"\",\"redirect\":\"\"}',0,16,1,'Mobile: +354 5635610','','last','first','middle','en-GB','2011-01-01 00:00:01',0,'','2012-01-11 09:39:08',42,'','','{\"robots\":\"\",\"rights\":\"\"}',1,'','0000-00-00 00:00:00','0000-00-00 00:00:00'),(2,'Webmaster','webmaster','','','','','','','','','','',NULL,'webmaster@example.com',0,1,0,'0000-00-00 00:00:00',1,'{\"show_contact_category\":\"\",\"show_contact_list\":\"\",\"presentation_style\":\"\",\"show_name\":\"\",\"show_position\":\"\",\"show_email\":\"\",\"show_street_address\":\"\",\"show_suburb\":\"\",\"show_state\":\"\",\"show_postcode\":\"\",\"show_country\":\"\",\"show_telephone\":\"\",\"show_mobile\":\"\",\"show_fax\":\"\",\"show_webpage\":\"\",\"show_misc\":\"\",\"show_image\":\"\",\"allow_vcard\":\"\",\"show_articles\":\"\",\"show_profile\":\"\",\"show_links\":\"\",\"linka_name\":\"\",\"linka\":\"\",\"linkb_name\":\"\",\"linkb\":\"\",\"linkc_name\":\"\",\"linkc\":\"\",\"linkd_name\":\"\",\"linkd\":\"\",\"linke_name\":\"\",\"linke\":\"\",\"show_email_form\":\"1\",\"show_email_copy\":\"1\",\"banned_email\":\"\",\"banned_subject\":\"\",\"banned_text\":\"\",\"validate_session\":\"1\",\"custom_reply\":\"\",\"redirect\":\"\"}',0,34,1,'','','','','','en-GB','2011-01-01 00:00:01',0,'','2011-01-01 00:00:01',42,'','','{\"robots\":\"\",\"rights\":\"\"}',1,'','0000-00-00 00:00:00','0000-00-00 00:00:00'),(3,'Owner','owner','','','','','','','','','<p>I\'m the owner of this store.</p>','',NULL,'',0,1,0,'0000-00-00 00:00:00',2,'{\"show_contact_category\":\"\",\"show_contact_list\":\"\",\"presentation_style\":\"\",\"show_name\":\"\",\"show_position\":\"\",\"show_email\":\"\",\"show_street_address\":\"\",\"show_suburb\":\"\",\"show_state\":\"\",\"show_postcode\":\"\",\"show_country\":\"\",\"show_telephone\":\"\",\"show_mobile\":\"\",\"show_fax\":\"\",\"show_webpage\":\"\",\"show_misc\":\"\",\"show_image\":\"\",\"allow_vcard\":\"\",\"show_articles\":\"\",\"show_profile\":\"\",\"show_links\":\"\",\"linka_name\":\"\",\"linka\":\"\",\"linkb_name\":\"\",\"linkb\":\"\",\"linkc_name\":\"\",\"linkc\":\"\",\"linkd_name\":\"\",\"linkd\":\"\",\"linke_name\":\"\",\"linke\":\"\",\"show_email_form\":\"\",\"show_email_copy\":\"\",\"banned_email\":\"\",\"banned_subject\":\"\",\"banned_text\":\"\",\"validate_session\":\"\",\"custom_reply\":\"\",\"redirect\":\"\"}',0,36,1,'','','','','','*','2011-01-01 00:00:01',0,'','2011-01-01 00:00:01',42,'','','{\"robots\":\"\",\"rights\":\"\"}',1,'','0000-00-00 00:00:00','0000-00-00 00:00:00'),(4,'Buyer','buyer','','','','','','','','','<p>I am in charge of buying fruit. If you sell good fruit, contact me.</p>','',NULL,'',0,1,0,'0000-00-00 00:00:00',1,'{\"show_contact_category\":\"\",\"show_contact_list\":\"\",\"presentation_style\":\"\",\"show_name\":\"\",\"show_position\":\"\",\"show_email\":\"\",\"show_street_address\":\"\",\"show_suburb\":\"\",\"show_state\":\"\",\"show_postcode\":\"\",\"show_country\":\"\",\"show_telephone\":\"\",\"show_mobile\":\"\",\"show_fax\":\"\",\"show_webpage\":\"\",\"show_misc\":\"\",\"show_image\":\"\",\"allow_vcard\":\"\",\"show_articles\":\"\",\"show_profile\":\"\",\"show_links\":\"0\",\"linka_name\":\"\",\"linka\":\"\",\"linkb_name\":\"\",\"linkb\":\"\",\"linkc_name\":\"\",\"linkc\":\"\",\"linkd_name\":\"\",\"linkd\":\"\",\"linke_name\":\"\",\"linke\":\"\",\"show_email_form\":\"\",\"show_email_copy\":\"\",\"banned_email\":\"\",\"banned_subject\":\"\",\"banned_text\":\"\",\"validate_session\":\"\",\"custom_reply\":\"\",\"redirect\":\"\"}',0,36,1,'','','','','','*','2011-01-01 00:00:01',0,'','2011-01-01 00:00:01',42,'','','{\"robots\":\"\",\"rights\":\"\"}',1,'','0000-00-00 00:00:00','0000-00-00 00:00:00'),(5,'Bananas','bananas','Scientific Name: Musa','Image Credit: Enzik\r\nRights: Creative Commons Share Alike Unported 3.0\r\nSource: http://commons.wikimedia.org/wiki/File:Bananas_-_Morocco.jpg','','Type: Herbaceous','Large Producers: India, China, Brasil','','','','<p>Bananas are a great source of potassium.</p>\r\n<p> </p>','images/sampledata/fruitshop/bananas_2.jpg',NULL,'',0,1,0,'0000-00-00 00:00:00',1,'{\"show_contact_category\":\"show_with_link\",\"show_contact_list\":\"\",\"presentation_style\":\"plain\",\"show_name\":\"\",\"show_position\":\"1\",\"show_email\":\"\",\"show_street_address\":\"\",\"show_suburb\":\"\",\"show_state\":\"1\",\"show_postcode\":\"\",\"show_country\":\"1\",\"show_telephone\":\"\",\"show_mobile\":\"\",\"show_fax\":\"\",\"show_webpage\":\"\",\"show_misc\":\"\",\"show_image\":\"\",\"allow_vcard\":\"\",\"show_articles\":\"\",\"show_profile\":\"\",\"show_links\":\"1\",\"linka_name\":\"Wikipedia: Banana English\",\"linka\":\"http:\\/\\/en.wikipedia.org\\/wiki\\/Banana\",\"linkb_name\":\"Wikipedia:  \\u0939\\u093f\\u0928\\u094d\\u0926\\u0940 \\u0915\\u0947\\u0932\\u093e\",\"linkb\":\"http:\\/\\/hi.wikipedia.org\\/wiki\\/%E0%A4%95%E0%A5%87%E0%A4%B2%E0%A4%BE\",\"linkc_name\":\"Wikipedia:Banana Portugu\\u00eas\",\"linkc\":\"http:\\/\\/pt.wikipedia.org\\/wiki\\/Banana\",\"linkd_name\":\"Wikipedia: \\u0411\\u0430\\u043d\\u0430\\u043d  \\u0420\\u0443\\u0441\\u0441\\u043a\\u0438\\u0439\",\"linkd\":\"http:\\/\\/ru.wikipedia.org\\/\\u0411\\u0430\\u043d\\u0430\\u043d\",\"linke_name\":\"\",\"linke\":\"\",\"contact_layout\":\"beez5:encyclopedia\"}',0,39,1,'','','','','','*','2011-01-01 00:00:01',0,'','2011-01-01 00:00:01',42,'','','{\"robots\":\"\",\"rights\":\"\"}',0,'','0000-00-00 00:00:00','0000-00-00 00:00:00'),(6,'Apples','apples','Scientific Name: Malus domestica','Image Credit: Fievet\r\nRights: Public Domain\r\nSource: http://commons.wikimedia.org/wiki/File:Pommes_vertes.JPG','','Family: Rosaceae','Large: Producers: China, United States','','','','<p>Apples are a versatile fruit, used for eating, cooking, and preserving.</p>\r\n<p>There are more that 7500 different kinds of apples grown around the world.</p>','images/sampledata/fruitshop/apple.jpg',NULL,'',0,1,0,'0000-00-00 00:00:00',1,'{\"show_contact_category\":\"\",\"show_contact_list\":\"\",\"presentation_style\":\"plain\",\"show_name\":\"\",\"show_position\":\"\",\"show_email\":\"\",\"show_street_address\":\"\",\"show_suburb\":\"\",\"show_state\":\"\",\"show_postcode\":\"\",\"show_country\":\"\",\"show_telephone\":\"\",\"show_mobile\":\"\",\"show_fax\":\"\",\"show_webpage\":\"\",\"show_misc\":\"\",\"show_image\":\"\",\"allow_vcard\":\"\",\"show_articles\":\"\",\"show_profile\":\"\",\"show_links\":\"1\",\"linka_name\":\"Wikipedia: Apples English\",\"linka\":\"http:\\/\\/en.wikipedia.org\\/wiki\\/Apple\",\"linkb_name\":\"Wikipedia: Manzana Espa\\u00f1ol \",\"linkb\":\"http:\\/\\/es.wikipedia.org\\/wiki\\/Manzana\",\"linkc_name\":\"Wikipedia: \\u82f9\\u679c \\u4e2d\\u6587\",\"linkc\":\"http:\\/\\/zh.wikipedia.org\\/zh\\/\\u82f9\\u679c\",\"linkd_name\":\"Wikipedia: Tofaa Kiswahili\",\"linkd\":\"http:\\/\\/sw.wikipedia.org\\/wiki\\/Tofaa\",\"linke_name\":\"\",\"linke\":\"\",\"contact_layout\":\"beez5:encyclopedia\"}',0,38,1,'','','','','','*','2011-01-01 00:00:01',0,'','2011-01-01 00:00:01',42,'','','{\"robots\":\"\",\"rights\":\"\"}',0,'','0000-00-00 00:00:00','0000-00-00 00:00:00'),(7,'Tamarind','tamarind','Scientific Name: Tamarindus indica','Image Credit: Franz Eugen Köhler, Köhler\'s Medizinal-Pflanzen \r\nRights: Public Domain\r\nSource:http://commons.wikimedia.org/wiki/File:Koeh-134.jpg','','Family: Fabaceae','Large Producers: India, United States','','','','<p>Tamarinds are a versatile fruit used around the world. In its young form it is used in hot sauces; ripened it is the basis for many refreshing drinks.</p>\r\n<p> </p>','images/sampledata/fruitshop/tamarind.jpg',NULL,'',0,1,0,'0000-00-00 00:00:00',1,'{\"show_contact_category\":\"\",\"show_contact_list\":\"\",\"presentation_style\":\"plain\",\"show_name\":\"\",\"show_position\":\"\",\"show_email\":\"\",\"show_street_address\":\"\",\"show_suburb\":\"\",\"show_state\":\"\",\"show_postcode\":\"\",\"show_country\":\"\",\"show_telephone\":\"\",\"show_mobile\":\"\",\"show_fax\":\"\",\"show_webpage\":\"\",\"show_misc\":\"\",\"show_image\":\"\",\"allow_vcard\":\"\",\"show_articles\":\"\",\"show_profile\":\"\",\"show_links\":\"1\",\"linka_name\":\"Wikipedia: Tamarind English\",\"linka\":\"http:\\/\\/en.wikipedia.org\\/wiki\\/Tamarind\",\"linkb_name\":\"Wikipedia: \\u09a4\\u09c7\\u0981\\u09a4\\u09c1\\u09b2  \\u09ac\\u09be\\u0982\\u09b2\\u09be  \",\"linkb\":\"http:\\/\\/bn.wikipedia.org\\/wiki\\/\\u09a4\\u09c7\\u0981\\u09a4\\u09c1\\u09b2 \",\"linkc_name\":\"Wikipedia: Tamarinier Fran\\u00e7ais\",\"linkc\":\"http:\\/\\/fr.wikipedia.org\\/wiki\\/Tamarinier\",\"linkd_name\":\"Wikipedia:Tamaline lea faka-Tonga\",\"linkd\":\"http:\\/\\/to.wikipedia.org\\/wiki\\/Tamaline\",\"linke_name\":\"\",\"linke\":\"\",\"contact_layout\":\"beez5:encyclopedia\"}',0,57,1,'','','','','','*','2011-01-01 00:00:01',0,'','2011-01-01 00:00:01',42,'','','{\"robots\":\"\",\"rights\":\"\"}',0,'','0000-00-00 00:00:00','0000-00-00 00:00:00'),(8,'Shop Address','shop-address','','','Our City','Our Province','Our Country','','555-555-5555','','<p>Here are directions for how to get to our shop.</p>','',NULL,'',0,1,0,'0000-00-00 00:00:00',1,'{\"show_contact_category\":\"\",\"show_contact_list\":\"\",\"presentation_style\":\"\",\"show_name\":\"\",\"show_position\":\"\",\"show_email\":\"\",\"show_street_address\":\"\",\"show_suburb\":\"\",\"show_state\":\"\",\"show_postcode\":\"\",\"show_country\":\"\",\"show_telephone\":\"\",\"show_mobile\":\"\",\"show_fax\":\"\",\"show_webpage\":\"\",\"show_misc\":\"\",\"show_image\":\"\",\"allow_vcard\":\"\",\"show_articles\":\"\",\"show_profile\":\"\",\"show_links\":\"\",\"linka_name\":\"\",\"linka\":\"\",\"linkb_name\":\"\",\"linkb\":\"\",\"linkc_name\":\"\",\"linkc\":\"\",\"linkd_name\":\"\",\"linkd\":\"\",\"linke_name\":\"\",\"linke\":\"\",\"show_email_form\":\"\",\"show_email_copy\":\"\",\"banned_email\":\"\",\"banned_subject\":\"\",\"banned_text\":\"\",\"validate_session\":\"\",\"custom_reply\":\"\",\"redirect\":\"\"}',0,35,1,'','','','','','*','2011-01-01 00:00:01',0,'','2011-01-01 00:00:01',42,'','','{\"robots\":\"\",\"rights\":\"\"}',1,'','0000-00-00 00:00:00','0000-00-00 00:00:00');
/*!40000 ALTER TABLE `jos_contact_details` ENABLE KEYS */;
UNLOCK TABLES;

--
-- Table structure for table `jos_content`
--

DROP TABLE IF EXISTS `jos_content`;
/*!40101 SET @saved_cs_client     = @@character_set_client */;
/*!40101 SET character_set_client = utf8 */;
CREATE TABLE `jos_content` (
  `id` int(10) unsigned NOT NULL AUTO_INCREMENT,
  `asset_id` int(10) unsigned NOT NULL DEFAULT '0' COMMENT 'FK to the #__assets table.',
  `title` varchar(255) NOT NULL DEFAULT '',
  `alias` varchar(255) CHARACTER SET utf8 COLLATE utf8_bin NOT NULL DEFAULT '',
  `title_alias` varchar(255) CHARACTER SET utf8 COLLATE utf8_bin NOT NULL DEFAULT '' COMMENT 'Deprecated in Joomla! 3.0',
  `introtext` mediumtext NOT NULL,
  `fulltext` mediumtext NOT NULL,
  `state` tinyint(3) NOT NULL DEFAULT '0',
  `sectionid` int(10) unsigned NOT NULL DEFAULT '0',
  `mask` int(10) unsigned NOT NULL DEFAULT '0',
  `catid` int(10) unsigned NOT NULL DEFAULT '0',
  `created` datetime NOT NULL DEFAULT '0000-00-00 00:00:00',
  `created_by` int(10) unsigned NOT NULL DEFAULT '0',
  `created_by_alias` varchar(255) NOT NULL DEFAULT '',
  `modified` datetime NOT NULL DEFAULT '0000-00-00 00:00:00',
  `modified_by` int(10) unsigned NOT NULL DEFAULT '0',
  `checked_out` int(10) unsigned NOT NULL DEFAULT '0',
  `checked_out_time` datetime NOT NULL DEFAULT '0000-00-00 00:00:00',
  `publish_up` datetime NOT NULL DEFAULT '0000-00-00 00:00:00',
  `publish_down` datetime NOT NULL DEFAULT '0000-00-00 00:00:00',
  `images` text NOT NULL,
  `urls` text NOT NULL,
  `attribs` varchar(5120) NOT NULL,
  `version` int(10) unsigned NOT NULL DEFAULT '1',
  `parentid` int(10) unsigned NOT NULL DEFAULT '0',
  `ordering` int(11) NOT NULL DEFAULT '0',
  `metakey` text NOT NULL,
  `metadesc` text NOT NULL,
  `access` int(10) unsigned NOT NULL DEFAULT '0',
  `hits` int(10) unsigned NOT NULL DEFAULT '0',
  `metadata` text NOT NULL,
  `featured` tinyint(3) unsigned NOT NULL DEFAULT '0' COMMENT 'Set if article is featured.',
  `language` char(7) NOT NULL COMMENT 'The language code for the article.',
  `xreference` varchar(50) NOT NULL COMMENT 'A reference to enable linkages to external data sets.',
  PRIMARY KEY (`id`),
  KEY `idx_access` (`access`),
  KEY `idx_checkout` (`checked_out`),
  KEY `idx_state` (`state`),
  KEY `idx_catid` (`catid`),
  KEY `idx_createdby` (`created_by`),
  KEY `idx_featured_catid` (`featured`,`catid`),
  KEY `idx_language` (`language`),
  KEY `idx_xreference` (`xreference`)
) ENGINE=InnoDB AUTO_INCREMENT=71 DEFAULT CHARSET=utf8;
/*!40101 SET character_set_client = @saved_cs_client */;

--
-- Dumping data for table `jos_content`
--

LOCK TABLES `jos_content` WRITE;
/*!40000 ALTER TABLE `jos_content` DISABLE KEYS */;
INSERT INTO `jos_content` VALUES (1,89,'Administrator Components','administrator-components','','<p>All components also are used in the administrator area of your website. In addition to the ones listed here, there are components in the administrator that do not have direct front end displays, but do help shape your site. The most important ones for most users are</p>\r\n<ul>\r\n<li>Media Manager</li>\r\n<li>Extensions Manager</li>\r\n<li>Menu Manager</li>\r\n<li>Global Configuration</li>\r\n<li>Banners</li>\r\n<li>Redirect</li>\r\n</ul>\r\n<hr title=\"Media Manager\" alt=\"Media Manager\" class=\"system-pagebreak\" style=\"color: gray; border: 1px dashed gray;\" />\r\n<p> </p>\r\n<h3>Media Manager</h3>\r\n<p>The media manager component lets you upload and insert images into content throughout your site. Optionally, you can enable the flash uploader which will allow you to to upload multiple images. <a href=\"http://help.joomla.org/proxy/index.php?option=com_help&amp;keyref=Help16:Content_Media_Manager\">Help</a></p>\r\n<hr title=\"Extensions Manager\" alt=\"Extensions Manager\" class=\"system-pagebreak\" style=\"color: gray; border: 1px dashed gray;\" />\r\n<h3>Extensions Manager</h3>\r\n<p>The extensions manager lets you install, update, uninstall and manage all of your extensions. The extensions manager has been extensively redesigned for Joomla! 1.6, although the core install and uninstall functionality remains the same as in Joomla 1.5. <a href=\"http://help.joomla.org/proxy/index.php?option=com_help&amp;keyref=Help16:Extensions_Extension_Manager_Install\">Help</a></p>\r\n<hr title=\"Menu Manager\" alt=\"Menu Manager\" class=\"system-pagebreak\" style=\"color: gray; border: 1px dashed gray;\" />\r\n<h3>Menu Manager</h3>\r\n<p>The menu manager lets you create the menus you see displayed on your site. It also allows you to assign modules and template styles to specific menu links. <a href=\"http://help.joomla.org/proxy/index.php?option=com_help&amp;keyref=Help16:Menus_Menu_Manager\">Help</a></p>\r\n<hr title=\"Global Configuration\" alt=\"Global Configuration\" class=\"system-pagebreak\" style=\"color: gray; border: 1px dashed gray;\" />\r\n<h3>Global Configuration</h3>\r\n<p>The global configuration is where the site administrator configures things such as whether search engine friendly urls are enabled, the site meta data (descriptive text used by search engines and indexers) and other functions. For many beginning users simply leaving the settings on default is a good way to begin, although when your site is ready for the public you will want to change the meta data to match its content. <a href=\"http://help.joomla.org/proxy/index.php?option=com_help&amp;keyref=Help16:Site_Global_Configuration\">Help</a></p>\r\n<hr title=\"Banners\" alt=\"Banners\" class=\"system-pagebreak\" style=\"color: gray; border: 1px dashed gray;\" />\r\n<h3>Banners</h3>\r\n<p>The banners component provides a simple way to display a rotating image in a module and, if you wish to have advertising, a way to track the number of times an image is viewed and clicked. <a href=\"http://help.joomla.org/proxy/index.php?option=com_help&amp;keyref=Help16:Components_Banners_Banners_Edit\">Help</a></p>\r\n<h3>\r\n<hr title=\"Redirect\" class=\"system-pagebreak\" />\r\n</h3>\r\n<h3><br />Redirect</h3>\r\n<p>The redirect component is used to manage broken links that produce Page Not Found (404) errors. If enabled it will allow you to redirect broken links to specific pages. It can also be used to manage migration related URL changes. <a href=\"http://help.joomla.org/proxy/index.php?option=com_help&amp;keyref=Help16:Components_Redirect_Manager\">Help</a></p>','',1,0,0,21,'2011-01-01 00:00:01',42,'Joomla!','2011-01-10 12:57:27',42,0,'0000-00-00 00:00:00','2011-01-01 00:00:01','0000-00-00 00:00:00','','','{\"show_title\":\"\",\"link_titles\":\"\",\"show_intro\":\"\",\"show_category\":\"\",\"link_category\":\"\",\"show_parent_category\":\"\",\"link_parent_category\":\"\",\"show_author\":\"\",\"link_author\":\"\",\"show_create_date\":\"\",\"show_modify_date\":\"\",\"show_publish_date\":\"\",\"show_item_navigation\":\"\",\"show_icons\":\"\",\"show_print_icon\":\"\",\"show_email_icon\":\"\",\"show_vote\":\"\",\"show_hits\":\"\",\"show_noauth\":\"\",\"alternative_readmore\":\"\",\"article_layout\":\"\"}',7,0,7,'','',1,2,'{\"robots\":\"\",\"author\":\"\",\"rights\":\"\",\"xreference\":\"\"}',0,'*',''),(2,90,'Archive Module','archive-module','','<p>This module shows a list of the calendar months containing archived articles. After you have changed the status of an article to archived, this list will be automatically generated. <a href=\"http://help.joomla.org/proxy/index.php?option=com_help&amp;keyref=Help16:Extensions_Module_Manager_Articles_Archive\" title=\"Archive Module\">Help</a></p>\r\n<div class=\"sample-module\">{loadmodule articles_archive,Archived Articles}</div>','',1,0,0,64,'2011-01-01 00:00:01',42,'Joomla!','2011-09-17 22:18:05',42,0,'0000-00-00 00:00:00','2011-01-01 00:00:01','0000-00-00 00:00:00','','','{\"show_title\":\"\",\"link_titles\":\"\",\"show_intro\":\"\",\"show_category\":\"\",\"link_category\":\"\",\"show_parent_category\":\"\",\"link_parent_category\":\"\",\"show_author\":\"\",\"link_author\":\"\",\"show_create_date\":\"\",\"show_modify_date\":\"\",\"show_publish_date\":\"\",\"show_item_navigation\":\"\",\"show_icons\":\"\",\"show_print_icon\":\"\",\"show_email_icon\":\"\",\"show_vote\":\"\",\"show_hits\":\"\",\"show_noauth\":\"\",\"page_title\":\"\",\"alternative_readmore\":\"\",\"layout\":\"\"}',5,0,5,'modules, content','',1,5,'{\"robots\":\"\",\"author\":\"\",\"rights\":\"\",\"xreference\":\"\"}',0,'*',''),(3,91,'Article Categories Module','article-categories-module','','<p>This module displays a list of categories from one parent category. <a href=\"http://help.joomla.org/proxy/index.php?option=com_help&amp;keyref=Help16:Extensions_Module_Manager_Articles_Categories\" title=\"Categories Module\">Help</a></p>\r\n<div class=\"sample-module\">{loadmodule articles_categories,Articles Categories}</div>\r\n<p> </p>','',1,0,0,64,'2011-01-01 00:00:01',42,'','2011-09-17 22:13:31',42,0,'0000-00-00 00:00:00','2011-01-01 00:00:01','0000-00-00 00:00:00','','','{\"show_title\":\"\",\"link_titles\":\"\",\"show_intro\":\"\",\"show_category\":\"\",\"link_category\":\"\",\"show_parent_category\":\"\",\"link_parent_category\":\"\",\"show_author\":\"\",\"link_author\":\"\",\"show_create_date\":\"\",\"show_modify_date\":\"\",\"show_publish_date\":\"\",\"show_item_navigation\":\"\",\"show_icons\":\"\",\"show_print_icon\":\"\",\"show_email_icon\":\"\",\"show_vote\":\"\",\"show_hits\":\"\",\"show_noauth\":\"\",\"page_title\":\"\",\"alternative_readmore\":\"\",\"layout\":\"\"}',5,0,6,'modules, content','',1,6,'{\"robots\":\"\",\"author\":\"\",\"rights\":\"\",\"xreference\":\"\"}',0,'*',''),(4,92,'Articles Category Module','articles-category-module','','<p>This module allows you to display the articles in a specific category. <a href=\"http://help.joomla.org/proxy/index.php?option=com_help&amp;keyref=Help16:Extensions_Module_Manager_Articles_Category\">Help</a></p>\r\n<div class=\"sample-module\">{loadmodule articles_category,Articles Category}</div>','',1,0,0,64,'2011-01-01 00:00:01',42,'Joomla!','2011-09-17 22:18:26',42,0,'0000-00-00 00:00:00','2011-01-01 00:00:01','0000-00-00 00:00:00','','','{\"show_title\":\"\",\"link_titles\":\"\",\"show_intro\":\"\",\"show_category\":\"\",\"link_category\":\"\",\"show_parent_category\":\"\",\"link_parent_category\":\"\",\"show_author\":\"\",\"link_author\":\"\",\"show_create_date\":\"\",\"show_modify_date\":\"\",\"show_publish_date\":\"\",\"show_item_navigation\":\"\",\"show_icons\":\"\",\"show_print_icon\":\"\",\"show_email_icon\":\"\",\"show_vote\":\"\",\"show_hits\":\"\",\"show_noauth\":\"\",\"page_title\":\"\",\"alternative_readmore\":\"\",\"layout\":\"\"}',8,0,7,'','articles,content',1,10,'{\"robots\":\"\",\"author\":\"\",\"rights\":\"\",\"xreference\":\"\"}',0,'*',''),(5,101,'Authentication','authentication','','<p>The authentication plugins operate when users login to your site or administrator. The Joomla! authentication is in operation by default but you can enable Gmail or LDAP or install a plugin for a different system. An example is included that may be used to create a new authentication plugin.</p>\r\n<p>Default on:</p>\r\n<ul>\r\n<li>Joomla <a href=\"http://help.joomla.org/proxy/index.php?option=com_help&amp;amp;keyref=Help17:Extensions_Plugin_Manager_Edit#Authentication_-_GMail\">Help</a></li>\r\n</ul>\r\n<p>Default off:</p>\r\n<ul>\r\n<li>Gmail <a href=\"http://help.joomla.org/proxy/index.php?option=com_help&amp;amp;keyref=Help17:Extensions_Plugin_Manager_Edit#Authentication_-_GMail\">Help</a></li>\r\n<li>LDAP <a href=\"http://help.joomla.org/proxy/index.php?option=com_help&amp;amp;keyref=Help17:Extensions_Plugin_Manager_Edit#Authentication_-_LDAP\">Help</a></li>\r\n</ul>','',1,0,0,25,'2011-01-01 00:00:01',42,'Joomla!','2011-09-06 06:15:21',42,0,'0000-00-00 00:00:00','2011-01-01 00:00:01','0000-00-00 00:00:00','','','{\"show_title\":\"\",\"link_titles\":\"\",\"show_intro\":\"\",\"show_category\":\"\",\"link_category\":\"\",\"show_parent_category\":\"\",\"link_parent_category\":\"\",\"show_author\":\"\",\"show_create_date\":\"\",\"show_modify_date\":\"\",\"show_publish_date\":\"\",\"show_readmore\":\"\",\"show_print_icon\":\"\",\"show_email_icon\":\"\",\"show_hits\":\"\",\"page_title\":\"\",\"alternative_readmore\":\"\",\"layout\":\"\"}',2,0,3,'','',1,1,'',0,'*',''),(6,102,'Australian Parks ','australian-parks','','<p><img src=\"images/sampledata/parks/banner_cradle.jpg\" border=\"0\" alt=\"Cradle Park Banner\" /></p>\r\n<p>Welcome!</p>\r\n<p>This is a basic site about the beautiful and fascinating parks of Australia.</p>\r\n<p>On this site you can read all about my travels to different parks, see photos, and find links to park websites.</p>\r\n<p><em>This sample site is an example of using the core of Joomla! to create a basic website, whether a \"brochure site,\"  a personal blog, or as a way to present information on a topic you are interested in.</em></p>\r\n<p><em> Read more about the site in the About Parks module.</em></p>\r\n<p> </p>','',1,0,0,26,'2011-01-01 00:00:01',42,'Parks Webmaster','2011-09-06 06:20:19',42,0,'0000-00-00 00:00:00','2011-01-01 00:00:01','0000-00-00 00:00:00','','','{\"show_title\":\"\",\"link_titles\":\"\",\"show_intro\":\"\",\"show_category\":\"\",\"link_category\":\"\",\"show_parent_category\":\"\",\"link_parent_category\":\"\",\"show_author\":\"\",\"link_author\":\"\",\"show_create_date\":\"\",\"show_modify_date\":\"\",\"show_publish_date\":\"\",\"show_item_navigation\":\"\",\"show_icons\":\"\",\"show_print_icon\":\"\",\"show_email_icon\":\"\",\"show_vote\":\"\",\"show_hits\":\"\",\"show_noauth\":\"\",\"alternative_readmore\":\"\",\"article_layout\":\"\"}',2,0,1,'','',1,1,'{\"robots\":\"\",\"author\":\"\",\"rights\":\"\",\"xreference\":\"\"}',0,'*',''),(7,103,'Banner Module','banner-module','','<p>The banner module is used to display the banners that are managed by the banners component in the site administrator. <a href=\"http://help.joomla.org/proxy/index.php?option=com_help&amp;keyref=Help16:Extensions_Module_Manager_Banners\">Help</a>.</p>\r\n<div class=\"sample-module\">{loadmodule banners,Banners}</div>','',1,0,0,66,'2011-01-01 00:00:01',42,'Joomla!','2011-09-17 22:32:58',42,0,'0000-00-00 00:00:00','2011-01-01 00:00:01','0000-00-00 00:00:00','','','{\"show_title\":\"\",\"link_titles\":\"\",\"show_intro\":\"\",\"show_category\":\"\",\"link_category\":\"\",\"show_parent_category\":\"\",\"link_parent_category\":\"\",\"show_author\":\"\",\"show_create_date\":\"\",\"show_modify_date\":\"\",\"show_publish_date\":\"\",\"show_readmore\":\"\",\"show_print_icon\":\"\",\"show_email_icon\":\"\",\"show_hits\":\"\",\"page_title\":\"\",\"alternative_readmore\":\"\",\"layout\":\"\"}',4,0,6,'','',1,4,'',0,'*',''),(8,104,'Beginners','beginners','','<p>If this is your first Joomla site or your first web site, you have come to the right place. Joomla will help you get your website up and running quickly and easily.</p>\r\n<p>Start off using your site by logging in using the administrator account you created when you installed Joomla!.</p>\r\n','\r\n<p>Explore the articles and other resources right here on your site data to learn more about how Joomla works.(When you\'re done reading, you can delete or archive all of this.) You will also probably want to visit the beginners\' areas of the <a href=\"http://docs.joomla.org/Beginners\">Joomla documentation</a> and <a href=\"http://forum.joomla.org\">support forums</a>.</p>\r\n<p>You\'ll also want to sign up for the Joomla Security Mailing list and the Announcements mailing list. For inspiration visit the Joomla Site Showcase to see an amazing array of ways people use Joomla to tell their stories on the web.</p>\r\n<p>The basic Joomla! installation will let you get a great site up and running, but when you are ready for more features the power of Joomla! is in the creative ways that developers have extended it to do all kinds of things. Visit the Joomla! Extensions Directory to see thousands of extensions that can do almost anything you could want on a website. Can\'t find what you need? You may want to find a Joomla professional on the Joomla! Resources Directory.</p>\r\n<p>Want to learn more? Consider attending a Joomla! Day or other event or joining a local Joomla! Users Group. Can\'t find one near you? Start one yourself.</p>',1,0,0,19,'2011-01-01 00:00:01',42,'Joomla!','2011-01-09 16:41:00',42,0,'0000-00-00 00:00:00','2011-01-01 00:00:01','0000-00-00 00:00:00','','','{\"show_title\":\"\",\"link_titles\":\"\",\"show_intro\":\"\",\"show_category\":\"\",\"link_category\":\"\",\"show_parent_category\":\"\",\"link_parent_category\":\"\",\"show_author\":\"\",\"link_author\":\"\",\"show_create_date\":\"\",\"show_modify_date\":\"\",\"show_publish_date\":\"\",\"show_item_navigation\":\"\",\"show_icons\":\"\",\"show_print_icon\":\"\",\"show_email_icon\":\"\",\"show_vote\":\"\",\"show_hits\":\"\",\"show_noauth\":\"\",\"alternative_readmore\":\"\",\"article_layout\":\"\"}',3,0,4,'','',1,2,'{\"robots\":\"\",\"author\":\"\",\"rights\":\"\",\"xreference\":\"\"}',1,'*',''),(9,105,'Contacts','contact','','<p>The contact component provides a way to provide contact forms and information for your site or to create a complex directory that can be used for many different purposes. <a href=\"http://help.joomla.org/proxy/index.php?option=com_help&amp;keyref=Help16:Components_Contacts_Contacts\">Help</a></p>','',1,0,0,21,'2011-01-01 00:00:01',42,'Joomla!','2011-01-10 04:15:37',42,0,'0000-00-00 00:00:00','2011-01-01 00:00:01','0000-00-00 00:00:00','','','{\"show_title\":\"\",\"link_titles\":\"\",\"show_intro\":\"\",\"show_category\":\"\",\"link_category\":\"\",\"show_parent_category\":\"\",\"link_parent_category\":\"\",\"show_author\":\"\",\"link_author\":\"\",\"show_create_date\":\"\",\"show_modify_date\":\"\",\"show_publish_date\":\"\",\"show_item_navigation\":\"\",\"show_icons\":\"\",\"show_print_icon\":\"\",\"show_email_icon\":\"\",\"show_vote\":\"\",\"show_hits\":\"\",\"show_noauth\":\"\",\"alternative_readmore\":\"\",\"article_layout\":\"\"}',2,0,2,'','',1,2,'{\"robots\":\"\",\"author\":\"\",\"rights\":\"\",\"xreference\":\"\"}',0,'*',''),(10,106,'Content','content','','<p>The content component (com_content) is what you use to write articles. It is extremely flexible and has the largest number of built in views. Articles can be created and edited from the front end, making content the easiest component to use to create your site content. <a href=\"http://help.joomla.org/proxy/index.php?option=com_help&amp;keyref=Help16:Content_Article_Manager\">Help</a></p>','',1,0,0,21,'2011-01-01 00:00:01',42,'','2011-01-10 04:28:12',42,0,'0000-00-00 00:00:00','2011-01-01 00:00:01','0000-00-00 00:00:00','','','{\"show_title\":\"\",\"link_titles\":\"\",\"show_intro\":\"\",\"show_category\":\"\",\"link_category\":\"\",\"show_parent_category\":\"\",\"link_parent_category\":\"\",\"show_author\":\"\",\"link_author\":\"\",\"show_create_date\":\"\",\"show_modify_date\":\"\",\"show_publish_date\":\"\",\"show_item_navigation\":\"\",\"show_icons\":\"\",\"show_print_icon\":\"\",\"show_email_icon\":\"\",\"show_vote\":\"\",\"show_hits\":\"\",\"show_noauth\":\"\",\"alternative_readmore\":\"\",\"article_layout\":\"\"}',2,0,1,'','',1,5,'{\"robots\":\"\",\"author\":\"\",\"rights\":\"\",\"xreference\":\"\"}',0,'*',''),(11,107,'Cradle Mountain','cradle-mountain','','<p><img src=\"images/sampledata/parks/landscape/250px_cradle_mountain_seen_from_barn_bluff.jpg\" border=\"0\" alt=\"Cradle Mountain\" style=\"vertical-align: middle;\" /></p>','<p><img src=\"images/sampledata/parks/landscape/800px_cradle_mountain_seen_from_barn_bluff.jpg\" border=\"0\" alt=\"Cradle Mountain\" style=\"vertical-align: middle;\" /></p><p> </p><p class=\"caption\">Source: http://commons.wikimedia.org/wiki/File:Rainforest,bluemountainsNSW.jpg</p><p class=\"caption\">Author: Alan J.W.C.</p><p class=\"caption\">License: GNU Free Documentation License v . 1.2 or later</p>',1,0,0,73,'2011-01-01 00:00:01',42,'Parks Webmaster','2011-01-01 00:00:01',42,0,'0000-00-00 00:00:00','2011-01-01 00:00:01','0000-00-00 00:00:00','','','{\"show_title\":\"\",\"link_titles\":\"\",\"show_intro\":\"\",\"show_category\":\"\",\"link_category\":\"\",\"show_parent_category\":\"\",\"link_parent_category\":\"\",\"show_author\":\"\",\"show_create_date\":\"\",\"show_modify_date\":\"\",\"show_publish_date\":\"\",\"show_readmore\":\"\",\"show_print_icon\":\"\",\"show_email_icon\":\"\",\"show_hits\":\"\",\"page_title\":\"\",\"alternative_readmore\":\"\",\"layout\":\"\"}',1,0,1,'','',1,0,'',0,'*',''),(12,110,'Custom HTML Module','custom-html-module','','<p>This Module allows you to create your own HTML Module using a WYSIWYG editor. <a href=\"http://help.joomla.org/proxy/index.php?option=com_help&amp;keyref=Help16:Extensions_Module_Manager_Custom_HTML\" title=\"Custom HTML Module\">Help</a></p>\r\n<div class=\"sample-module\">{loadmodule custom,Custom HTML}</div>','',1,0,0,66,'2011-01-01 00:00:01',42,'','2011-09-17 22:21:39',42,0,'0000-00-00 00:00:00','2011-01-01 00:00:01','0000-00-00 00:00:00','','','{\"show_title\":\"\",\"link_titles\":\"\",\"show_intro\":\"\",\"show_category\":\"\",\"link_category\":\"\",\"show_parent_category\":\"\",\"link_parent_category\":\"\",\"show_author\":\"\",\"show_create_date\":\"\",\"show_modify_date\":\"\",\"show_publish_date\":\"\",\"show_readmore\":\"\",\"show_print_icon\":\"\",\"show_email_icon\":\"\",\"show_hits\":\"\",\"page_title\":\"\",\"alternative_readmore\":\"\",\"layout\":\"\"}',12,0,1,'','',1,13,'',0,'*',''),(13,111,'About Us','about','','<div class=\"about\">\r\n		<h2>Lorem ipsum dolor sit amet, consectetur adipisicing elit, sed do eiusmod tempor incididunt</h2> \r\n		\r\n		<p>Lorem ipsum dolor sit amet, consectetur adipisicing elit, sed do eiusmod tempor incididunt ut labore et dolore magna aliqua. Ut enim ad minim veniam, quis nostrud exercitation ullamco laboris nisi ut aliquip ex ea commodo consequat. Duis aute irure dolor in reprehenderit in voluptate velit esse cillum dolore eu fugiat nulla pariatur. Excepteur sint occaecat cupidatat non proident, sunt in culpa qui officia deserunt mollit anim id est laborum.</p>\r\n		\r\n		\r\n		<p class=\"p1-top\">Consectetur adipisicing elit, sed do eiusmod tempor incididunt ut labore et dolore magna aliqua. Ut enim ad minim veniam, quis nostrud exercitation ullamco laboris nisi ut aliquip ex ea commodo consequat. Duis aute irure dolor in reprehenderit in voluptate velit esse cillum dolore eu fugiat nulla pariatur. Excepteur sint occaecat cupidatat non proident, sunt in culpa qui officia deserunt mollit anim id est laborum.</p>\r\n		\r\n		<ul>\r\n		<li><strong>Lorem ipsum dolor sit amet, consectetur</strong> adipisicing elit, sed do eiusmod tempor incididunt ut labore et dolore magna aliqua. Ut enim ad minim veniam, quis nostrud exercitation ullamco laboris nisi ut aliquip ex ea commodo consequat. Duis aute irure dolor in.</li>\r\n		\r\n		\r\n		<li><strong>Dolor sit amet, consectetur</strong> adipisicing elit, sed do eiusmod tempor incididunt ut labore et dolore magna aliqua. Ut enim ad minim veniam, quis nostrud exercitation ullamco laboris nisi ut aliquip ex ea commodo consequat. Duis aute irure dolor in.</li>\r\n		\r\n		</ul>	\r\n		\r\n		<p>Sed do eiusmod tempor incididunt ut labore et dolore magna aliqua. Ut enim ad minim veniam, quis nostrud exercitation ullamco laboris nisi ut aliquip ex ea commodo consequat. Duis aute irure dolor in reprehenderit in voluptate velit esse cillum dolore eu fugiat nulla pariatur. Excepteur sint occaecat cupidatat non proident, sunt in culpa qui.</p>\r\n</div>','',1,0,0,77,'2011-01-01 00:00:01',42,'Fruit Shop Webmaster','2012-01-11 08:33:25',42,0,'0000-00-00 00:00:00','2011-01-01 00:00:01','0000-00-00 00:00:00','','','{\"show_title\":\"1\",\"link_titles\":\"0\",\"show_intro\":\"0\",\"show_category\":\"0\",\"link_category\":\"0\",\"show_parent_category\":\"0\",\"link_parent_category\":\"0\",\"show_author\":\"0\",\"link_author\":\"0\",\"show_create_date\":\"0\",\"show_modify_date\":\"0\",\"show_publish_date\":\"0\",\"show_item_navigation\":\"0\",\"show_icons\":\"0\",\"show_print_icon\":\"0\",\"show_email_icon\":\"0\",\"show_vote\":\"0\",\"show_hits\":\"0\",\"show_noauth\":\"0\",\"alternative_readmore\":\"\",\"article_layout\":\"\"}',5,0,2,'','',1,65,'{\"robots\":\"\",\"author\":\"\",\"rights\":\"\",\"xreference\":\"\"}',0,'*',''),(14,112,'Editors','editors','','<p>Editors are used thoughout Joomla! where content is created. TinyMCE is the default choice in most locations although CodeMirror is used in the template manager. No Editor provides a text box for html content.</p>\r\n<p>Default on:</p>\r\n<ul>\r\n<li>CodeMirror <a href=\"http://help.joomla.org/proxy/index.php?option=com_help&amp;amp;keyref=Help17:Extensions_Plugin_Manager_Edit#Editor_-_CodeMirror\">Help</a></li>\r\n<li>TinyMCE<a href=\"http://help.joomla.org/proxy/index.php?option=com_help&amp;amp;keyref=Help17:Extensions_Plugin_Manager_Edit#Editor_-_TinyMCE\"> Help</a></li>\r\n<li>No Editor <a href=\"http://help.joomla.org/proxy/index.php?option=com_help&amp;amp;keyref=Help17:Extensions_Plugin_Manager_Edit#Editor_-_None\">Help</a></li>\r\n</ul>\r\n<p>Default off:</p>\r\n<ul>\r\n<li>None</li>\r\n</ul>','',1,0,0,25,'2011-01-01 00:00:01',42,'Joomla!','2011-09-06 05:45:40',42,0,'0000-00-00 00:00:00','2011-01-01 00:00:01','0000-00-00 00:00:00','','','{\"show_title\":\"\",\"link_titles\":\"\",\"show_intro\":\"\",\"show_category\":\"\",\"link_category\":\"\",\"show_parent_category\":\"\",\"link_parent_category\":\"\",\"show_author\":\"\",\"show_create_date\":\"\",\"show_modify_date\":\"\",\"show_publish_date\":\"\",\"show_readmore\":\"\",\"show_print_icon\":\"\",\"show_email_icon\":\"\",\"show_hits\":\"\",\"page_title\":\"\",\"alternative_readmore\":\"\",\"layout\":\"\"}',2,0,5,'','',1,0,'',0,'*',''),(15,113,'Editors-xtd','editors-xtd','','<p>These plugins are behind the buttons found beneath your editor. They only run when an editor plugin runs.</p>\r\n<p>Default on:</p>\r\n<ul>\r\n<li>Editor Button: Image<a href=\"http://help.joomla.org/proxy/index.php?option=com_help&amp;amp;keyref=Help17:Extensions_Plugin_Manager_Edit#Button_-_Image\"> Help</a></li>\r\n<li>Editor Button: Readmore <a href=\"http://help.joomla.org/proxy/index.php?option=com_help&amp;amp;keyref=Help17:Extensions_Plugin_Manager_Edit#Button_-_Readmore\">Help</a></li>\r\n<li>Editor Button: Page Break <a href=\"http://help.joomla.org/proxy/index.php?option=com_help&amp;amp;keyref=Help17:Extensions_Plugin_Manager_Edit#Button_-_Pagebreak\">Help</a></li>\r\n<li>Editor Button: Article <a href=\"http://help.joomla.org/proxy/index.php?option=com_help&amp;amp;keyref=Help17:Extensions_Plugin_Manager_Edit#Button_-_Article\">Help</a></li>\r\n</ul>\r\n<p>Default off:</p>\r\n<ul>\r\n<li>None</li>\r\n</ul>','',1,0,0,25,'2011-01-01 00:00:01',42,'Joomla!','2011-09-06 06:17:38',42,0,'0000-00-00 00:00:00','2011-01-01 00:00:01','0000-00-00 00:00:00','','','{\"show_title\":\"\",\"link_titles\":\"\",\"show_intro\":\"\",\"show_category\":\"\",\"link_category\":\"\",\"show_parent_category\":\"\",\"link_parent_category\":\"\",\"show_author\":\"\",\"show_create_date\":\"\",\"show_modify_date\":\"\",\"show_publish_date\":\"\",\"show_readmore\":\"\",\"show_print_icon\":\"\",\"show_email_icon\":\"\",\"show_hits\":\"\",\"page_title\":\"\",\"alternative_readmore\":\"\",\"layout\":\"\"}',3,0,6,'','',1,1,'',0,'*',''),(16,114,'Feed Display','feed-display','','<p>This module allows the displaying of a syndicated feed. <a href=\"http://docs.joomla.org/Help15:Screen.modulessite.edit.15#Feed_Display\" title=\"Feed Display Module\">Help</a></p>\r\n<div class=\"sample-module\">{loadmodule feed,Feed Display}</div>','',1,0,0,66,'2011-01-01 00:00:01',42,'','2011-09-17 22:22:08',42,0,'0000-00-00 00:00:00','2011-01-01 00:00:01','0000-00-00 00:00:00','','','{\"show_title\":\"\",\"link_titles\":\"\",\"show_intro\":\"\",\"show_category\":\"\",\"link_category\":\"\",\"show_parent_category\":\"\",\"link_parent_category\":\"\",\"show_author\":\"\",\"show_create_date\":\"\",\"show_modify_date\":\"\",\"show_publish_date\":\"\",\"show_readmore\":\"\",\"show_print_icon\":\"\",\"show_email_icon\":\"\",\"show_hits\":\"\",\"page_title\":\"\",\"alternative_readmore\":\"\",\"layout\":\"\"}',3,0,2,'','',1,3,'',0,'*',''),(17,115,'First Blog Post','first-blog-post','','<p><em>Lorem Ipsum is filler text that is commonly used by designers before the content for a new site is ready.</em></p><p>Lorem ipsum dolor sit amet, consectetur adipiscing elit. Sed faucibus purus vitae diam posuere nec eleifend elit dictum. Aenean sit amet erat purus, id fermentum lorem. Integer elementum tristique lectus, non posuere quam pretium sed. Quisque scelerisque erat at urna condimentum euismod. Fusce vestibulum facilisis est, a accumsan massa aliquam in. In auctor interdum mauris a luctus. Morbi euismod tempor dapibus. Duis dapibus posuere quam. Pellentesque habitant morbi tristique senectus et netus et malesuada fames ac turpis egestas. In eu est nec erat sollicitudin hendrerit. Pellentesque sed turpis nunc, sit amet laoreet velit. Praesent vulputate semper nulla nec varius. Aenean aliquam, justo at blandit sodales, mauris leo viverra orci, sed sodales mauris orci vitae magna.</p>','<p>Quisque a massa sed libero tristique suscipit. Morbi tristique molestie metus, vel vehicula nisl ultrices pretium. Sed sit amet est et sapien condimentum viverra. Pellentesque habitant morbi tristique senectus et netus et malesuada fames ac turpis egestas. Phasellus viverra tortor porta orci convallis ac cursus erat sagittis. Vivamus aliquam, purus non luctus adipiscing, orci urna imperdiet eros, sed tincidunt neque sapien et leo. Cras fermentum, dolor id tempor vestibulum, neque lectus luctus mauris, nec congue tellus arcu nec augue. Nulla quis mi arcu, in bibendum quam. Sed placerat laoreet fermentum. In varius lobortis consequat. Proin vulputate felis ac arcu lacinia adipiscing. Morbi molestie, massa id sagittis luctus, sem sapien sollicitudin quam, in vehicula quam lectus quis augue. Integer orci lectus, bibendum in fringilla sit amet, rutrum eget enim. Curabitur at libero vitae lectus gravida luctus. Nam mattis, ligula sit amet vestibulum feugiat, eros sem sodales mi, nec dignissim ante elit quis nisi. Nulla nec magna ut leo convallis sagittis ac non erat. Etiam in augue nulla, sed tristique orci. Vestibulum quis eleifend sapien.</p><p>Nam ut orci vel felis feugiat posuere ut eu lorem. In risus tellus, sodales eu eleifend sed, imperdiet id nulla. Nunc at enim lacus. Etiam dignissim, arcu quis accumsan varius, dui dui faucibus erat, in molestie mauris diam ac lacus. Sed sit amet egestas nunc. Nam sollicitudin lacinia sapien, non gravida eros convallis vitae. Integer vehicula dui a elit placerat venenatis. Nullam tincidunt ligula aliquet dui interdum feugiat. Maecenas ultricies, lacus quis facilisis vehicula, lectus diam consequat nunc, euismod eleifend metus felis eu mauris. Aliquam dapibus, ipsum a dapibus commodo, dolor arcu accumsan neque, et tempor metus arcu ut massa. Curabitur non risus vitae nisl ornare pellentesque. Pellentesque nec ipsum eu dolor sodales aliquet. Vestibulum egestas scelerisque tincidunt. Integer adipiscing ultrices erat vel rhoncus.</p><p>Integer ac lectus ligula. Nam ornare nisl id magna tincidunt ultrices. Phasellus est nisi, condimentum at sollicitudin vel, consequat eu ipsum. In venenatis ipsum in ligula tincidunt bibendum id et leo. Vivamus quis purus massa. Ut enim magna, pharetra ut condimentum malesuada, auctor ut ligula. Proin mollis, urna a aliquam rutrum, risus erat cursus odio, a convallis enim lectus ut lorem. Nullam semper egestas quam non mattis. Vestibulum venenatis aliquet arcu, consectetur pretium erat pulvinar vel. Vestibulum in aliquet arcu. Ut dolor sem, pellentesque sit amet vestibulum nec, tristique in orci. Sed lacinia metus vel purus pretium sit amet commodo neque condimentum.</p><p>Aenean laoreet aliquet ullamcorper. Nunc tincidunt luctus tellus, eu lobortis sapien tincidunt sed. Donec luctus accumsan sem, at porttitor arcu vestibulum in. Sed suscipit malesuada arcu, ac porttitor orci volutpat in. Vestibulum consectetur vulputate eros ut porttitor. Aenean dictum urna quis erat rutrum nec malesuada tellus elementum. Quisque faucibus, turpis nec consectetur vulputate, mi enim semper mi, nec porttitor libero magna ut lacus. Quisque sodales, leo ut fermentum ullamcorper, tellus augue gravida magna, eget ultricies felis dolor vitae justo. Vestibulum blandit placerat neque, imperdiet ornare ipsum malesuada sed. Quisque bibendum quam porta diam molestie luctus. Sed metus lectus, ornare eu vulputate vel, eleifend facilisis augue. Maecenas eget urna velit, ac volutpat velit. Nam id bibendum ligula. Donec pellentesque, velit eu convallis sodales, nisi dui egestas nunc, et scelerisque lectus quam ut ipsum.</p>',1,0,0,27,'2011-01-01 00:00:01',42,'','2011-01-01 00:00:01',42,0,'0000-00-00 00:00:00','2011-01-01 00:00:01','0000-00-00 00:00:00','','','{\"show_title\":\"\",\"link_titles\":\"\",\"show_intro\":\"\",\"show_category\":\"\",\"link_category\":\"\",\"show_parent_category\":\"\",\"link_parent_category\":\"\",\"show_author\":\"\",\"show_create_date\":\"\",\"show_modify_date\":\"\",\"show_publish_date\":\"\",\"show_readmore\":\"\",\"show_print_icon\":\"\",\"show_email_icon\":\"\",\"show_hits\":\"\",\"page_title\":\"\",\"alternative_readmore\":\"\",\"layout\":\"\"}',1,0,0,'','',1,0,'',0,'*',''),(18,116,'Second Blog Post','second-blog-post','','<p><em>Lorem Ipsum is text that is traditionally used by designers when working on a site before the content is ready.</em></p><p>Pellentesque bibendum metus ut dolor fermentum ut pulvinar tortor hendrerit. Nam vel odio vel diam tempus iaculis in non urna. Curabitur scelerisque, nunc id interdum vestibulum, felis elit luctus dui, ac dapibus tellus mauris tempus augue. Duis congue facilisis lobortis. Phasellus neque erat, tincidunt non lacinia sit amet, rutrum vitae nunc. Sed placerat lacinia fermentum. Integer justo sem, cursus id tristique eget, accumsan vel sapien. Curabitur ipsum neque, elementum vel vestibulum ut, lobortis a nisl. Fusce malesuada mollis purus consectetur auctor. Morbi tellus nunc, dapibus sit amet rutrum vel, laoreet quis mauris. Aenean nec sem nec purus bibendum venenatis. Mauris auctor commodo libero, in adipiscing dui adipiscing eu. Praesent eget orci ac nunc sodales varius.</p>','<p>Nam eget venenatis lorem. Vestibulum a interdum sapien. Suspendisse potenti. Quisque auctor purus nec sapien venenatis vehicula malesuada velit vehicula. Fusce vel diam dolor, quis facilisis tortor. Class aptent taciti sociosqu ad litora torquent per conubia nostra, per inceptos himenaeos. Pellentesque libero nisi, pellentesque quis cursus sit amet, vehicula vitae nisl. Curabitur nec nunc ac sem tincidunt auctor. Phasellus in mattis magna. Donec consequat orci eget tortor ultricies rutrum. Mauris luctus vulputate molestie. Proin tincidunt vehicula euismod. Nam congue leo non erat cursus a adipiscing ipsum congue. Nulla iaculis purus sit amet turpis aliquam sit amet dapibus odio tincidunt. Ut augue diam, congue ut commodo pellentesque, fermentum mattis leo. Sed iaculis urna id enim dignissim sodales at a ipsum. Quisque varius lobortis mollis. Nunc purus magna, pellentesque pellentesque convallis sed, varius id ipsum. Etiam commodo mi mollis erat scelerisque fringilla. Nullam bibendum massa sagittis diam ornare rutrum.</p><p>Praesent convallis metus ut elit faucibus tempus in quis dui. Donec fringilla imperdiet nibh, sit amet fringilla velit congue et. Quisque commodo luctus ligula, vitae porttitor eros venenatis in. Praesent aliquet commodo orci id varius. Nulla nulla nibh, varius id volutpat nec, sagittis nec eros. Cras et dui justo. Curabitur malesuada facilisis neque, sed tempus massa tincidunt ut. Sed suscipit odio in lacus auctor vehicula non ut lacus. In hac habitasse platea dictumst. Sed nulla nisi, lacinia in viverra at, blandit vel tellus. Nulla metus erat, ultrices non pretium vel, varius nec sem. Morbi sollicitudin mattis lacus quis pharetra. Donec tincidunt mollis pretium. Proin non libero justo, vitae mattis diam. Integer vel elit in enim varius posuere sed vitae magna. Duis blandit tempor elementum. Vestibulum molestie dui nisi.</p><p>Curabitur volutpat interdum lorem sed tempus. Sed placerat quam non ligula lacinia sodales. Cras ultrices justo at nisi luctus hendrerit. Quisque sit amet placerat justo. In id sapien eu neque varius pharetra sed in sapien. Etiam nisl nunc, suscipit sed gravida sed, scelerisque ut nisl. Mauris quis massa nisl, aliquet posuere ligula. Etiam eget tortor mauris. Sed pellentesque vestibulum commodo. Mauris vitae est a libero dapibus dictum fringilla vitae magna.</p><p>Nulla facilisi. Praesent eget elit et mauris gravida lobortis ac nec risus. Ut vulputate ullamcorper est, volutpat feugiat lacus convallis non. Maecenas quis sem odio, et aliquam libero. Integer vel tortor eget orci tincidunt pulvinar interdum at erat. Integer ullamcorper consequat eros a pellentesque. Cras sagittis interdum enim in malesuada. Etiam non nunc neque. Fusce non ligula at tellus porta venenatis. Praesent tortor orci, fermentum sed tincidunt vel, varius vel dui. Duis pulvinar luctus odio, eget porta justo vulputate ac. Nulla varius feugiat lorem sed tempor. Phasellus pulvinar dapibus magna eget egestas. In malesuada lectus at justo pellentesque vitae rhoncus nulla ultrices. Proin ut sem sem. Donec eu suscipit ipsum. Cras eu arcu porttitor massa feugiat aliquet at quis nisl.</p>',1,0,0,27,'2011-01-01 00:00:01',42,'','2011-01-01 00:00:01',0,0,'0000-00-00 00:00:00','2011-01-01 00:00:01','0000-00-00 00:00:00','','','{\"show_title\":\"\",\"link_titles\":\"\",\"show_intro\":\"\",\"show_category\":\"\",\"link_category\":\"\",\"show_parent_category\":\"\",\"link_parent_category\":\"\",\"show_author\":\"\",\"show_create_date\":\"\",\"show_modify_date\":\"\",\"show_publish_date\":\"\",\"show_readmore\":\"\",\"show_print_icon\":\"\",\"show_email_icon\":\"\",\"show_hits\":\"\",\"page_title\":\"\",\"alternative_readmore\":\"\",\"layout\":\"\"}',1,0,0,'','',1,0,'',0,'*',''),(19,117,'Footer Module','footer-module','','<p>This module shows the Joomla! copyright information. <a href=\"http://help.joomla.org/proxy/index.php?option=com_help&amp;keyref=Help16:Extensions_Module_Manager_Footer\" title=\"Footer Module\">Help</a></p>\r\n<div class=\"sample-module\">{loadmodule footer,Footer}</div>','',1,0,0,66,'2011-01-01 00:00:01',42,'Joomla!','2011-09-17 22:22:47',42,0,'0000-00-00 00:00:00','2011-01-01 00:00:01','0000-00-00 00:00:00','','','{\"show_title\":\"\",\"link_titles\":\"\",\"show_intro\":\"\",\"show_category\":\"\",\"link_category\":\"\",\"show_parent_category\":\"\",\"link_parent_category\":\"\",\"show_author\":\"\",\"show_create_date\":\"\",\"show_modify_date\":\"\",\"show_publish_date\":\"\",\"show_readmore\":\"\",\"show_print_icon\":\"\",\"show_email_icon\":\"\",\"show_hits\":\"\",\"page_title\":\"\",\"alternative_readmore\":\"\",\"layout\":\"\"}',4,0,3,'','',1,4,'',0,'*',''),(20,118,'Fruit Shop','fruit-shop','','<h2>Welcome to the Fruit Shop</h2><p>We sell fruits from around the world. Please use our website to learn more about our business. We hope you will come to our shop and buy some fruit.</p><p ><em>This mini site will show you how you might want to set up a site for a business, in this case one selling fruit. It shows how to use access controls to manage your site content. If you were building a real site, you would might want to extend it with e-commerce, a catalog, mailing lists or other enhancements, many of which are available through the</em><a href=\"http://extensions.joomla.org\"><em> Joomla! Extensions Directory</em></a>.</p><p><em>To understand this site you will probably want to make one user with groups set to customer and one with group set to grower. By logging in with different privileges  you can see how access control works.</em></p>','',1,0,0,29,'2011-01-01 00:00:01',42,'Fruit Shop Webmaster','2011-01-01 00:00:01',42,0,'0000-00-00 00:00:00','2011-01-01 00:00:01','0000-00-00 00:00:00','','','{\"show_title\":\"\",\"link_titles\":\"\",\"show_intro\":\"\",\"show_category\":\"\",\"link_category\":\"\",\"show_parent_category\":\"\",\"link_parent_category\":\"\",\"show_author\":\"\",\"show_create_date\":\"\",\"show_modify_date\":\"\",\"show_publish_date\":\"\",\"show_readmore\":\"\",\"show_print_icon\":\"\",\"show_email_icon\":\"\",\"show_hits\":\"\",\"page_title\":\"\",\"alternative_readmore\":\"\",\"layout\":\"\"}',1,0,1,'','',1,0,'',0,'*',''),(21,119,'Getting Help','getting-help','','<p><img class=\"image-left\" src=\"administrator/templates/hathor/images/header/icon-48-help_header.png\" border=\"0\" /> There are lots of places you can get help with Joomla!. In many places in your site administrator you will see the help icon. Click on this for more information about the options and functions of items on your screen. Other places to get help are:</p>\r\n<ul>\r\n<li><a href=\"http://forum.joomla.org\">Support Forums</a></li>\r\n<li><a href=\"http://docs.joomla.org\">Documentation</a></li>\r\n<li><a href=\"http://resources.joomla.org\">Professionals</a></li>\r\n<li><a href=\"http://shop.joomla.org/amazoncom-bookstores.html\">Books</a></li>\r\n</ul>','',1,0,0,19,'2011-01-01 00:00:01',42,'Joomla!','2011-01-10 15:32:54',42,0,'0000-00-00 00:00:00','2011-01-01 00:00:01','0000-00-00 00:00:00','','','{\"show_title\":\"\",\"link_titles\":\"\",\"show_intro\":\"\",\"show_category\":\"\",\"link_category\":\"\",\"show_parent_category\":\"\",\"link_parent_category\":\"\",\"show_author\":\"\",\"show_create_date\":\"\",\"show_modify_date\":\"\",\"show_publish_date\":\"\",\"show_readmore\":\"\",\"show_print_icon\":\"\",\"show_email_icon\":\"\",\"show_hits\":\"\",\"page_title\":\"\",\"alternative_readmore\":\"\",\"layout\":\"\"}',10,0,8,'','',1,17,'',0,'*',''),(22,120,'Getting Started','getting-started','','<p>It\'s easy to get started creating your website. Knowing some of the basics will help.</p><h3>What is a Content Management System?</h3><p>A content management system is software that allows you to create and manage webpages easily by separating the creation of your content from the mechanics required to present it on the web.</p><p>In this site, the content is stored in a <em>database</em>. The look and feel are created by a <em>template</em>. The Joomla! software brings together the template and the content to create web pages.</p><h3>Site and Administrator</h3><p>Your site actually has two separate sites. The site (also called the front end) is what visitors to your site will see.  The administrator (also called the back end) is only used by people managing your site. You can access the administrator by clicking the \"Site Administrator\" link on the \"This Site\" menu or by adding /administrator to the end of you domain name.</p><p>Log in to the administrator using the username and password created during the installation of Joomla!.</p><h3>Logging in</h3><p>To login to the front end of your site use the login form or the login menu link on the \"This Site\" menu. Use the user name an password that were created as part of the installation process. Once logged in you will be able to create and edit articles.</p><p>In managing your site, you will be able to create content that only logged in users are able to see.</p><h3>Creating an article</h3><p>Once you are logged in, a new menu will be visible.  To create a new article, click on the \"submit article\" link on that menu.</p><p>The new article interface gives you a lot of options, but all you need to do is add a title an put something in the content area. To make it easy to find, set the state to published an put it in the Joomla! category.</p><div>You can edit an existing article by  clicking on the edit icon (this only displays to users who have the right to edit).</div><h3>Learn more</h3><p>There is much more to learn about how to use Joomla! to create the web site you envision. You can learn much more at the <a href=\"http://docs.joomla.org\">Joomla! documentation site</a> and on the<a href=\"http://forum.joomla.org\"> Joomla! forums</a>.</p>','',1,0,0,19,'2011-01-01 00:00:01',42,'Joomla!','2011-01-01 00:00:01',42,0,'0000-00-00 00:00:00','2011-01-01 00:00:01','0000-00-00 00:00:00','','','{\"show_title\":\"\",\"link_titles\":\"\",\"show_intro\":\"\",\"show_category\":\"\",\"link_category\":\"\",\"show_parent_category\":\"\",\"link_parent_category\":\"\",\"show_author\":\"\",\"show_create_date\":\"\",\"show_modify_date\":\"\",\"show_publish_date\":\"\",\"show_readmore\":\"\",\"show_print_icon\":\"\",\"show_email_icon\":\"\",\"show_hits\":\"\",\"page_title\":\"\",\"alternative_readmore\":\"\",\"layout\":\"\"}',1,0,9,'','',1,3,'',0,'*',''),(23,121,'Happy Orange Orchard','happy-orange-orchard','','<p>At our orchard we grow the world\'s best oranges as well as other citrus fruit such as lemons and grapefruit. Our family has been tending this orchard for generations.</p>','',1,0,0,30,'2011-01-01 00:00:01',42,'Fruit Shop Webmaster','2011-01-01 00:00:01',42,0,'0000-00-00 00:00:00','2011-01-01 00:00:01','0000-00-00 00:00:00','','','{\"show_title\":\"\",\"link_titles\":\"\",\"show_intro\":\"\",\"show_category\":\"\",\"link_category\":\"\",\"show_parent_category\":\"\",\"link_parent_category\":\"\",\"show_author\":\"\",\"show_create_date\":\"\",\"show_modify_date\":\"\",\"show_publish_date\":\"\",\"show_readmore\":\"\",\"show_print_icon\":\"\",\"show_email_icon\":\"\",\"show_hits\":\"\",\"page_title\":\"\",\"alternative_readmore\":\"\",\"layout\":\"\"}',1,0,2,'','',1,0,'',0,'*',''),(24,122,'Joomla!','joomla','','<p>Congratulations! You have a Joomla! site! Joomla! makes it easy to build a website just the way you want it and keep it simple to update and maintain.</p>\r\n<p>Joomla! is a flexible and powerful platform, whether you are building a small site for yourself or a huge site with hundreds of thousands of visitors. Joomla is open source, which means you can make it work just the way you want it to.</p>','',1,0,0,19,'2011-01-01 00:00:01',42,'Joomla!','2011-01-01 00:00:01',42,0,'0000-00-00 00:00:00','2011-01-01 00:00:01','0000-00-00 00:00:00','','','{\"show_title\":\"\",\"link_titles\":\"\",\"show_intro\":\"\",\"show_category\":\"\",\"link_category\":\"\",\"show_parent_category\":\"\",\"link_parent_category\":\"\",\"show_author\":\"\",\"show_create_date\":\"\",\"show_modify_date\":\"\",\"show_publish_date\":\"\",\"show_readmore\":\"\",\"show_print_icon\":\"\",\"show_email_icon\":\"\",\"show_hits\":\"\",\"page_title\":\"\",\"alternative_readmore\":\"\",\"layout\":\"\"}',1,0,2,'','',1,30,'',1,'*',''),(25,123,'Koala','koala','','<p><img src=\"images/sampledata/parks/animals/180px_koala_ag1.jpg\" border=\"0\" alt=\"Koala  Thumbnail\" width=\"180\" height=\"123\" style=\"vertical-align: middle; border: 0;\" /></p>','<p><img src=\"images/sampledata/parks/animals/800px_koala_ag1.jpg\" border=\"0\" alt=\"Koala Climbing Tree\" width=\"500\" height=\"341\" style=\"vertical-align: middle; border: 0;\" /></p><p> </p><p> </p><p class=\"caption\">Source: http://commons.wikimedia.org/wiki/File:Koala-ag1.jpg</p><p class=\"caption\">Author: Arnaud Gaillard</p><p><span class=\"caption\">License: Creative Commons Share Alike Attribution Generic 1.0</span></p>',1,0,0,72,'2011-01-01 00:00:01',42,'Parks Webmaster','2011-01-01 00:00:01',42,0,'0000-00-00 00:00:00','2011-01-01 00:00:01','0000-00-00 00:00:00','','','{\"show_title\":\"\",\"link_titles\":\"\",\"show_intro\":\"\",\"show_category\":\"\",\"link_category\":\"\",\"show_parent_category\":\"\",\"link_parent_category\":\"\",\"show_author\":\"\",\"show_create_date\":\"\",\"show_modify_date\":\"\",\"show_publish_date\":\"\",\"show_readmore\":\"\",\"show_print_icon\":\"\",\"show_email_icon\":\"\",\"show_hits\":\"\",\"page_title\":\"\",\"alternative_readmore\":\"\",\"layout\":\"\"}',1,0,2,'','',1,0,'',0,'*',''),(26,124,'Language Switcher','language-switcher','','<p>The language switcher module allows you to take advantage of the language tags that are available when content, modules and menu links are created.</p>\r\n<p>This module displays a list of available Content Languages for switching between them.</p>\r\n<p>When switching languages, it redirects to the Home page defined for the chosen language. Thereafter, the navigation will be the one defined for that language.</p>\r\n<p><strong>The language filter plugin must be enabled for this module to work properly.</strong></p>\r\n<p><strong></strong> <a href=\"http://help.joomla.org/proxy/index.php?option=com_help&amp;keyref=Help16:Extensions_Module_Manager_Language_Switcher\" title=\"Language Switcher Module\">Help</a></p>\r\n<p>To view an example of the language switch moduler module, go to the site administrator and enable the language filter plugin and the language switcher module labellled \"language switcher\" and visit the fruit shop or park sample sites. Then follow<a href=\"http://docs.joomla.org/Language_Switcher_Tutorial_for_Joomla_1.6\"> the instructions in this tutorial</a>.</p>','',1,0,0,67,'2011-01-01 00:00:01',42,'Joomla!','2011-01-10 03:57:35',42,0,'0000-00-00 00:00:00','2011-01-01 00:00:01','0000-00-00 00:00:00','','','{\"show_title\":\"\",\"link_titles\":\"\",\"show_intro\":\"\",\"show_category\":\"\",\"link_category\":\"\",\"show_parent_category\":\"\",\"link_parent_category\":\"\",\"show_author\":\"\",\"show_create_date\":\"\",\"show_modify_date\":\"\",\"show_publish_date\":\"\",\"show_readmore\":\"\",\"show_print_icon\":\"\",\"show_email_icon\":\"\",\"show_hits\":\"\",\"page_title\":\"\",\"alternative_readmore\":\"\",\"layout\":\"\"}',2,0,3,'','',1,3,'',0,'*',''),(27,125,'Latest Articles Module','latest-articles-module','','<p>This Module shows a list of the most recently published and current Articles. Some that are shown may have expired even though they are the most recent. <a href=\"http://help.joomla.org/proxy/index.php?option=com_help&amp;keyref=Help16:Extensions_Module_Manager_Latest_News\" title=\"Latest Articles\">Help</a></p>\r\n<div class=\"sample-module\">{loadmodule articles_latest,Latest News}</div>','',1,0,0,64,'2011-01-01 00:00:01',42,'','2011-09-17 22:14:56',42,0,'0000-00-00 00:00:00','2011-01-01 00:00:01','0000-00-00 00:00:00','','','{\"show_title\":\"\",\"link_titles\":\"\",\"show_intro\":\"\",\"show_category\":\"\",\"link_category\":\"\",\"show_parent_category\":\"\",\"link_parent_category\":\"\",\"show_author\":\"\",\"link_author\":\"\",\"show_create_date\":\"\",\"show_modify_date\":\"\",\"show_publish_date\":\"\",\"show_item_navigation\":\"\",\"show_icons\":\"\",\"show_print_icon\":\"\",\"show_email_icon\":\"\",\"show_vote\":\"\",\"show_hits\":\"\",\"show_noauth\":\"\",\"page_title\":\"\",\"alternative_readmore\":\"\",\"layout\":\"\"}',8,0,1,'modules, content','',1,15,'{\"robots\":\"\",\"author\":\"\",\"rights\":\"\",\"xreference\":\"\"}',0,'*',''),(28,126,'Login Module','login-module','','<p>This module displays a username and password login form. It also displays a link to retrieve a forgotten password. If user registration is enabled (in the Global Configuration settings), another link will be shown to enable self-registration for users. <a href=\"http://help.joomla.org/proxy/index.php?option=com_help&amp;keyref=Help16:Extensions_Module_Manager_Login\" title=\"Login\">Help</a></p>\r\n<div class=\"sample-module\">{loadmodule login,login}</div>','',1,0,0,65,'2011-01-01 00:00:01',42,'Joomla!','2011-09-17 22:20:35',42,0,'0000-00-00 00:00:00','2011-01-01 00:00:01','0000-00-00 00:00:00','','','{\"show_title\":\"\",\"link_titles\":\"\",\"show_intro\":\"\",\"show_category\":\"\",\"link_category\":\"\",\"show_parent_category\":\"\",\"link_parent_category\":\"\",\"show_author\":\"\",\"show_create_date\":\"\",\"show_modify_date\":\"\",\"show_publish_date\":\"\",\"show_readmore\":\"\",\"show_print_icon\":\"\",\"show_email_icon\":\"\",\"show_hits\":\"\",\"page_title\":\"\",\"alternative_readmore\":\"\",\"layout\":\"\"}',4,0,2,'','',1,5,'',0,'*',''),(29,127,'Menu Module','menu-module','','<p>This module displays a menu on the site (frontend).  Menus can be displayed in a wide variety of ways by using the menu options and css menu styles. <a href=\"http://help.joomla.org/proxy/index.php?option=com_help&amp;keyref=Help16:Extensions_Module_Manager_Menu\">Help</a></p>\r\n<div class=\"sample-module\">{loadmodule mod_menu,Menu Example}</div>','',1,0,0,75,'2011-01-01 00:00:01',42,'Joomla!','2011-09-17 22:18:45',42,0,'0000-00-00 00:00:00','2011-01-01 00:00:01','0000-00-00 00:00:00','','','{\"show_title\":\"\",\"link_titles\":\"\",\"show_intro\":\"\",\"show_category\":\"\",\"link_category\":\"\",\"show_parent_category\":\"\",\"link_parent_category\":\"\",\"show_author\":\"\",\"show_create_date\":\"\",\"show_modify_date\":\"\",\"show_publish_date\":\"\",\"show_readmore\":\"\",\"show_print_icon\":\"\",\"show_email_icon\":\"\",\"show_hits\":\"\",\"page_title\":\"\",\"alternative_readmore\":\"\",\"layout\":\"\"}',8,0,1,'','',1,11,'',0,'*',''),(30,128,'Most Read Content','most-read-content','','<p>This Module shows a list of the currently published Articles which have the highest number of page views. <a href=\"http://help.joomla.org/proxy/index.php?option=com_help&amp;keyref=Help16:Extensions_Module_Manager_Most_Read\" title=\"Most Read Content\">Help</a></p>\r\n<div class=\"sample-module\">{loadmodule articles_popular,Articles Most Read}</div>','',1,0,0,64,'2011-01-01 00:00:01',42,'Joomla!','2011-09-17 22:15:37',42,0,'0000-00-00 00:00:00','2011-01-01 00:00:01','0000-00-00 00:00:00','','','{\"show_title\":\"\",\"link_titles\":\"\",\"show_intro\":\"\",\"show_category\":\"\",\"link_category\":\"\",\"show_parent_category\":\"\",\"link_parent_category\":\"\",\"show_author\":\"\",\"link_author\":\"\",\"show_create_date\":\"\",\"show_modify_date\":\"\",\"show_publish_date\":\"\",\"show_item_navigation\":\"\",\"show_icons\":\"\",\"show_print_icon\":\"\",\"show_email_icon\":\"\",\"show_vote\":\"\",\"show_hits\":\"\",\"show_noauth\":\"\",\"page_title\":\"\",\"alternative_readmore\":\"\",\"layout\":\"\"}',5,0,2,'modules, content','',1,10,'{\"robots\":\"\",\"author\":\"\",\"rights\":\"\",\"xreference\":\"\"}',0,'*',''),(31,129,'News Flash','news-flash','','<p>Displays a set number of articles from a category based on date or random selection. <a href=\"http://help.joomla.org/proxy/index.php?option=com_help&amp;keyref=Help16:Extensions_Module_Manager_Articles_Newsflash\" title=\"News Flash Module\">Help</a></p>\r\n<div class=\"sample-module\">{loadmodule articles_news,News Flash}</div>','',1,0,0,64,'2011-01-01 00:00:01',42,'','2011-09-17 22:16:46',42,0,'0000-00-00 00:00:00','2011-01-01 00:00:01','0000-00-00 00:00:00','','','{\"show_title\":\"\",\"link_titles\":\"\",\"show_intro\":\"\",\"show_category\":\"\",\"link_category\":\"\",\"show_parent_category\":\"\",\"link_parent_category\":\"\",\"show_author\":\"\",\"link_author\":\"\",\"show_create_date\":\"\",\"show_modify_date\":\"\",\"show_publish_date\":\"\",\"show_item_navigation\":\"\",\"show_icons\":\"\",\"show_print_icon\":\"\",\"show_email_icon\":\"\",\"show_vote\":\"\",\"show_hits\":\"\",\"show_noauth\":\"\",\"page_title\":\"\",\"alternative_readmore\":\"\",\"layout\":\"\"}',4,0,3,'modules, content','',1,10,'{\"robots\":\"\",\"author\":\"\",\"rights\":\"\",\"xreference\":\"\"}',0,'*',''),(32,130,'Parameters','parameters','','<p>As you make your Joomla! site using the extension you will control the details of the display using <em>parameter</em><strong>s</strong>. Parameters control everything from whether the author\'s name is displayed to who can view what to the number of items shown on a list.</p>\r\n<p>Default parameters for each component are changed using the Options button on the component toolbar.</p>\r\n<p>Parameters can also be set on an individual item, such as an article or contact and in menu links.</p>\r\n<p>If you are happy with how your site looks, it is fine to leave all of the parameters set to the defaults that were created when your site was installed. As you become more experienced with Joomla! you will use parameters more.</p>\r\n<p> </p>','',1,0,0,19,'2011-01-01 00:00:01',42,'Joomla!','2011-09-05 19:55:56',42,0,'0000-00-00 00:00:00','2011-01-01 00:00:01','0000-00-00 00:00:00','','','{\"show_title\":\"\",\"link_titles\":\"\",\"show_intro\":\"\",\"show_category\":\"\",\"link_category\":\"\",\"show_parent_category\":\"\",\"link_parent_category\":\"\",\"show_author\":\"\",\"link_author\":\"\",\"show_create_date\":\"\",\"show_modify_date\":\"\",\"show_publish_date\":\"\",\"show_item_navigation\":\"\",\"show_icons\":\"\",\"show_print_icon\":\"\",\"show_email_icon\":\"\",\"show_vote\":\"\",\"show_hits\":\"\",\"show_noauth\":\"\",\"alternative_readmore\":\"\",\"article_layout\":\"\"}',2,0,10,'','',1,2,'{\"robots\":\"\",\"author\":\"\",\"rights\":\"\",\"xreference\":\"\"}',0,'*',''),(33,131,'Phyllopteryx','phyllopteryx','','<p><img src=\"images/sampledata/parks/animals/200px_phyllopteryx_taeniolatus1.jpg\" border=\"0\" style=\"vertical-align: middle;\" /></p><p> </p>','<p><img src=\"images/sampledata/parks/animals/800px_phyllopteryx_taeniolatus1.jpg\" border=\"0\" style=\"vertical-align: middle;\" /></p><p> </p><p>Source: http://en.wikipedia.org/wiki/File:Phyllopteryx_taeniolatus1.jpg</p><p>Author: Richard Ling</p><p>License: GNU Free Documentation License v 1.2 or later</p>',1,0,0,72,'2011-01-01 00:00:01',42,'Parks Webmaster','2011-01-01 00:00:01',42,0,'0000-00-00 00:00:00','2011-01-01 00:00:01','0000-00-00 00:00:00','','','{\"show_title\":\"\",\"link_titles\":\"\",\"show_intro\":\"\",\"show_category\":\"\",\"link_category\":\"\",\"show_parent_category\":\"\",\"link_parent_category\":\"\",\"show_author\":\"\",\"show_create_date\":\"\",\"show_modify_date\":\"\",\"show_publish_date\":\"\",\"show_readmore\":\"\",\"show_print_icon\":\"\",\"show_email_icon\":\"\",\"show_hits\":\"\",\"page_title\":\"\",\"alternative_readmore\":\"\",\"layout\":\"\"}',1,0,3,'','',1,0,'',0,'*',''),(34,132,'Pinnacles','pinnacles','','<p><img src=\"images/sampledata/parks/landscape/120px_pinnacles_western_australia.jpg\" border=\"0\" alt=\"Kings Canyon\" width=\"120\" height=\"90\" style=\"vertical-align: middle; border: 0;\" /></p>','<p><img src=\"images/sampledata/parks/landscape/800px_pinnacles_western_australia.jpg\" border=\"0\" alt=\"King\'s Canyon\" width=\"500\" height=\"374\" style=\"vertical-align: middle; border: 0;\" /></p><p> </p><p class=\"caption\">Source: http://commons.wikimedia.org/wiki/File:Pinnacles_Western_Australia.jpg</p><p class=\"caption\">Author: <a class=\"new\" href=\"http://commons.wikimedia.org/w/index.php?title=User:Markdoe&action=edit&redlink=1\" title=\"User:Markdoe (page does not exist)\"></a>Martin Gloss</p><p class=\"caption\">License: GNU Free Documentation license v 1.2 or later.</p>',1,0,0,73,'2011-01-01 00:00:01',42,'Parks Webmaster','2011-01-01 00:00:01',42,0,'0000-00-00 00:00:00','2011-01-01 00:00:01','0000-00-00 00:00:00','','','{\"show_title\":\"\",\"link_titles\":\"\",\"show_intro\":\"\",\"show_category\":\"\",\"link_category\":\"\",\"show_parent_category\":\"\",\"link_parent_category\":\"\",\"show_author\":\"\",\"show_create_date\":\"\",\"show_modify_date\":\"\",\"show_publish_date\":\"\",\"show_readmore\":\"\",\"show_print_icon\":\"\",\"show_email_icon\":\"\",\"show_hits\":\"\",\"page_title\":\"\",\"alternative_readmore\":\"\",\"layout\":\"\"}',1,0,4,'','',1,0,'',0,'*',''),(35,133,'Professionals','professionals','','<p>Joomla! 1.7 continues development of the Joomla Framework and CMS as a powerful and flexible way to bring your vision of the web to reality. With the administrator now fully MVC, the ability to control its look and the management of extensions is now complete.</p>\r\n','\r\n<p>Working with multiple template styles and overrides for the same views, creating the design you want is easier than it has ever been. Limiting support to PHP 5.2.4 and above and ending legacy support for Joomla 1.0 extensions makes Joomla! lighter and faster than ever. Languages files can now be overridden without having your changes lost during an upgrade.  With the proper xml your users update extensions with a single click.</p>\r\n<p>Access control lists are now incorporated using a new system developed for Joomla!. The ACL system is designed with developers in mind, so it is easy to incorporate into your extensions. The new nested sets libraries allow you to incorporate infinitely deep categories but also to use nested sets in a variety of other ways.</p>\r\n<p>A new forms library makes creating all kinds of user interaction simple. MooTools 1.3 provides a highly flexible javascript framework that is a major advance over MooTools 1.0.</p>\r\n<p>New events throughout the core make integration of your plugins where you want them a snap.</p>\r\n<p>The separation of the Joomla! Platform project from the Joomla! CMS project makes continuous development of new, powerful APIs  and continuous improvement of existing APIs possible while maintaining the stability of the CMS that millions of webmasters and professionals rely upon.</p>\r\n<p>Learn about:</p>\r\n<ul>\r\n<li><a href=\"http://docs.joomla.org/What\'s_new_in_Joomla_1.6\">Changes since 1.5</a></li>\r\n<li><a href=\"http://docs.joomla.org/ACL_Tutorial_for_Joomla_1.6\">Working with ACL</a></li>\r\n<li><a href=\"http://docs.joomla.org/API16:JCategories\">Working with nested categories</a></li>\r\n<li><a href=\"http://docs.joomla.org/API16:JForm\">Forms library</a></li>\r\n<li><a href=\"http://docs.joomla.org/Working_with_Mootools_1.3\">Working with Mootools 1.3</a></li>\r\n<li><a href=\"http://docs.joomla.org/Layout_Overrides_in_Joomla_1.6\">Using new features of the override system</a></li>\r\n<li><a href=\"http://api.joomla.org\">Joomla! API</a></li>\r\n<li><a href=\"http://docs.joomla.org/API16:JDatabaseQuery\">Using JDatabaseQuery</a></li>\r\n<li><a href=\"http://docs.joomla.org/What\'s_new_in_Joomla_1.6#Events\">New and updated events</a></li>\r\n<li><a href=\"http://docs.joomla.org/Xml-rpc_changes_in_Joomla!_1.6\">Xmlrpc</a></li>\r\n<li><a href=\"http://docs.joomla.org/What\'s_new_in_Joomla_1.6#Extension_management\">Installing and updating extensions</a></li>\r\n<li><a href=\"http://docs.joomla.org/Setting_up_your_workstation_for_Joomla!_development\">Setting up your development environment</a></li>\r\n<li><a href=\"github.com/joomla\">The Joomla! Platform Repository</a> </li>\r\n</ul>',1,0,0,19,'2011-01-01 00:00:01',42,'Joomla!','2011-09-05 19:52:39',42,0,'0000-00-00 00:00:00','2011-01-09 16:41:13','0000-00-00 00:00:00','','','{\"show_title\":\"\",\"link_titles\":\"\",\"show_intro\":\"\",\"show_category\":\"\",\"link_category\":\"\",\"show_parent_category\":\"\",\"link_parent_category\":\"\",\"show_author\":\"\",\"link_author\":\"\",\"show_create_date\":\"\",\"show_modify_date\":\"\",\"show_publish_date\":\"\",\"show_item_navigation\":\"\",\"show_icons\":\"\",\"show_print_icon\":\"\",\"show_email_icon\":\"\",\"show_vote\":\"\",\"show_hits\":\"\",\"show_noauth\":\"\",\"alternative_readmore\":\"\",\"article_layout\":\"\"}',15,0,5,'','',1,10,'{\"robots\":\"\",\"author\":\"\",\"rights\":\"\",\"xreference\":\"\"}',1,'*',''),(36,134,'Random Image Module','random-image-module','','<p>This Module displays a random image from your chosen image directory. <a href=\"http://help.joomla.org/proxy/index.php?option=com_help&amp;keyref=Help16:Extensions_Module_Manager_Random_Image\" title=\"Random Image Module\">Help</a></p>\r\n<div class=\"sample-module\">{loadmodule random_image,Random Image}</div>','',1,0,0,66,'2011-01-01 00:00:01',42,'','2011-09-17 22:23:31',42,0,'0000-00-00 00:00:00','2011-01-01 00:00:01','0000-00-00 00:00:00','','','{\"show_title\":\"\",\"link_titles\":\"\",\"show_intro\":\"\",\"show_category\":\"\",\"link_category\":\"\",\"show_parent_category\":\"\",\"link_parent_category\":\"\",\"show_author\":\"\",\"show_create_date\":\"\",\"show_modify_date\":\"\",\"show_publish_date\":\"\",\"show_readmore\":\"\",\"show_print_icon\":\"\",\"show_email_icon\":\"\",\"show_hits\":\"\",\"page_title\":\"\",\"alternative_readmore\":\"\",\"layout\":\"\"}',5,0,4,'','',1,6,'',0,'*',''),(37,135,'Related Items Module','related-items-module','','<p>This Module displays other Articles that are related to the one currently being viewed. These relations are established by the Meta Keywords.  All the keywords of the current Article are searched against all the keywords of all other published articles. <a href=\"http://help.joomla.org/proxy/index.php?option=com_help&amp;keyref=Help16:Extensions_Module_Manager_Articles_Related\" title=\"Related Items Module\">Help</a></p>\r\n<div class=\"sample-module\">{loadmodule related_items,Articles Related Items}</div>','',1,0,0,64,'2011-01-01 00:00:01',42,'Joomla!','2011-09-17 22:17:41',42,0,'0000-00-00 00:00:00','2011-01-01 00:00:01','0000-00-00 00:00:00','','','{\"show_title\":\"\",\"link_titles\":\"\",\"show_intro\":\"\",\"show_category\":\"\",\"link_category\":\"\",\"show_parent_category\":\"\",\"link_parent_category\":\"\",\"show_author\":\"\",\"link_author\":\"\",\"show_create_date\":\"\",\"show_modify_date\":\"\",\"show_publish_date\":\"\",\"show_item_navigation\":\"\",\"show_icons\":\"\",\"show_print_icon\":\"\",\"show_email_icon\":\"\",\"show_vote\":\"\",\"show_hits\":\"\",\"show_noauth\":\"\",\"page_title\":\"\",\"alternative_readmore\":\"\",\"layout\":\"\"}',4,0,4,'modules, content','',1,5,'{\"robots\":\"\",\"author\":\"\",\"rights\":\"\",\"xreference\":\"\"}',0,'*',''),(38,136,'Sample Sites','sample-sites','','<p>Your installation includes sample data, designed to show you some of the options you have for building your website. In addition to information about Joomla! there are two sample \"sites within a site\" designed to help you get started with builidng your own site.</p><p>The first site is a simple site about <a href=\"index.php?Itemid=243\">Australian Parks</a>. It shows how you can quickly and easily build a personal site with just the building blocks that are part of Joomla!. It includes a personal blog, weblinks, and a very simple image gallery.</p><p>The second site is slightly more complex and represents what you might do if you are building a site for a small business, in this case a <a href=\"index.php/welcome.html\"></a><a href=\"index.php?Itemid=429\">Fruit Shop</a>.</p><p>In building either style site, or something completely different, you will probably want to add <a href=\"http://extensions.joomla.org\">extensions</a> and either create or purchase your own template. Many Joomla! users start off by modifying the <a href=\"http://docs.joomla.org/How_do_you_modify_a_template%3F\">templates</a> that come with the core distribution so that they include special images and other design elements that relate to their site\'s focus.</p>','',1,0,0,19,'2011-01-01 00:00:01',42,'Joomla!','2011-01-01 00:00:01',42,0,'0000-00-00 00:00:00','2011-01-01 00:00:01','0000-00-00 00:00:00','','','{\"show_title\":\"\",\"link_titles\":\"\",\"show_intro\":\"\",\"show_category\":\"\",\"link_category\":\"\",\"show_parent_category\":\"\",\"link_parent_category\":\"\",\"show_author\":\"\",\"show_create_date\":\"\",\"show_modify_date\":\"\",\"show_publish_date\":\"\",\"show_readmore\":\"\",\"show_print_icon\":\"\",\"show_email_icon\":\"\",\"show_hits\":\"\",\"page_title\":\"\",\"alternative_readmore\":\"\",\"layout\":\"\"}',1,0,11,'','',1,2,'',0,'*',''),(39,137,'Search','search-component','','<p>The search component provides basic search functionality for the information contained in your core components. Many third party extensions also can be searched by the search component. <a href=\"http://help.joomla.org/proxy/index.php?option=com_help&amp;keyref=Help16:Components_Search\">Help</a></p>','',1,0,0,21,'2011-01-01 00:00:01',42,'Joomla!','2011-01-10 04:19:31',42,0,'0000-00-00 00:00:00','2011-01-01 00:00:01','0000-00-00 00:00:00','','','{\"show_title\":\"\",\"link_titles\":\"\",\"show_intro\":\"\",\"show_category\":\"\",\"link_category\":\"\",\"show_parent_category\":\"\",\"link_parent_category\":\"\",\"show_author\":\"\",\"link_author\":\"\",\"show_create_date\":\"\",\"show_modify_date\":\"\",\"show_publish_date\":\"\",\"show_item_navigation\":\"\",\"show_icons\":\"\",\"show_print_icon\":\"\",\"show_email_icon\":\"\",\"show_vote\":\"\",\"show_hits\":\"\",\"show_noauth\":\"\",\"alternative_readmore\":\"\",\"article_layout\":\"\"}',2,0,3,'','',1,1,'{\"robots\":\"\",\"author\":\"\",\"rights\":\"\",\"xreference\":\"\"}',0,'*',''),(40,138,'Search Module','search-module','','<p>This module will display a search box. <a href=\"http://help.joomla.org/proxy/index.php?option=com_help&amp;keyref=Help16:Extensions_Module_Manager_Search\" title=\"Search\">Help</a></p>\r\n<div class=\"sample-module\">{loadmodule search,Search}</div>','',1,0,0,67,'2011-01-01 00:00:01',42,'Joomla!','2011-09-17 22:35:56',42,0,'0000-00-00 00:00:00','2011-01-01 00:00:01','0000-00-00 00:00:00','','','{\"show_title\":\"\",\"link_titles\":\"\",\"show_intro\":\"\",\"show_category\":\"\",\"link_category\":\"\",\"show_parent_category\":\"\",\"link_parent_category\":\"\",\"show_author\":\"\",\"show_create_date\":\"\",\"show_modify_date\":\"\",\"show_publish_date\":\"\",\"show_readmore\":\"\",\"show_print_icon\":\"\",\"show_email_icon\":\"\",\"show_hits\":\"\",\"page_title\":\"\",\"alternative_readmore\":\"\",\"layout\":\"\"}',4,0,4,'','',1,5,'',0,'*',''),(41,139,'Search ','search-plugin','','<p>The search component uses plugins to control which parts of your Joomla! site are searched. You may choose to turn off some areas to improve performance or for other reasons. Many third party Joomla! extensions have search plugins that extend where search takes place.</p>\r\n<p>Default On:</p>\r\n<ul>\r\n<li>Content <a href=\"http://help.joomla.org/proxy/index.php?option=com_help&amp;amp;keyref=Help17:Extensions_Plugin_Manager_Edit#Search_-_Content\">Help</a></li>\r\n<li>Contacts <a href=\"http://help.joomla.org/proxy/index.php?option=com_help&amp;amp;keyref=Help17:Extensions_Plugin_Manager_Edit#Search_-_Contacts\">Help</a></li>\r\n<li>Weblinks <a href=\"http://help.joomla.org/proxy/index.php?option=com_help&amp;amp;keyref=Help17:Extensions_Plugin_Manager_Edit#Search_-_Weblinks\">Help</a></li>\r\n<li>News Feeds <a href=\"http://help.joomla.org/proxy/index.php?option=com_help&amp;amp;keyref=Help17:Extensions_Plugin_Manager_Edit#Search_-_Newsfeeds\">Help</a></li>\r\n<li>Categories <a href=\"http://help.joomla.org/proxy/index.php?option=com_help&amp;amp;keyref=Help17:Extensions_Plugin_Manager_Edit#Search_-_Categories\">Help</a></li>\r\n</ul>','',1,0,0,25,'2011-01-01 00:00:01',42,'Joomla!','2011-09-06 06:13:18',42,0,'0000-00-00 00:00:00','2011-01-01 00:00:01','0000-00-00 00:00:00','','','{\"show_title\":\"\",\"link_titles\":\"\",\"show_intro\":\"\",\"show_category\":\"\",\"link_category\":\"\",\"show_parent_category\":\"\",\"link_parent_category\":\"\",\"show_author\":\"\",\"show_create_date\":\"\",\"show_modify_date\":\"\",\"show_publish_date\":\"\",\"show_readmore\":\"\",\"show_print_icon\":\"\",\"show_email_icon\":\"\",\"show_hits\":\"\",\"page_title\":\"\",\"alternative_readmore\":\"\",\"layout\":\"\"}',3,0,1,'','',1,0,'',0,'*',''),(42,140,'Site Map','site-map','','<p>{loadposition sitemapload}</p><p><em>By putting all of your content into nested categories you can give users and search engines access to everything using a menu.</em></p>','',1,0,0,14,'2011-01-01 00:00:01',42,'Joomla!','2011-01-01 00:00:01',42,0,'0000-00-00 00:00:00','2011-01-01 00:00:01','0000-00-00 00:00:00','','','{\"show_title\":\"\",\"link_titles\":\"\",\"show_intro\":\"\",\"show_category\":\"\",\"link_category\":\"\",\"show_parent_category\":\"\",\"link_parent_category\":\"\",\"show_author\":\"\",\"show_create_date\":\"\",\"show_modify_date\":\"\",\"show_publish_date\":\"\",\"show_readmore\":\"\",\"show_print_icon\":\"\",\"show_email_icon\":\"\",\"show_hits\":\"\",\"page_title\":\"\",\"alternative_readmore\":\"\",\"layout\":\"\"}',1,0,1,'','',1,0,'',0,'*',''),(43,141,'Spotted Quoll','spotted-quoll','','<p><img src=\"images/sampledata/parks/animals/220px_spottedquoll_2005_seanmcclean.jpg\" border=\"0\" alt=\"Spotted Quoll\" style=\"vertical-align: middle; border: 0;\" /></p>','<p><img src=\"images/sampledata/parks/animals/789px_spottedquoll_2005_seanmcclean.jpg\" border=\"0\" alt=\"Spotted Quoll\" style=\"vertical-align: middle;\" /></p><p> </p><p>Source: http://en.wikipedia.org/wiki/File:SpottedQuoll_2005_SeanMcClean.jpg</p><p>Author: Sean McClean</p><p>License: GNU Free Documentation License v 1.2 or later</p>',1,0,0,72,'2011-01-01 00:00:01',42,'Parks Webmaster','2011-01-01 00:00:01',42,0,'0000-00-00 00:00:00','2011-01-01 00:00:01','0000-00-00 00:00:00','','','{\"show_title\":\"\",\"link_titles\":\"\",\"show_intro\":\"\",\"show_category\":\"\",\"link_category\":\"\",\"show_parent_category\":\"\",\"link_parent_category\":\"\",\"show_author\":\"\",\"show_create_date\":\"\",\"show_modify_date\":\"\",\"show_publish_date\":\"\",\"show_readmore\":\"\",\"show_print_icon\":\"\",\"show_email_icon\":\"\",\"show_hits\":\"\",\"page_title\":\"\",\"alternative_readmore\":\"\",\"layout\":\"\"}',1,0,4,'','',1,0,'',0,'*',''),(44,142,'Statistics Module','statistics','','<p>The Statistics Module shows information about your server installation together with statistics on the Web site users, number of Articles in your database and the number of Web links you provide.</p>\r\n<div class=\"sample-module\">{loadmodule mod_stats,Statistics}</div>','',1,0,0,67,'2011-01-01 00:00:01',42,'Joomla!','2011-09-17 22:36:28',42,0,'0000-00-00 00:00:00','2011-01-01 00:00:01','0000-00-00 00:00:00','','','{\"show_title\":\"\",\"link_titles\":\"\",\"show_intro\":\"\",\"show_category\":\"\",\"link_category\":\"\",\"show_parent_category\":\"\",\"link_parent_category\":\"\",\"show_author\":\"\",\"show_create_date\":\"\",\"show_modify_date\":\"\",\"show_publish_date\":\"\",\"show_readmore\":\"\",\"show_print_icon\":\"\",\"show_email_icon\":\"\",\"show_hits\":\"\",\"page_title\":\"\",\"alternative_readmore\":\"\",\"layout\":\"\"}',5,0,5,'','',1,5,'',0,'*',''),(45,143,'Syndicate Module','syndicate-module','','<p>The syndicate module allows you to display a link that allows users to take a feed from your site. It will only display on pages for which feeds are possible. That means it will not display on single article, contact or weblinks pages, such as this one. <a href=\"http://docs.joomla.org/Help15:Screen.modulessite.edit.15#Syndicate\" title=\"Synicate Module\">Help</a></p>\r\n<div class=\"sample-module\">{loadposition syndicate,Syndicate}</div>','',1,0,0,67,'2011-01-01 00:00:01',42,'','2011-09-17 22:37:24',42,0,'0000-00-00 00:00:00','2011-01-01 00:00:01','0000-00-00 00:00:00','','','{\"show_title\":\"\",\"link_titles\":\"\",\"show_intro\":\"\",\"show_category\":\"\",\"link_category\":\"\",\"show_parent_category\":\"\",\"link_parent_category\":\"\",\"show_author\":\"\",\"show_create_date\":\"\",\"show_modify_date\":\"\",\"show_publish_date\":\"\",\"show_readmore\":\"\",\"show_print_icon\":\"\",\"show_email_icon\":\"\",\"show_hits\":\"\",\"page_title\":\"\",\"alternative_readmore\":\"\",\"layout\":\"\"}',2,0,6,'','',1,2,'',0,'*',''),(46,144,'System','system','','<p>System plugins operate every time a page on your site loads. They control such things as your URLS, whether users can check a \"remember me\" box on the login module, and whether caching is enabled.  New in 1.6 is the redirect plugin that with the redirect component assist you in managing changes in URLs.</p>\r\n<p>Default on:</p>\r\n<ul>\r\n<li>Remember me <a href=\"http://help.joomla.org/proxy/index.php?option=com_help&amp;amp;keyref=Help17:Extensions_Plugin_Manager_Edit#System_-_Remember_Me\">Help</a></li>\r\n<li>SEF <a href=\"http://help.joomla.org/proxy/index.php?option=com_help&amp;amp;keyref=Help17:Extensions_Plugin_Manager_Edit#System_-_SEF\">Help</a></li>\r\n<li>Debug <a href=\"http://help.joomla.org/proxy/index.php?option=com_help&amp;amp;keyref=Help17:Extensions_Plugin_Manager_Edit#System_-_Debug\">Help</a></li>\r\n</ul>\r\n<p>Default off:</p>\r\n<ul>\r\n<li>Cache <a href=\"http://help.joomla.org/proxy/index.php?option=com_help&amp;amp;keyref=Help17:Extensions_Plugin_Manager_Edit#System_-_Cache\">Help</a></li>\r\n<li>Log <a href=\"http://help.joomla.org/proxy/index.php?option=com_help&amp;amp;keyref=Help17:Extensions_Plugin_Manager_Edit#System_-_Log\">Help</a></li>\r\n<li>Redirect <a href=\"http://help.joomla.org/proxy/index.php?option=com_help&amp;amp;keyref=Help17:Extensions_Plugin_Manager_Edit#System_-_Redirect\">Help</a></li>\r\n</ul>','',1,0,0,25,'2011-01-01 00:00:01',42,'Joomla!','2011-09-06 06:12:56',42,0,'0000-00-00 00:00:00','2011-01-01 00:00:01','0000-00-00 00:00:00','','','{\"show_title\":\"\",\"link_titles\":\"\",\"show_intro\":\"\",\"show_category\":\"\",\"link_category\":\"\",\"show_parent_category\":\"\",\"link_parent_category\":\"\",\"show_author\":\"\",\"show_create_date\":\"\",\"show_modify_date\":\"\",\"show_publish_date\":\"\",\"show_readmore\":\"\",\"show_print_icon\":\"\",\"show_email_icon\":\"\",\"show_hits\":\"\",\"page_title\":\"\",\"alternative_readmore\":\"\",\"layout\":\"\"}',4,0,2,'','',1,1,'',0,'*',''),(47,145,'The Joomla! Community','the-joomla-community','','<p>Joomla! means All Together, and it is a community of people all working and having fun together that makes Joomla! possible. Thousands of people each year participate in the Joomla! community, and we hope you will be one of them.</p><p>People with all kinds of skills, of all skill levels and from around the world are welcome to join in. Participate in the <a href=\"http://joomla.org\">Joomla.org</a> family of websites (the<a href=\"http://forum.joomla.org\"> forum </a>is a great place to start). Come to a <a href=\"http://community.joomla.org/events.html\">Joomla! event</a>. Join or start a <a href=\"http://community.joomla.org/user-groups.html\">Joomla! Users Group</a>. Whether you are a developer, site administrator, designer, end user or fan, there are ways for you to participate and contribute.</p>','',1,0,0,19,'2011-01-01 00:00:01',42,'Joomla!','2011-01-01 00:00:01',42,0,'0000-00-00 00:00:00','2011-01-01 00:00:01','0000-00-00 00:00:00','','','{\"show_title\":\"\",\"link_titles\":\"\",\"show_intro\":\"\",\"show_category\":\"\",\"link_category\":\"\",\"show_parent_category\":\"\",\"link_parent_category\":\"\",\"show_author\":\"\",\"show_create_date\":\"\",\"show_modify_date\":\"\",\"show_publish_date\":\"\",\"show_readmore\":\"\",\"show_print_icon\":\"\",\"show_email_icon\":\"\",\"show_hits\":\"\",\"page_title\":\"\",\"alternative_readmore\":\"\",\"layout\":\"\"}',1,0,4,'','',1,0,'',0,'*',''),(48,146,'The Joomla! Project','the-joomla-project','','<p>The Joomla! Project consists of all of the people who make and support the Joomla! Web Platform and Content Management System.</p><p>Our mission is to provide a flexible platform for digital publishing and collaboration.</p><p>The core values are:</p><ul><li>Freedom</li><li>Equality</li><li>Trust</li><li>Community</li><li>Collaboration</li><li>Usability</li></ul><p>In our vision, we see:</p><ul><li>People publishing and collaborating in their communities and around the world</li><li>Software that is free, secure, and high-quality</li><li>A community that is enjoyable and rewarding to participate in</li><li>People around the world using their preferred languages</li><li>A project that acts autonomously</li><li>A project that is socially responsible</li><li>A project dedicated to maintaining the trust of its users</li></ul><p>There are millions of users around the world and thousands of people who contribute to the Joomla! Project. They work in three main groups: the Production Working Group, responsible for everything that goes into software and documentation; the Community Working Group, responsible for creating a nurturing the community; and Open Source Matters, the non profit organization responsible for managing legal, financial and organizational issues.</p><p>Joomla! is a free and open source project, which uses the GNU General Public License version 2 or later.</p>','',1,0,0,19,'2011-01-01 00:00:01',42,'','2011-01-01 00:00:01',42,0,'0000-00-00 00:00:00','2011-01-01 00:00:01','0000-00-00 00:00:00','','','{\"show_title\":\"\",\"link_titles\":\"\",\"show_intro\":\"\",\"show_category\":\"\",\"link_category\":\"\",\"show_parent_category\":\"\",\"link_parent_category\":\"\",\"show_author\":\"\",\"show_create_date\":\"\",\"show_modify_date\":\"\",\"show_publish_date\":\"\",\"show_readmore\":\"\",\"show_print_icon\":\"\",\"show_email_icon\":\"\",\"show_hits\":\"\",\"page_title\":\"\",\"alternative_readmore\":\"\",\"layout\":\"\"}',1,0,1,'','',1,1,'',0,'*',''),(49,147,'Typography','typography','','<h1>H1 ABCDEFGHIJKLMNOPQRSTUVWXYZ abcdefghijklmonpqrstuvwzyz</h1><h2>H2 ABCDEFGHIJKLMNOPQRSTUVWXYZ abcdefghijklmonpqrstuvwzyz</h2><h3>H3 ABCDEFGHIJKLMNOPQRSTUVWXYZ abcdefghijklmonpqrstuvwzyz</h3><h4>H4 ABCDEFGHIJKLMNOPQRSTUVWXYZ abcdefghijklmonpqrstuvwzyz</h4><h5>H5 ABCDEFGHIJKLMNOPQRSTUVWXYZ abcdefghijklmonpqrstuvwzyz</h5><h6>H6 ABCDEFGHIJKLMNOPQRSTUVWXYZ abcdefghijklmonpqrstuvwzyz</h6><p>P The quick brown fox ran over the lazy dog. THE QUICK BROWN FOX RAN OVER THE LAZY DOG.</p><ul><li>Item</li><li>Item</li><li>Item<br /> <ul><li>Item</li><li>Item</li><li>Item<br /> <ul><li>Item</li><li>Item</li><li>Item</li></ul></li></ul></li></ul><ol><li>tem</li><li>Item</li><li>Item<br /> <ol><li>Item</li><li>Item</li><li>Item<br /><ol><li>Item</li><li>Item</li><li>Item</li></ol></li></ol> </li></ol>','',1,0,0,23,'2011-01-01 00:00:01',42,'Joomla!','2011-01-01 00:00:01',42,0,'0000-00-00 00:00:00','2011-01-01 00:00:01','0000-00-00 00:00:00','','','{\"show_title\":\"\",\"link_titles\":\"\",\"show_intro\":\"\",\"show_category\":\"\",\"link_category\":\"\",\"show_parent_category\":\"\",\"link_parent_category\":\"\",\"show_author\":\"\",\"show_create_date\":\"\",\"show_modify_date\":\"\",\"show_publish_date\":\"\",\"show_readmore\":\"\",\"show_print_icon\":\"\",\"show_email_icon\":\"\",\"show_hits\":\"\",\"page_title\":\"\",\"alternative_readmore\":\"\",\"layout\":\"\"}',1,0,1,'','',1,0,'',0,'*',''),(50,148,'Upgraders','upgraders','','<p>If you are an experienced Joomla! 1.5 user, this Joomla! site will seem very familiar. There are new templates and improved user interfaces, but most functionality is the same. The biggest changes are improved access control (ACL) and nested categories. This release of Joomla! has strong continuity with Joomla! 1.6 while adding enhancements.</p>\r\n','\r\n<p>The new user manager which will let you manage who has access to what in your site. You can leave access groups exactly the way you had them in Joomla 1.5 or make them as complicated as you want. You can learn more about<a href=\"http://docs.joomla.org/ACL_Tutorial_for_Joomla_1.6\"> how access control works</a> in on the <a href=\"http://docs.joomla.org\">Joomla! Documentation site</a></p>\r\n<p>In Joomla 1.5 and 1.0 content was organized into sections and categories. From 1.6 forward sections are gone, and you can create categories within categories, going as deep as you want. The sample data provides many examples of the use of nested categories.</p>\r\n<p>All layouts have been redesigned to improve accessibility and flexibility. </p>\r\n<p>Updating your site and extensions when needed is easier than ever thanks to installer improvements.</p>\r\n<p> </p>',1,0,0,19,'2011-01-01 00:00:01',42,'','2011-07-15 00:00:36',42,0,'0000-00-00 00:00:00','2011-01-01 00:00:01','0000-00-00 00:00:00','','','{\"show_title\":\"\",\"link_titles\":\"\",\"show_intro\":\"\",\"show_category\":\"\",\"link_category\":\"\",\"show_parent_category\":\"\",\"link_parent_category\":\"\",\"show_author\":\"\",\"link_author\":\"\",\"show_create_date\":\"\",\"show_modify_date\":\"\",\"show_publish_date\":\"\",\"show_item_navigation\":\"\",\"show_icons\":\"\",\"show_print_icon\":\"\",\"show_email_icon\":\"\",\"show_vote\":\"\",\"show_hits\":\"\",\"show_noauth\":\"\",\"alternative_readmore\":\"\",\"article_layout\":\"\"}',3,0,5,'','',1,3,'{\"robots\":\"\",\"author\":\"\",\"rights\":\"\",\"xreference\":\"\"}',1,'*',''),(51,149,'User','user-plugins','','<p>Default on:</p>\r\n<ul>\r\n<li>Joomla <a href=\"http://help.joomla.org/proxy/index.php?option=com_help&amp;amp;keyref=Help17:Extensions_Plugin_Manager_Edit#User_-_Joomla.21\">Help</a></li>\r\n</ul>\r\n<p>Default off:</p>\r\n<p>Two new plugins are available in 1.6 but are disabled by default.</p>\r\n<ul>\r\n<li>Contact Creator <a href=\"http://help.joomla.org/proxy/index.php?option=com_help&amp;amp;keyref=Help17:Extensions_Plugin_Manager_Edit#User_-_Contact_Creator\">Help</a><br />Creates a new linked contact record for each new user created.</li>\r\n<li>Profile <a href=\"http://help.joomla.org/proxy/index.php?option=com_help&amp;amp;keyref=Help17:Extensions_Plugin_Manager_Edit#User_-_Profile\">Help</a><br />This example profile plugin allows you to insert additional fields into user registration and profile display. This is intended as an example of the types of extensions to the profile you might want to create.</li>\r\n</ul>','',1,0,0,25,'2011-01-01 00:00:01',42,'Joomla!','2011-09-06 05:43:26',42,0,'0000-00-00 00:00:00','2011-01-01 00:00:01','0000-00-00 00:00:00','','','{\"show_title\":\"\",\"link_titles\":\"\",\"show_intro\":\"\",\"show_category\":\"\",\"link_category\":\"\",\"show_parent_category\":\"\",\"link_parent_category\":\"\",\"show_author\":\"\",\"show_create_date\":\"\",\"show_modify_date\":\"\",\"show_publish_date\":\"\",\"show_readmore\":\"\",\"show_print_icon\":\"\",\"show_email_icon\":\"\",\"show_hits\":\"\",\"page_title\":\"\",\"alternative_readmore\":\"\",\"layout\":\"\"}',2,0,4,'','',1,0,'',0,'*',''),(52,150,'Users','users-component','','<p>The users extension lets your site visitors register, login and logout, change their passwords and other information, and recover lost passwords. In the administrator it allows you to create, block and manage users and create user groups and access levels. <a href=\"http://help.joomla.org/proxy/index.php?option=com_help&amp;keyref=Help16:Users_User_Manager\">Help</a></p>\r\n<p>Please note that some of the user views will not display if you are not logged in to the site.</p>','',1,0,0,21,'2011-01-01 00:00:01',42,'Joomla!','2011-01-10 04:52:55',42,0,'0000-00-00 00:00:00','2011-01-01 00:00:01','0000-00-00 00:00:00','','','{\"show_title\":\"\",\"link_titles\":\"\",\"show_intro\":\"\",\"show_category\":\"\",\"link_category\":\"\",\"show_parent_category\":\"\",\"link_parent_category\":\"\",\"show_author\":\"\",\"link_author\":\"\",\"show_create_date\":\"\",\"show_modify_date\":\"\",\"show_publish_date\":\"\",\"show_item_navigation\":\"\",\"show_icons\":\"\",\"show_print_icon\":\"\",\"show_email_icon\":\"\",\"show_vote\":\"\",\"show_hits\":\"\",\"show_noauth\":\"\",\"alternative_readmore\":\"\",\"article_layout\":\"\"}',2,0,5,'','',1,1,'{\"robots\":\"\",\"author\":\"\",\"rights\":\"\",\"xreference\":\"\"}',0,'*',''),(53,151,'Using Joomla!','using-joomla','','<p>With Joomla! You can create anything from a simple personal website to a complex ecommerce or social site with millions of visitors.</p><p>This section of the sample data provides you with a brief introduction to Joomla! concepts and reference material to help you understand how Joomla! works.</p><p><em>When you no longer need the sample data, you can can simply unpublish the sample data category found within each extension in the site administrator or you may completely delete each item and all of the categories. </em></p>','',1,0,0,19,'2011-01-01 00:00:01',42,'Joomla!','2011-01-01 00:00:01',42,0,'0000-00-00 00:00:00','2011-01-01 00:00:01','0000-00-00 00:00:00','','','{\"show_title\":\"\",\"link_titles\":\"\",\"show_intro\":\"\",\"show_category\":\"\",\"link_category\":\"\",\"show_parent_category\":\"\",\"link_parent_category\":\"\",\"show_author\":\"\",\"show_create_date\":\"\",\"show_modify_date\":\"\",\"show_publish_date\":\"\",\"show_readmore\":\"\",\"show_print_icon\":\"\",\"show_email_icon\":\"\",\"show_hits\":\"\",\"page_title\":\"\",\"alternative_readmore\":\"\",\"layout\":\"\"}',1,0,7,'','',1,8,'',0,'*',''),(54,152,'Weblinks','weblinks','','<p>Weblinks (com_weblinks) is a component that provides a structured way to organize external links and present them in a visually attractive, consistent and informative way. <a href=\"http://help.joomla.org/proxy/index.php?option=com_help&amp;keyref=Help16:Components_Weblinks_Links\">Help</a></p>','',1,0,0,21,'2011-01-01 00:00:01',42,'Joomla!','2011-01-10 04:20:10',42,0,'0000-00-00 00:00:00','2011-01-01 00:00:01','0000-00-00 00:00:00','','','{\"show_title\":\"\",\"link_titles\":\"\",\"show_intro\":\"\",\"show_category\":\"\",\"link_category\":\"\",\"show_parent_category\":\"\",\"link_parent_category\":\"\",\"show_author\":\"\",\"link_author\":\"\",\"show_create_date\":\"\",\"show_modify_date\":\"\",\"show_publish_date\":\"\",\"show_item_navigation\":\"\",\"show_icons\":\"\",\"show_print_icon\":\"\",\"show_email_icon\":\"\",\"show_vote\":\"\",\"show_hits\":\"\",\"show_noauth\":\"\",\"alternative_readmore\":\"\",\"article_layout\":\"\"}',2,0,6,'','',1,1,'{\"robots\":\"\",\"author\":\"\",\"rights\":\"\",\"xreference\":\"\"}',0,'*',''),(55,153,'Weblinks Module','weblinks-module','','<p>This module displays the list of weblinks in a category. <a href=\"http://help.joomla.org/proxy/index.php?option=com_help&amp;keyref=Help16:Extensions_Module_Manager_Weblinks\" title=\"Weblinks Module\">Help</a></p>\r\n<div class=\"sample-module\">{loadmodule weblinks,Weblinks}</div>','',1,0,0,66,'2011-01-01 00:00:01',42,'Joomla!','2011-09-17 22:32:10',42,0,'0000-00-00 00:00:00','2011-01-01 00:00:01','0000-00-00 00:00:00','','','{\"show_title\":\"\",\"link_titles\":\"\",\"show_intro\":\"\",\"show_category\":\"\",\"link_category\":\"\",\"show_parent_category\":\"\",\"link_parent_category\":\"\",\"show_author\":\"\",\"show_create_date\":\"\",\"show_modify_date\":\"\",\"show_publish_date\":\"\",\"show_readmore\":\"\",\"show_print_icon\":\"\",\"show_email_icon\":\"\",\"show_hits\":\"\",\"page_title\":\"\",\"alternative_readmore\":\"\",\"layout\":\"\"}',7,0,5,'','',1,23,'',0,'*',''),(56,154,'Who\'s Online','whos-online','','<p>The Who\'s Online Module displays the number of Anonymous Users (e.g. Guests) and Registered Users (ones logged in) that are currently accessing the Web site. <a href=\"http://help.joomla.org/proxy/index.php?option=com_help&amp;keyref=Help16:Extensions_Module_Manager_Who_Online\" title=\"Who\'s Online\">Help</a></p>\r\n<div class=\"sample-module\">{loadmodule whosonline,Who\'s Online}</div>','',1,0,0,65,'2011-01-01 00:00:01',42,'Joomla!','2011-09-17 22:19:45',42,0,'0000-00-00 00:00:00','2011-01-01 00:00:01','0000-00-00 00:00:00','','','{\"show_title\":\"\",\"link_titles\":\"\",\"show_intro\":\"\",\"show_category\":\"\",\"link_category\":\"\",\"show_parent_category\":\"\",\"link_parent_category\":\"\",\"show_author\":\"\",\"show_create_date\":\"\",\"show_modify_date\":\"\",\"show_publish_date\":\"\",\"show_readmore\":\"\",\"show_print_icon\":\"\",\"show_email_icon\":\"\",\"show_hits\":\"\",\"page_title\":\"\",\"alternative_readmore\":\"\",\"layout\":\"\"}',4,0,1,'','',1,5,'',0,'*',''),(57,155,'Wobbegone','wobbegone','','<p><img src=\"images/sampledata/parks/animals/180px_wobbegong.jpg\" border=\"0\" alt=\"Wobbegone\" style=\"vertical-align: middle; border: 0;\" /></p>','<p><img src=\"images/sampledata/parks/animals/800px_wobbegong.jpg\" border=\"0\" style=\"vertical-align: middle; border: 0;\" /></p><p>Source: http://en.wikipedia.org/wiki/File:Wobbegong.jpg</p><p>Author: Richard Ling</p><p>Rights: GNU Free Documentation License v 1.2 or later</p>',1,0,0,72,'2011-01-01 00:00:01',42,'Parks Webmaster','2011-01-01 00:00:01',42,0,'0000-00-00 00:00:00','2011-01-01 00:00:01','0000-00-00 00:00:00','','','{\"show_title\":\"\",\"link_titles\":\"\",\"show_intro\":\"\",\"show_category\":\"\",\"link_category\":\"\",\"show_parent_category\":\"\",\"link_parent_category\":\"\",\"show_author\":\"\",\"show_create_date\":\"\",\"show_modify_date\":\"\",\"show_publish_date\":\"\",\"show_readmore\":\"\",\"show_print_icon\":\"\",\"show_email_icon\":\"\",\"show_hits\":\"\",\"page_title\":\"\",\"alternative_readmore\":\"\",\"layout\":\"\"}',1,0,1,'','',1,0,'',0,'*',''),(58,156,'Wonderful Watermelon','wonderful-watermelon','','<p>Watermelon is a wonderful and healthy treat. We grow the world\'s sweetest watermelon. We have the largest watermelon patch in our country.</p>','',1,0,0,30,'2011-01-01 00:00:01',42,'Fruit Shop Webmaster','2011-01-01 00:00:01',42,0,'0000-00-00 00:00:00','2011-01-01 00:00:01','0000-00-00 00:00:00','','','{\"show_title\":\"\",\"link_titles\":\"\",\"show_intro\":\"\",\"show_category\":\"\",\"link_category\":\"\",\"show_parent_category\":\"\",\"link_parent_category\":\"\",\"show_author\":\"\",\"show_create_date\":\"\",\"show_modify_date\":\"\",\"show_publish_date\":\"\",\"show_readmore\":\"\",\"show_print_icon\":\"\",\"show_email_icon\":\"\",\"show_hits\":\"\",\"page_title\":\"\",\"alternative_readmore\":\"\",\"layout\":\"\"}',1,0,1,'','',1,0,'',0,'*',''),(59,157,'Wrapper Module','wrapper-module','','<p>This module shows an iFrame window to specified location. <a href=\"http://help.joomla.org/proxy/index.php?option=com_help&amp;keyref=Help16:Extensions_Module_Manager_Wrapper\" title=\"Wrapper Module\">Help</a></p>\r\n<div class=\"sample-module\">{loadmodule wrapper,Wrapper}</div>','',1,0,0,67,'2011-01-01 00:00:01',42,'Joomla!','2011-09-17 22:35:00',42,0,'0000-00-00 00:00:00','2011-01-01 00:00:01','0000-00-00 00:00:00','','','{\"show_title\":\"\",\"link_titles\":\"\",\"show_intro\":\"\",\"show_category\":\"\",\"link_category\":\"\",\"show_parent_category\":\"\",\"link_parent_category\":\"\",\"show_author\":\"\",\"show_create_date\":\"\",\"show_modify_date\":\"\",\"show_publish_date\":\"\",\"show_readmore\":\"\",\"show_print_icon\":\"\",\"show_email_icon\":\"\",\"show_hits\":\"\",\"page_title\":\"\",\"alternative_readmore\":\"\",\"layout\":\"\"}',8,0,1,'','',1,15,'',0,'*',''),(60,158,'News Feeds','news-feeds','','<p>News Feeds (com_newsfeeds) provides a way to organize and present news feeds. News feeds are a way that you present information from another site on your site. For example, the joomla.org website has numerous feeds that you can incorporate on your site. You an use menus to present a single feed, a list of feeds in a category, or or a list of all feed categories. <a href=\"http://help.joomla.org/proxy/index.php?option=com_help&amp;keyref=Help16:Components_Newsfeeds_Feeds\">Help</a></p>','',1,0,0,21,'2011-01-01 00:00:01',42,'Joomla!','2011-01-10 04:17:08',42,0,'0000-00-00 00:00:00','2011-01-01 00:00:01','0000-00-00 00:00:00','','','{\"show_title\":\"\",\"link_titles\":\"\",\"show_intro\":\"\",\"show_category\":\"\",\"link_category\":\"\",\"show_parent_category\":\"\",\"link_parent_category\":\"\",\"show_author\":\"\",\"link_author\":\"\",\"show_create_date\":\"\",\"show_modify_date\":\"\",\"show_publish_date\":\"\",\"show_item_navigation\":\"\",\"show_icons\":\"\",\"show_print_icon\":\"\",\"show_email_icon\":\"\",\"show_vote\":\"\",\"show_hits\":\"\",\"show_noauth\":\"\",\"alternative_readmore\":\"\",\"article_layout\":\"\"}',2,0,4,'','',1,2,'{\"robots\":\"\",\"author\":\"\",\"rights\":\"\",\"xreference\":\"\"}',0,'*',''),(61,159,'Breadcrumbs Module','breadcrumbs-module','','<p>Breadcrumbs provide a pathway for users to navigate through the site. <a href=\"http://help.joomla.org/proxy/index.php?option=com_help&amp;keyref=Help16:Extensions_Module_Manager_Breadcrumbs\" title=\"Breacrumbs Module\">Help</a></p>\r\n<div class=\"sample-module\">{loadmodule breadcrumbs,breadcrumbs}</div>','',1,0,0,75,'2011-01-01 00:00:01',42,'Joomla!','2011-09-17 22:10:19',42,0,'0000-00-00 00:00:00','2011-01-01 00:00:01','0000-00-00 00:00:00','','','{\"show_title\":\"\",\"link_titles\":\"\",\"show_intro\":\"\",\"show_category\":\"\",\"link_category\":\"\",\"show_parent_category\":\"\",\"link_parent_category\":\"\",\"show_author\":\"\",\"link_author\":\"\",\"show_create_date\":\"\",\"show_modify_date\":\"\",\"show_publish_date\":\"\",\"show_item_navigation\":\"\",\"show_icons\":\"\",\"show_print_icon\":\"\",\"show_email_icon\":\"\",\"show_vote\":\"\",\"show_hits\":\"\",\"show_noauth\":\"\",\"alternative_readmore\":\"\",\"article_layout\":\"\"}',5,0,2,'','',1,8,'{\"robots\":\"\",\"author\":\"\",\"rights\":\"\",\"xreference\":\"\"}',0,'*',''),(62,160,'Content','content-plugins','','<p>Content plugins run when specific kinds of pages are loaded. They do things ranging from protecting email addresses from harvesters to creating page breaks.</p>\r\n<p>Default on:</p>\r\n<ul>\r\n<li>Email Cloaking <a href=\"http://help.joomla.org/proxy/index.php?option=com_help&amp;amp;keyref=Help17:Extensions_Plugin_Manager_Edit#Content_-_Email_Cloaking\">Help</a></li>\r\n<li>Load Module <a href=\"http://help.joomla.org/proxy/index.php?option=com_help&amp;amp;keyref=Help17:Extensions_Plugin_Manager_Edit#Content_-_Load_Modules\">Help</a></li>\r\n<li>Page Break <a href=\"http://help.joomla.org/proxy/index.php?option=com_help&amp;amp;keyref=Help17:Extensions_Plugin_Manager_Edit#Content_-_Pagebreak\">Help</a></li>\r\n<li>Page Navigation<a href=\"http://help.joomla.org/proxy/index.php?option=com_help&amp;amp;keyref=Help17:Extensions_Plugin_Manager_Edit#Content_-_Page_Navigation\"> Help</a></li>\r\n<li>Vote <a href=\"http://help.joomla.org/proxy/index.php?option=com_help&amp;amp;keyref=Help17:Extensions_Plugin_Manager_Edit#Content_-_Vote\">Help</a></li>\r\n</ul>\r\n<p>Default off:</p>\r\n<ul>\r\n<li>Code Highlighter (GeSHi) <a href=\"http://help.joomla.org/proxy/index.php?option=com_help&amp;amp;keyref=Help17:Extensions_Plugin_Manager_Edit#Content_-_Code_Highlighter_.28GeSHi.29\">Help</a></li>\r\n</ul>','',1,0,0,25,'2011-01-01 00:00:01',42,'Joomla!','2011-09-06 06:11:50',42,0,'0000-00-00 00:00:00','2011-01-01 00:00:01','0000-00-00 00:00:00','','','{\"show_title\":\"\",\"link_titles\":\"\",\"show_intro\":\"\",\"show_category\":\"\",\"link_category\":\"\",\"show_parent_category\":\"\",\"link_parent_category\":\"\",\"show_author\":\"\",\"show_create_date\":\"\",\"show_modify_date\":\"\",\"show_publish_date\":\"\",\"show_readmore\":\"\",\"show_print_icon\":\"\",\"show_email_icon\":\"\",\"show_hits\":\"\",\"page_title\":\"\",\"alternative_readmore\":\"\",\"layout\":\"\"}',2,0,7,'','',1,1,'',0,'*',''),(64,162,'Blue Mountain Rain Forest','blue-mountain-rain-forest','','<p><img src=\"images/sampledata/parks/landscape/120px_rainforest_bluemountainsnsw.jpg\" border=\"0\" alt=\"Rain Forest Blue Mountrains\" /></p>','<p><img src=\"images/sampledata/parks/landscape/727px_rainforest_bluemountainsnsw.jpg\" border=\"0\" alt=\"Rain Forest Blue Mountrains\" style=\"vertical-align: middle;\" /></p><p> </p><p class=\"caption\">Source: http://commons.wikimedia.org/wiki/File:Rainforest,bluemountainsNSW.jpg</p><p class=\"caption\">Author: Adam J.W.C.</p><p class=\"caption\">License: GNU Free Documentation License</p>',1,0,0,73,'2011-01-01 00:00:01',42,'Parks Webmaster','2011-01-01 00:00:01',42,0,'0000-00-00 00:00:00','2011-01-01 00:00:01','0000-00-00 00:00:00','','','{\"show_title\":\"\",\"link_titles\":\"\",\"show_intro\":\"\",\"show_category\":\"\",\"link_category\":\"\",\"show_parent_category\":\"\",\"link_parent_category\":\"\",\"show_author\":\"\",\"show_create_date\":\"\",\"show_modify_date\":\"\",\"show_publish_date\":\"\",\"show_readmore\":\"\",\"show_print_icon\":\"\",\"show_email_icon\":\"\",\"show_hits\":\"\",\"page_title\":\"\",\"alternative_readmore\":\"\",\"layout\":\"\"}',1,0,2,'','',1,0,'',0,'*',''),(65,163,'Ormiston Pound','ormiston-pound','','<p><img src=\"images/sampledata/parks/landscape/180px_ormiston_pound.jpg\" border=\"0\" alt=\"Ormiston Pound\" style=\"border: 0;\" /></p>','<p><img src=\"images/sampledata/parks/landscape/800px_ormiston_pound.jpg\" border=\"0\" alt=\"Ormiston Pound\" height=\"375\" style=\"vertical-align: middle; border: 0;\" /></p><p> </p><p class=\"caption\">Source: http://commons.wikimedia.org/wiki/File:Ormiston_Pound.JPG</p><p class=\"caption\">Author:</p><p class=\"caption\">License: GNU Free Public Documentation License</p>',1,0,0,73,'2011-01-01 00:00:01',42,'Parks Webmaster','2011-01-01 00:00:01',42,0,'0000-00-00 00:00:00','2011-01-01 00:00:01','0000-00-00 00:00:00','','','{\"show_title\":\"\",\"link_titles\":\"\",\"show_intro\":\"\",\"show_category\":\"\",\"link_category\":\"\",\"show_parent_category\":\"\",\"link_parent_category\":\"\",\"show_author\":\"\",\"show_create_date\":\"\",\"show_modify_date\":\"\",\"show_publish_date\":\"\",\"show_readmore\":\"\",\"show_print_icon\":\"\",\"show_email_icon\":\"\",\"show_hits\":\"\",\"page_title\":\"\",\"alternative_readmore\":\"\",\"layout\":\"\"}',1,0,3,'','',1,0,'',0,'*',''),(66,165,'Latest Users Module','latest-users-module','','<p>This module displays the latest registered users. <a href=\"http://help.joomla.org/proxy/index.php?option=com_help&amp;keyref=Help16:Extensions_Module_Manager_Latest_Users\">Help</a></p>\r\n<div class=\"sample-module\">{loadmodule users_latest,Users Latest}</div>','',1,0,0,65,'2011-01-01 00:00:01',42,'Joomla!','2011-09-17 22:21:05',42,0,'0000-00-00 00:00:00','2011-01-01 00:00:01','0000-00-00 00:00:00','','','{\"show_title\":\"1\",\"link_titles\":\"\",\"show_intro\":\"\",\"show_category\":\"1\",\"link_category\":\"1\",\"show_parent_category\":\"\",\"link_parent_category\":\"\",\"show_author\":\"\",\"show_create_date\":\"\",\"show_modify_date\":\"\",\"show_publish_date\":\"\",\"show_readmore\":\"\",\"show_print_icon\":\"\",\"show_email_icon\":\"\",\"show_hits\":\"\",\"page_title\":\"\",\"alternative_readmore\":\"\",\"layout\":\"\"}',4,0,3,'','',1,6,'',0,'*',''),(67,168,'What\'s New in 1.5?','whats-new-in-15','','<p>This article deliberately archived as an example.</p><p>As with previous releases, Joomla! provides a unified and easy-to-use framework for delivering content for Web sites of all kinds. To support the changing nature of the Internet and emerging Web technologies, Joomla! required substantial restructuring of its core functionality and we also used this effort to simplify many challenges within the current user interface. Joomla! 1.5 has many new features.</p>\r\n<p style=\"margin-bottom: 0in;\">In Joomla! 1.5, you\'\'ll notice:</p>\r\n<ul>\r\n<li>Substantially improved usability, manageability, and scalability far beyond the original Mambo foundations</li>\r\n<li>Expanded accessibility to support internationalisation, double-byte characters and right-to-left support for Arabic, Farsi, and Hebrew languages among others</li>\r\n<li>Extended integration of external applications through Web services</li>\r\n<li>Enhanced content delivery, template and presentation capabilities to support accessibility standards and content delivery to any destination</li>\r\n<li>A more sustainable and flexible framework for Component and Extension developers</li>\r\n<li>Backward compatibility with previous releases of Components, Templates, Modules, and other Extensions</li>\r\n</ul>','',2,0,0,9,'2011-01-01 00:00:01',42,'Joomla! 1.5','2011-01-01 00:00:01',0,0,'0000-00-00 00:00:00','2011-01-01 00:00:01','0000-00-00 00:00:00','','','{\"show_title\":\"\",\"link_titles\":\"\",\"show_intro\":\"\",\"show_category\":\"\",\"link_category\":\"\",\"show_parent_category\":\"\",\"link_parent_category\":\"\",\"show_author\":\"\",\"show_create_date\":\"\",\"show_modify_date\":\"\",\"show_publish_date\":\"\",\"show_readmore\":\"\",\"show_print_icon\":\"\",\"show_email_icon\":\"\",\"show_hits\":\"\",\"page_title\":\"\",\"alternative_readmore\":\"\",\"layout\":\"\"}',1,0,0,'','',1,0,'{\"robots\":\"\",\"author\":\"\",\"rights\":\"\",\"xreference\":\"\"}',0,'*',''),(68,176,'About Us','about-us','','<div class=\"about\">\r\n		<h2>Lorem ipsum dolor sit amet, consectetur adipisicing elit, sed do eiusmod tempor incididunt</h2> \r\n		\r\n		<p>Lorem ipsum dolor sit amet, consectetur adipisicing elit, sed do eiusmod tempor incididunt ut labore et dolore magna aliqua. Ut enim ad minim veniam, quis nostrud exercitation ullamco laboris nisi ut aliquip ex ea commodo consequat. Duis aute irure dolor in reprehenderit in voluptate velit esse cillum dolore eu fugiat nulla pariatur. Excepteur sint occaecat cupidatat non proident, sunt in culpa qui officia deserunt mollit anim id est laborum.</p>\r\n		\r\n		\r\n		<p class=\"p1-top\">Consectetur adipisicing elit, sed do eiusmod tempor incididunt ut labore et dolore magna aliqua. Ut enim ad minim veniam, quis nostrud exercitation ullamco laboris nisi ut aliquip ex ea commodo consequat. Duis aute irure dolor in reprehenderit in voluptate velit esse cillum dolore eu fugiat nulla pariatur. Excepteur sint occaecat cupidatat non proident, sunt in culpa qui officia deserunt mollit anim id est laborum.</p>\r\n		\r\n		<ul>\r\n		<li><strong>Lorem ipsum dolor sit amet, consectetur</strong> adipisicing elit, sed do eiusmod tempor incididunt ut labore et dolore magna aliqua. Ut enim ad minim veniam, quis nostrud exercitation ullamco laboris nisi ut aliquip ex ea commodo consequat. Duis aute irure dolor in.</li>\r\n		\r\n		\r\n		<li><strong>Dolor sit amet, consectetur</strong> adipisicing elit, sed do eiusmod tempor incididunt ut labore et dolore magna aliqua. Ut enim ad minim veniam, quis nostrud exercitation ullamco laboris nisi ut aliquip ex ea commodo consequat. Duis aute irure dolor in.</li>\r\n		\r\n		</ul>	\r\n		\r\n		<p>Sed do eiusmod tempor incididunt ut labore et dolore magna aliqua. Ut enim ad minim veniam, quis nostrud exercitation ullamco laboris nisi ut aliquip ex ea commodo consequat. Duis aute irure dolor in reprehenderit in voluptate velit esse cillum dolore eu fugiat nulla pariatur. Excepteur sint occaecat cupidatat non proident, sunt in culpa qui.</p>\r\n</div>','',-2,0,0,77,'2012-01-11 10:11:00',42,'','2012-01-11 08:21:39',42,0,'0000-00-00 00:00:00','2012-01-11 10:17:00','0000-00-00 00:00:00','','','{\"show_title\":\"1\",\"link_titles\":\"0\",\"show_intro\":\"0\",\"show_category\":\"0\",\"link_category\":\"0\",\"show_parent_category\":\"0\",\"link_parent_category\":\"0\",\"show_author\":\"0\",\"link_author\":\"0\",\"show_create_date\":\"0\",\"show_modify_date\":\"0\",\"show_publish_date\":\"0\",\"show_item_navigation\":\"0\",\"show_icons\":\"0\",\"show_print_icon\":\"0\",\"show_email_icon\":\"0\",\"show_vote\":\"0\",\"show_hits\":\"0\",\"show_noauth\":\"0\",\"alternative_readmore\":\"Read More\",\"article_layout\":\"\"}',8,0,0,'','',1,0,'{\"robots\":\"\",\"author\":\"\",\"rights\":\"\",\"xreference\":\"\"}',0,'*',''),(69,177,'Delivery','delivery','','<div class=\"delivery\">\r\n		<h2>Lorem ipsum dolor sit amet, consectetur adipisicing elit, sed do eiusmod tempor incididunt </h2> \r\n		\r\n		<ul>\r\n		<li>Lorem ipsum dolor sit amet, consectetur adipisicing elit, sed do eiusmod tempor incididunt ut labore et dolore magna aliqua. Ut enim ad minim veniam, quis nostrud exercitation ullamco laboris nisi ut aliquip ex ea commodo consequat. Duis aute irure dolor in.</li>\r\n		\r\n		\r\n		<li>Adipisicing elit, sed do eiusmod tempor incididunt ut labore et dolore magna aliqua. Ut enim ad minim veniam, quis nostrud exercitation ullamco laboris nisi ut aliquip ex ea commodo consequat. Duis aute irure dolor in.</li>\r\n\r\n\r\n               <li>Eiusmod tempor incididunt ut labore et dolore magna aliqua. Ut enim ad minim veniam, quis nostrud exercitation ullamco laboris nisi ut aliquip ex ea commodo consequat. Duis aute irure dolor in.</li>\r\n		\r\n		</ul>	\r\n		\r\n\r\n                 <h2>Consectetur adipisicing elit, sed do eiusmod tempor incididunt </h2> \r\n		<p>Lorem ipsum dolor sit amet, consectetur adipisicing elit, sed do eiusmod tempor incididunt ut labore et dolore magna aliqua. Ut enim ad minim veniam, quis nostrud exercitation ullamco laboris nisi ut aliquip ex ea commodo consequat. Duis aute irure dolor in. Lorem ipsum dolor sit amet, consectetur adipisicing elit, sed do eiusmod tempor incididunt ut labore et dolore magna aliqua. Ut enim ad minim veniam, quis nostrud exercitation ullamco laboris nisi ut aliquip ex ea commodo consequat. Duis aute irure dolor in.</p>\r\n</div>','',1,0,0,77,'2011-01-01 00:00:01',42,'Fruit Shop Webmaster','2012-01-11 08:38:01',42,0,'0000-00-00 00:00:00','2011-01-01 00:00:01','0000-00-00 00:00:00','','','{\"show_title\":\"1\",\"link_titles\":\"0\",\"show_intro\":\"0\",\"show_category\":\"0\",\"link_category\":\"0\",\"show_parent_category\":\"0\",\"link_parent_category\":\"0\",\"show_author\":\"0\",\"link_author\":\"0\",\"show_create_date\":\"0\",\"show_modify_date\":\"0\",\"show_publish_date\":\"0\",\"show_item_navigation\":\"0\",\"show_icons\":\"0\",\"show_print_icon\":\"0\",\"show_email_icon\":\"0\",\"show_vote\":\"0\",\"show_hits\":\"0\",\"show_noauth\":\"0\",\"alternative_readmore\":\"\",\"article_layout\":\"\"}',2,0,1,'','',1,31,'{\"robots\":\"\",\"author\":\"\",\"rights\":\"\",\"xreference\":\"\"}',0,'*',''),(70,178,'FAQS','frequently-asked-questions','','<div class=\"FAQS\">\r\n<h2>frequently asked questions </h2>\r\n<dl id=\"accordion\">\r\n					  <dt><span><div class=\"bg\"><div class=\"wrapper\">Lorem ipsum dolor sit amet, consectetur adipisicing elit, sed do eiusmod tempo?</span></div></div></dt>\r\n					  <dd>\r\n						 <div class=\"indent\">\r\n                                                     \r\n							\r\n							<p>Lorem ipsum dolor sit amet, consectetur adipisicing elit, sed do eiusmod tempor incididunt ut labore et dolore magna aliqua. Ut enim ad minim veniam, quis nostrud exercitation ullamco laboris nisi ut aliquip ex ea commodo consequat. Duis aute irure dolor in.</p>\r\n						\r\n						 </div>\r\n					  </dd>\r\n					<dt><span><div class=\"bg\"><div class=\"wrapper\">Consectetur adipisicing elit, sed do eiusmod tempo?</span></div></div></dt>\r\n					  <dd>\r\n						 <div class=\"indent\">\r\n							\r\n							<p>Lorem ipsum dolor sit amet, consectetur adipisicing elit, sed do eiusmod tempor incididunt ut labore et dolore magna aliqua. Ut enim ad minim veniam, quis nostrud exercitation ullamco laboris nisi ut aliquip ex ea commodo consequat. Duis aute irure dolor in.</p>\r\n							\r\n						 </div>\r\n					  </dd>\r\n					  <dt><span><div class=\"bg\"><div class=\"wrapper\">Dolor sit amet, consectetur adipisicing elit, sed do eiusmod tempo?</span></div></div></dt>\r\n						  <dd>\r\n							 <div class=\"indent\">\r\n								\r\n								<p>Lorem ipsum dolor sit amet, consectetur adipisicing elit, sed do eiusmod tempor incididunt ut labore et dolore magna aliqua. Ut enim ad minim veniam, quis nostrud exercitation ullamco laboris nisi ut aliquip ex ea commodo consequat. Duis aute irure dolor in.</p>\r\n								\r\n							 </div>\r\n						  </dd>\r\n						  <dt><span><div class=\"bg\"><div class=\"wrapper\">Deltricies pharetra magna. Donec accumsan malesuada orc ater ports eren mate?</span></div></div></dt>\r\n						  <dd>\r\n							 <div class=\"indent\">\r\n								\r\n								<p>Lorem ipsum dolor sit amet, consectetur adipisicing elit, sed do eiusmod tempor incididunt ut labore et dolore magna aliqua. Ut enim ad minim veniam, quis nostrud exercitation ullamco laboris nisi ut aliquip ex ea commodo consequat. Duis aute irure dolor in.</p>\r\n								\r\n							 </div>\r\n						  </dd>\r\n						  <dt><span><div class=\"bg\"><div class=\"wrapper\">set magna  dolor sit amet, consectetur adipisicing elit, sed do eiusmod tempo?</span></div></div></dt>\r\n						  <dd>\r\n							 <div class=\"indent\">\r\n								\r\n								<p>Lorem ipsum dolor sit amet, consectetur adipisicing elit, sed do eiusmod tempor incididunt ut labore et dolore magna aliqua. Ut enim ad minim veniam, quis nostrud exercitation ullamco laboris nisi ut aliquip ex ea commodo consequat. Duis aute irure dolor in.</p>\r\n								\r\n							 </div>\r\n						  </dd>\r\n						  <dt><span><div class=\"bg\"><div class=\"wrapper\">Set onsectetur adipisicing elit, sed do eiusmod tempo?</span></div></div></dt>\r\n						  <dd>\r\n							 <div class=\"indent\">\r\n								\r\n								<p>Lorem ipsum dolor sit amet, consectetur adipisicing elit, sed do eiusmod tempor incididunt ut labore et dolore magna aliqua. Ut enim ad minim veniam, quis nostrud exercitation ullamco laboris nisi ut aliquip ex ea commodo consequat. Duis aute irure dolor in.</p>\r\n							 </div>\r\n						  </dd>\r\n				</dl>\r\n</div>','',1,0,0,77,'2011-01-01 00:00:01',42,'Fruit Shop Webmaster','2012-01-11 08:40:44',42,0,'0000-00-00 00:00:00','2011-01-01 00:00:01','0000-00-00 00:00:00','','','{\"show_title\":\"1\",\"link_titles\":\"0\",\"show_intro\":\"0\",\"show_category\":\"0\",\"link_category\":\"0\",\"show_parent_category\":\"0\",\"link_parent_category\":\"0\",\"show_author\":\"0\",\"link_author\":\"0\",\"show_create_date\":\"0\",\"show_modify_date\":\"0\",\"show_publish_date\":\"0\",\"show_item_navigation\":\"0\",\"show_icons\":\"0\",\"show_print_icon\":\"0\",\"show_email_icon\":\"0\",\"show_vote\":\"0\",\"show_hits\":\"0\",\"show_noauth\":\"0\",\"alternative_readmore\":\"\",\"article_layout\":\"\"}',2,0,0,'','',1,25,'{\"robots\":\"\",\"author\":\"\",\"rights\":\"\",\"xreference\":\"\"}',0,'*','');
/*!40000 ALTER TABLE `jos_content` ENABLE KEYS */;
UNLOCK TABLES;

--
-- Table structure for table `jos_content_frontpage`
--

DROP TABLE IF EXISTS `jos_content_frontpage`;
/*!40101 SET @saved_cs_client     = @@character_set_client */;
/*!40101 SET character_set_client = utf8 */;
CREATE TABLE `jos_content_frontpage` (
  `content_id` int(11) NOT NULL DEFAULT '0',
  `ordering` int(11) NOT NULL DEFAULT '0',
  PRIMARY KEY (`content_id`)
) ENGINE=InnoDB DEFAULT CHARSET=utf8;
/*!40101 SET character_set_client = @saved_cs_client */;

--
-- Dumping data for table `jos_content_frontpage`
--

LOCK TABLES `jos_content_frontpage` WRITE;
/*!40000 ALTER TABLE `jos_content_frontpage` DISABLE KEYS */;
INSERT INTO `jos_content_frontpage` VALUES (8,2),(24,1),(35,4),(50,3);
/*!40000 ALTER TABLE `jos_content_frontpage` ENABLE KEYS */;
UNLOCK TABLES;

--
-- Table structure for table `jos_content_rating`
--

DROP TABLE IF EXISTS `jos_content_rating`;
/*!40101 SET @saved_cs_client     = @@character_set_client */;
/*!40101 SET character_set_client = utf8 */;
CREATE TABLE `jos_content_rating` (
  `content_id` int(11) NOT NULL DEFAULT '0',
  `rating_sum` int(10) unsigned NOT NULL DEFAULT '0',
  `rating_count` int(10) unsigned NOT NULL DEFAULT '0',
  `lastip` varchar(50) NOT NULL DEFAULT '',
  PRIMARY KEY (`content_id`)
) ENGINE=InnoDB DEFAULT CHARSET=utf8;
/*!40101 SET character_set_client = @saved_cs_client */;

--
-- Dumping data for table `jos_content_rating`
--

LOCK TABLES `jos_content_rating` WRITE;
/*!40000 ALTER TABLE `jos_content_rating` DISABLE KEYS */;
/*!40000 ALTER TABLE `jos_content_rating` ENABLE KEYS */;
UNLOCK TABLES;

--
-- Table structure for table `jos_core_log_searches`
--

DROP TABLE IF EXISTS `jos_core_log_searches`;
/*!40101 SET @saved_cs_client     = @@character_set_client */;
/*!40101 SET character_set_client = utf8 */;
CREATE TABLE `jos_core_log_searches` (
  `search_term` varchar(128) NOT NULL DEFAULT '',
  `hits` int(10) unsigned NOT NULL DEFAULT '0'
) ENGINE=InnoDB DEFAULT CHARSET=utf8;
/*!40101 SET character_set_client = @saved_cs_client */;

--
-- Dumping data for table `jos_core_log_searches`
--

LOCK TABLES `jos_core_log_searches` WRITE;
/*!40000 ALTER TABLE `jos_core_log_searches` DISABLE KEYS */;
/*!40000 ALTER TABLE `jos_core_log_searches` ENABLE KEYS */;
UNLOCK TABLES;

--
-- Table structure for table `jos_extensions`
--

DROP TABLE IF EXISTS `jos_extensions`;
/*!40101 SET @saved_cs_client     = @@character_set_client */;
/*!40101 SET character_set_client = utf8 */;
CREATE TABLE `jos_extensions` (
  `extension_id` int(11) NOT NULL AUTO_INCREMENT,
  `name` varchar(100) NOT NULL,
  `type` varchar(20) NOT NULL,
  `element` varchar(100) NOT NULL,
  `folder` varchar(100) NOT NULL,
  `client_id` tinyint(3) NOT NULL,
  `enabled` tinyint(3) NOT NULL DEFAULT '1',
  `access` int(10) unsigned NOT NULL DEFAULT '1',
  `protected` tinyint(3) NOT NULL DEFAULT '0',
  `manifest_cache` text NOT NULL,
  `params` text NOT NULL,
  `custom_data` text NOT NULL,
  `system_data` text NOT NULL,
  `checked_out` int(10) unsigned NOT NULL DEFAULT '0',
  `checked_out_time` datetime NOT NULL DEFAULT '0000-00-00 00:00:00',
  `ordering` int(11) DEFAULT '0',
  `state` int(11) DEFAULT '0',
  PRIMARY KEY (`extension_id`),
  KEY `element_clientid` (`element`,`client_id`),
  KEY `element_folder_clientid` (`element`,`folder`,`client_id`),
  KEY `extension` (`type`,`element`,`folder`,`client_id`)
) ENGINE=InnoDB AUTO_INCREMENT=10062 DEFAULT CHARSET=utf8;
/*!40101 SET character_set_client = @saved_cs_client */;

--
-- Dumping data for table `jos_extensions`
--

LOCK TABLES `jos_extensions` WRITE;
/*!40000 ALTER TABLE `jos_extensions` DISABLE KEYS */;
INSERT INTO `jos_extensions` VALUES (1,'com_mailto','component','com_mailto','',0,1,1,1,'{\"legacy\":false,\"name\":\"com_mailto\",\"type\":\"component\",\"creationDate\":\"April 2006\",\"author\":\"Joomla! Project\",\"copyright\":\"(C) 2005 - 2011 Open Source Matters. All rights reserved.\\t\",\"authorEmail\":\"admin@joomla.org\",\"authorUrl\":\"www.joomla.org\",\"version\":\"1.7.0\",\"description\":\"COM_MAILTO_XML_DESCRIPTION\",\"group\":\"\"}','','','',0,'0000-00-00 00:00:00',0,0),(2,'com_wrapper','component','com_wrapper','',0,1,1,1,'{\"legacy\":false,\"name\":\"com_wrapper\",\"type\":\"component\",\"creationDate\":\"April 2006\",\"author\":\"Joomla! Project\",\"copyright\":\"(C) 2005 - 2011 Open Source Matters. All rights reserved.\\n\\t\",\"authorEmail\":\"admin@joomla.org\",\"authorUrl\":\"www.joomla.org\",\"version\":\"1.7.0\",\"description\":\"COM_WRAPPER_XML_DESCRIPTION\",\"group\":\"\"}','','','',0,'0000-00-00 00:00:00',0,0),(3,'com_admin','component','com_admin','',1,1,1,1,'{\"legacy\":false,\"name\":\"com_admin\",\"type\":\"component\",\"creationDate\":\"April 2006\",\"author\":\"Joomla! Project\",\"copyright\":\"(C) 2005 - 2011 Open Source Matters. All rights reserved.\\n\\t\",\"authorEmail\":\"admin@joomla.org\",\"authorUrl\":\"www.joomla.org\",\"version\":\"1.7.0\",\"description\":\"COM_ADMIN_XML_DESCRIPTION\",\"group\":\"\"}','','','',0,'0000-00-00 00:00:00',0,0),(4,'com_banners','component','com_banners','',1,1,1,0,'{\"legacy\":false,\"name\":\"com_banners\",\"type\":\"component\",\"creationDate\":\"April 2006\",\"author\":\"Joomla! Project\",\"copyright\":\"(C) 2005 - 2011 Open Source Matters. All rights reserved.\\n\\t\",\"authorEmail\":\"admin@joomla.org\",\"authorUrl\":\"www.joomla.org\",\"version\":\"1.7.0\",\"description\":\"COM_BANNERS_XML_DESCRIPTION\",\"group\":\"\"}','{\"purchase_type\":\"3\",\"track_impressions\":\"0\",\"track_clicks\":\"0\",\"metakey_prefix\":\"\"}','','',0,'0000-00-00 00:00:00',0,0),(5,'com_cache','component','com_cache','',1,1,1,1,'{\"legacy\":false,\"name\":\"com_cache\",\"type\":\"component\",\"creationDate\":\"April 2006\",\"author\":\"Joomla! Project\",\"copyright\":\"(C) 2005 - 2011 Open Source Matters. All rights reserved.\\t\",\"authorEmail\":\"admin@joomla.org\",\"authorUrl\":\"www.joomla.org\",\"version\":\"1.7.0\",\"description\":\"COM_CACHE_XML_DESCRIPTION\",\"group\":\"\"}','','','',0,'0000-00-00 00:00:00',0,0),(6,'com_categories','component','com_categories','',1,1,1,1,'{\"legacy\":false,\"name\":\"com_categories\",\"type\":\"component\",\"creationDate\":\"December 2007\",\"author\":\"Joomla! Project\",\"copyright\":\"(C) 2005 - 2011 Open Source Matters. All rights reserved.\",\"authorEmail\":\"admin@joomla.org\",\"authorUrl\":\"www.joomla.org\",\"version\":\"1.7.0\",\"description\":\"COM_CATEGORIES_XML_DESCRIPTION\",\"group\":\"\"}','','','',0,'0000-00-00 00:00:00',0,0),(7,'com_checkin','component','com_checkin','',1,1,1,1,'{\"legacy\":false,\"name\":\"com_checkin\",\"type\":\"component\",\"creationDate\":\"Unknown\",\"author\":\"Joomla! Project\",\"copyright\":\"(C) 2005 - 2008 Open Source Matters. All rights reserved.\\n\\t\",\"authorEmail\":\"admin@joomla.org\",\"authorUrl\":\"www.joomla.org\",\"version\":\"1.7.0\",\"description\":\"COM_CHECKIN_XML_DESCRIPTION\",\"group\":\"\"}','','','',0,'0000-00-00 00:00:00',0,0),(8,'com_contact','component','com_contact','',1,1,1,0,'{\"legacy\":false,\"name\":\"com_contact\",\"type\":\"component\",\"creationDate\":\"April 2006\",\"author\":\"Joomla! Project\",\"copyright\":\"(C) 2005 - 2011 Open Source Matters. All rights reserved.\\n\\t\",\"authorEmail\":\"admin@joomla.org\",\"authorUrl\":\"www.joomla.org\",\"version\":\"1.7.0\",\"description\":\"COM_CONTACT_XML_DESCRIPTION\",\"group\":\"\"}','{\"show_contact_category\":\"hide\",\"show_contact_list\":\"0\",\"presentation_style\":\"sliders\",\"show_name\":\"1\",\"show_position\":\"1\",\"show_email\":\"0\",\"show_street_address\":\"1\",\"show_suburb\":\"1\",\"show_state\":\"1\",\"show_postcode\":\"1\",\"show_country\":\"1\",\"show_telephone\":\"1\",\"show_mobile\":\"1\",\"show_fax\":\"1\",\"show_webpage\":\"1\",\"show_misc\":\"1\",\"show_image\":\"1\",\"image\":\"\",\"allow_vcard\":\"0\",\"show_articles\":\"0\",\"show_profile\":\"0\",\"show_links\":\"0\",\"linka_name\":\"\",\"linkb_name\":\"\",\"linkc_name\":\"\",\"linkd_name\":\"\",\"linke_name\":\"\",\"contact_icons\":\"0\",\"icon_address\":\"\",\"icon_email\":\"\",\"icon_telephone\":\"\",\"icon_mobile\":\"\",\"icon_fax\":\"\",\"icon_misc\":\"\",\"show_headings\":\"1\",\"show_position_headings\":\"1\",\"show_email_headings\":\"0\",\"show_telephone_headings\":\"1\",\"show_mobile_headings\":\"0\",\"show_fax_headings\":\"0\",\"allow_vcard_headings\":\"0\",\"show_suburb_headings\":\"1\",\"show_state_headings\":\"1\",\"show_country_headings\":\"1\",\"show_email_form\":\"1\",\"show_email_copy\":\"1\",\"banned_email\":\"\",\"banned_subject\":\"\",\"banned_text\":\"\",\"validate_session\":\"1\",\"custom_reply\":\"0\",\"redirect\":\"\",\"show_category_crumb\":\"0\",\"metakey\":\"\",\"metadesc\":\"\",\"robots\":\"\",\"author\":\"\",\"rights\":\"\",\"xreference\":\"\"}','','',0,'0000-00-00 00:00:00',0,0),(9,'com_cpanel','component','com_cpanel','',1,1,1,1,'{\"legacy\":false,\"name\":\"com_cpanel\",\"type\":\"component\",\"creationDate\":\"April 2006\",\"author\":\"Joomla! Project\",\"copyright\":\"(C) 2005 - 2011 Open Source Matters. All rights reserved.\",\"authorEmail\":\"admin@joomla.org\",\"authorUrl\":\"www.joomla.org\",\"version\":\"1.7.0\",\"description\":\"COM_CPANEL_XML_DESCRIPTION\",\"group\":\"\"}','','','',0,'0000-00-00 00:00:00',0,0),(10,'com_installer','component','com_installer','',1,1,1,1,'{\"legacy\":false,\"name\":\"com_installer\",\"type\":\"component\",\"creationDate\":\"April 2006\",\"author\":\"Joomla! Project\",\"copyright\":\"(C) 2005 - 2011 Open Source Matters. All rights reserved.\\t\",\"authorEmail\":\"admin@joomla.org\",\"authorUrl\":\"www.joomla.org\",\"version\":\"1.7.0\",\"description\":\"COM_INSTALLER_XML_DESCRIPTION\",\"group\":\"\"}','{}','','',0,'0000-00-00 00:00:00',0,0),(11,'com_languages','component','com_languages','',1,1,1,1,'{\"legacy\":false,\"name\":\"com_languages\",\"type\":\"component\",\"creationDate\":\"2006\",\"author\":\"Joomla! Project\",\"copyright\":\"(C) 2005 - 2011 Open Source Matters. All rights reserved.\\n\\t\",\"authorEmail\":\"admin@joomla.org\",\"authorUrl\":\"www.joomla.org\",\"version\":\"1.7.0\",\"description\":\"COM_LANGUAGES_XML_DESCRIPTION\",\"group\":\"\"}','{\"administrator\":\"en-GB\",\"site\":\"en-GB\"}','','',0,'0000-00-00 00:00:00',0,0),(12,'com_login','component','com_login','',1,1,1,1,'{\"legacy\":false,\"name\":\"com_login\",\"type\":\"component\",\"creationDate\":\"April 2006\",\"author\":\"Joomla! Project\",\"copyright\":\"(C) 2005 - 2011 Open Source Matters. All rights reserved.\\t\",\"authorEmail\":\"admin@joomla.org\",\"authorUrl\":\"www.joomla.org\",\"version\":\"1.7.0\",\"description\":\"COM_LOGIN_XML_DESCRIPTION\",\"group\":\"\"}','','','',0,'0000-00-00 00:00:00',0,0),(13,'com_media','component','com_media','',1,1,0,1,'{\"legacy\":false,\"name\":\"com_media\",\"type\":\"component\",\"creationDate\":\"April 2006\",\"author\":\"Joomla! Project\",\"copyright\":\"(C) 2005 - 2011 Open Source Matters. All rights reserved.\\t\",\"authorEmail\":\"admin@joomla.org\",\"authorUrl\":\"www.joomla.org\",\"version\":\"1.7.0\",\"description\":\"COM_MEDIA_XML_DESCRIPTION\",\"group\":\"\"}','{\"upload_extensions\":\"bmp,csv,doc,gif,ico,jpg,jpeg,odg,odp,ods,odt,pdf,png,ppt,swf,txt,xcf,xls,BMP,CSV,DOC,GIF,ICO,JPG,JPEG,ODG,ODP,ODS,ODT,PDF,PNG,PPT,SWF,TXT,XCF,XLS\",\"upload_maxsize\":\"10\",\"file_path\":\"images\",\"image_path\":\"images\",\"restrict_uploads\":\"1\",\"allowed_media_usergroup\":\"3\",\"check_mime\":\"1\",\"image_extensions\":\"bmp,gif,jpg,png\",\"ignore_extensions\":\"\",\"upload_mime\":\"image\\/jpeg,image\\/gif,image\\/png,image\\/bmp,application\\/x-shockwave-flash,application\\/msword,application\\/excel,application\\/pdf,application\\/powerpoint,text\\/plain,application\\/x-zip\",\"upload_mime_illegal\":\"text\\/html\",\"enable_flash\":\"0\"}','','',0,'0000-00-00 00:00:00',0,0),(14,'com_menus','component','com_menus','',1,1,1,1,'{\"legacy\":false,\"name\":\"com_menus\",\"type\":\"component\",\"creationDate\":\"April 2006\",\"author\":\"Joomla! Project\",\"copyright\":\"(C) 2005 - 2011 Open Source Matters. All rights reserved.\\t\",\"authorEmail\":\"admin@joomla.org\",\"authorUrl\":\"www.joomla.org\",\"version\":\"1.7.0\",\"description\":\"COM_MENUS_XML_DESCRIPTION\",\"group\":\"\"}','{}','','',0,'0000-00-00 00:00:00',0,0),(15,'com_messages','component','com_messages','',1,1,1,1,'{\"legacy\":false,\"name\":\"com_messages\",\"type\":\"component\",\"creationDate\":\"April 2006\",\"author\":\"Joomla! Project\",\"copyright\":\"(C) 2005 - 2011 Open Source Matters. All rights reserved.\\t\",\"authorEmail\":\"admin@joomla.org\",\"authorUrl\":\"www.joomla.org\",\"version\":\"1.7.0\",\"description\":\"COM_MESSAGES_XML_DESCRIPTION\",\"group\":\"\"}','','','',0,'0000-00-00 00:00:00',0,0),(16,'com_modules','component','com_modules','',1,1,1,1,'{\"legacy\":false,\"name\":\"com_modules\",\"type\":\"component\",\"creationDate\":\"April 2006\",\"author\":\"Joomla! Project\",\"copyright\":\"(C) 2005 - 2011 Open Source Matters. All rights reserved.\\t\",\"authorEmail\":\"admin@joomla.org\",\"authorUrl\":\"www.joomla.org\",\"version\":\"1.7.0\",\"description\":\"COM_MODULES_XML_DESCRIPTION\",\"group\":\"\"}','{}','','',0,'0000-00-00 00:00:00',0,0),(17,'com_newsfeeds','component','com_newsfeeds','',1,1,1,0,'{\"legacy\":false,\"name\":\"com_newsfeeds\",\"type\":\"component\",\"creationDate\":\"April 2006\",\"author\":\"Joomla! Project\",\"copyright\":\"(C) 2005 - 2011 Open Source Matters. All rights reserved.\\t\",\"authorEmail\":\"admin@joomla.org\",\"authorUrl\":\"www.joomla.org\",\"version\":\"1.7.0\",\"description\":\"COM_NEWSFEEDS_XML_DESCRIPTION\",\"group\":\"\"}','{\"show_feed_image\":\"1\",\"show_feed_description\":\"1\",\"show_item_description\":\"1\",\"feed_word_count\":\"0\",\"show_headings\":\"1\",\"show_name\":\"1\",\"show_articles\":\"0\",\"show_link\":\"1\",\"show_description\":\"1\",\"show_description_image\":\"1\",\"display_num\":\"\",\"show_pagination_limit\":\"1\",\"show_pagination\":\"1\",\"show_pagination_results\":\"1\",\"show_cat_items\":\"1\"}','','',0,'0000-00-00 00:00:00',0,0),(18,'com_plugins','component','com_plugins','',1,1,1,1,'{\"legacy\":false,\"name\":\"com_plugins\",\"type\":\"component\",\"creationDate\":\"April 2006\",\"author\":\"Joomla! Project\",\"copyright\":\"(C) 2005 - 2011 Open Source Matters. All rights reserved.\\t\",\"authorEmail\":\"admin@joomla.org\",\"authorUrl\":\"www.joomla.org\",\"version\":\"1.7.0\",\"description\":\"COM_PLUGINS_XML_DESCRIPTION\",\"group\":\"\"}','{}','','',0,'0000-00-00 00:00:00',0,0),(19,'com_search','component','com_search','',1,1,1,1,'{\"legacy\":false,\"name\":\"com_search\",\"type\":\"component\",\"creationDate\":\"April 2006\",\"author\":\"Joomla! Project\",\"copyright\":\"(C) 2005 - 2011 Open Source Matters. All rights reserved.\\n\\t\",\"authorEmail\":\"admin@joomla.org\",\"authorUrl\":\"www.joomla.org\",\"version\":\"1.7.0\",\"description\":\"COM_SEARCH_XML_DESCRIPTION\",\"group\":\"\"}','{\"enabled\":\"0\",\"show_date\":\"1\"}','','',0,'0000-00-00 00:00:00',0,0),(20,'com_templates','component','com_templates','',1,1,1,1,'{\"legacy\":false,\"name\":\"com_templates\",\"type\":\"component\",\"creationDate\":\"April 2006\",\"author\":\"Joomla! Project\",\"copyright\":\"(C) 2005 - 2011 Open Source Matters. All rights reserved.\\t\",\"authorEmail\":\"admin@joomla.org\",\"authorUrl\":\"www.joomla.org\",\"version\":\"1.7.0\",\"description\":\"COM_TEMPLATES_XML_DESCRIPTION\",\"group\":\"\"}','{}','','',0,'0000-00-00 00:00:00',0,0),(21,'com_weblinks','component','com_weblinks','',1,1,1,0,'{\"legacy\":false,\"name\":\"com_weblinks\",\"type\":\"component\",\"creationDate\":\"April 2006\",\"author\":\"Joomla! Project\",\"copyright\":\"(C) 2005 - 2011 Open Source Matters. All rights reserved.\\n\\t\",\"authorEmail\":\"admin@joomla.org\",\"authorUrl\":\"www.joomla.org\",\"version\":\"1.7.0\",\"description\":\"COM_WEBLINKS_XML_DESCRIPTION\",\"group\":\"\"}','{\"show_comp_description\":\"1\",\"comp_description\":\"\",\"show_link_hits\":\"1\",\"show_link_description\":\"1\",\"show_other_cats\":\"0\",\"show_headings\":\"0\",\"show_numbers\":\"0\",\"show_report\":\"1\",\"count_clicks\":\"1\",\"target\":\"0\",\"link_icons\":\"\"}','','',0,'0000-00-00 00:00:00',0,0),(22,'com_content','component','com_content','',1,1,0,1,'{\"legacy\":false,\"name\":\"com_content\",\"type\":\"component\",\"creationDate\":\"April 2006\",\"author\":\"Joomla! Project\",\"copyright\":\"(C) 2005 - 2011 Open Source Matters. All rights reserved.\\t\",\"authorEmail\":\"admin@joomla.org\",\"authorUrl\":\"www.joomla.org\",\"version\":\"1.7.0\",\"description\":\"COM_CONTENT_XML_DESCRIPTION\",\"group\":\"\"}','{\"article_layout\":\"_:default\",\"show_title\":\"1\",\"link_titles\":\"1\",\"show_intro\":\"1\",\"show_category\":\"1\",\"link_category\":\"1\",\"show_parent_category\":\"0\",\"link_parent_category\":\"0\",\"show_author\":\"1\",\"link_author\":\"0\",\"show_create_date\":\"0\",\"show_modify_date\":\"0\",\"show_publish_date\":\"1\",\"show_item_navigation\":\"1\",\"show_vote\":\"0\",\"show_readmore\":\"1\",\"show_readmore_title\":\"1\",\"readmore_limit\":\"100\",\"show_icons\":\"1\",\"show_print_icon\":\"1\",\"show_email_icon\":\"1\",\"show_hits\":\"1\",\"show_noauth\":\"0\",\"category_layout\":\"_:blog\",\"show_category_title\":\"0\",\"show_description\":\"0\",\"show_description_image\":\"0\",\"maxLevel\":\"1\",\"show_empty_categories\":\"0\",\"show_no_articles\":\"1\",\"show_subcat_desc\":\"1\",\"show_cat_num_articles\":\"0\",\"show_base_description\":\"1\",\"maxLevelcat\":\"-1\",\"show_empty_categories_cat\":\"0\",\"show_subcat_desc_cat\":\"1\",\"show_cat_num_articles_cat\":\"1\",\"num_leading_articles\":\"1\",\"num_intro_articles\":\"4\",\"num_columns\":\"2\",\"num_links\":\"4\",\"multi_column_order\":\"0\",\"orderby_pri\":\"order\",\"orderby_sec\":\"rdate\",\"order_date\":\"published\",\"show_pagination_limit\":\"1\",\"filter_field\":\"hide\",\"show_headings\":\"1\",\"list_show_date\":\"0\",\"date_format\":\"\",\"list_show_hits\":\"1\",\"list_show_author\":\"1\",\"show_pagination\":\"2\",\"show_pagination_results\":\"1\",\"show_feed_link\":\"1\",\"feed_summary\":\"0\",\"filters\":{\"1\":{\"filter_type\":\"BL\",\"filter_tags\":\"\",\"filter_attributes\":\"\"},\"6\":{\"filter_type\":\"BL\",\"filter_tags\":\"\",\"filter_attributes\":\"\"},\"7\":{\"filter_type\":\"BL\",\"filter_tags\":\"\",\"filter_attributes\":\"\"},\"2\":{\"filter_type\":\"BL\",\"filter_tags\":\"\",\"filter_attributes\":\"\"},\"3\":{\"filter_type\":\"BL\",\"filter_tags\":\"\",\"filter_attributes\":\"\"},\"4\":{\"filter_type\":\"BL\",\"filter_tags\":\"\",\"filter_attributes\":\"\"},\"5\":{\"filter_type\":\"BL\",\"filter_tags\":\"\",\"filter_attributes\":\"\"},\"10\":{\"filter_type\":\"BL\",\"filter_tags\":\"\",\"filter_attributes\":\"\"},\"12\":{\"filter_type\":\"BL\",\"filter_tags\":\"\",\"filter_attributes\":\"\"},\"8\":{\"filter_type\":\"BL\",\"filter_tags\":\"\",\"filter_attributes\":\"\"}}}','','',0,'0000-00-00 00:00:00',0,0),(23,'com_config','component','com_config','',1,1,0,1,'{\"legacy\":false,\"name\":\"com_config\",\"type\":\"component\",\"creationDate\":\"April 2006\",\"author\":\"Joomla! Project\",\"copyright\":\"(C) 2005 - 2011 Open Source Matters. All rights reserved.\\t\",\"authorEmail\":\"admin@joomla.org\",\"authorUrl\":\"www.joomla.org\",\"version\":\"1.7.0\",\"description\":\"COM_CONFIG_XML_DESCRIPTION\",\"group\":\"\"}','{\"filters\":{\"1\":{\"filter_type\":\"BL\",\"filter_tags\":\"\",\"filter_attributes\":\"\"},\"6\":{\"filter_type\":\"BL\",\"filter_tags\":\"\",\"filter_attributes\":\"\"},\"7\":{\"filter_type\":\"BL\",\"filter_tags\":\"\",\"filter_attributes\":\"\"},\"2\":{\"filter_type\":\"BL\",\"filter_tags\":\"\",\"filter_attributes\":\"\"},\"3\":{\"filter_type\":\"BL\",\"filter_tags\":\"\",\"filter_attributes\":\"\"},\"4\":{\"filter_type\":\"BL\",\"filter_tags\":\"\",\"filter_attributes\":\"\"},\"5\":{\"filter_type\":\"BL\",\"filter_tags\":\"\",\"filter_attributes\":\"\"},\"8\":{\"filter_type\":\"BL\",\"filter_tags\":\"\",\"filter_attributes\":\"\"}}}','','',0,'0000-00-00 00:00:00',0,0),(24,'com_redirect','component','com_redirect','',1,1,0,1,'{\"legacy\":false,\"name\":\"com_redirect\",\"type\":\"component\",\"creationDate\":\"April 2006\",\"author\":\"Joomla! Project\",\"copyright\":\"(C) 2005 - 2011 Open Source Matters. All rights reserved.\\t\",\"authorEmail\":\"admin@joomla.org\",\"authorUrl\":\"www.joomla.org\",\"version\":\"1.7.0\",\"description\":\"COM_REDIRECT_XML_DESCRIPTION\",\"group\":\"\"}','{}','','',0,'0000-00-00 00:00:00',0,0),(25,'com_users','component','com_users','',1,1,0,1,'{\"legacy\":false,\"name\":\"com_users\",\"type\":\"component\",\"creationDate\":\"April 2006\",\"author\":\"Joomla! Project\",\"copyright\":\"(C) 2005 - 2011 Open Source Matters. All rights reserved.\\t\",\"authorEmail\":\"admin@joomla.org\",\"authorUrl\":\"www.joomla.org\",\"version\":\"1.7.0\",\"description\":\"COM_USERS_XML_DESCRIPTION\",\"group\":\"\"}','{\"allowUserRegistration\":\"1\",\"new_usertype\":\"2\",\"useractivation\":\"1\",\"frontend_userparams\":\"1\",\"mailSubjectPrefix\":\"\",\"mailBodySuffix\":\"\"}','','',0,'0000-00-00 00:00:00',0,0),(100,'PHPMailer','library','phpmailer','',0,1,1,1,'{\"legacy\":false,\"name\":\"PHPMailer\",\"type\":\"library\",\"creationDate\":\"2008\",\"author\":\"PHPMailer\",\"copyright\":\"Copyright (C) PHPMailer.\",\"authorEmail\":\"\",\"authorUrl\":\"http:\\/\\/phpmailer.codeworxtech.com\\/\",\"version\":\"1.7.0\",\"description\":\"LIB_PHPMAILER_XML_DESCRIPTION\",\"group\":\"\"}','','','',0,'0000-00-00 00:00:00',0,0),(101,'SimplePie','library','simplepie','',0,1,1,1,'{\"legacy\":false,\"name\":\"SimplePie\",\"type\":\"library\",\"creationDate\":\"2008\",\"author\":\"SimplePie\",\"copyright\":\"Copyright (C) 2008 SimplePie\",\"authorEmail\":\"\",\"authorUrl\":\"http:\\/\\/simplepie.org\\/\",\"version\":\"1.0.1\",\"description\":\"LIB_SIMPLEPIE_XML_DESCRIPTION\",\"group\":\"\"}','','','',0,'0000-00-00 00:00:00',0,0),(102,'phputf8','library','phputf8','',0,1,1,1,'{\"legacy\":false,\"name\":\"phputf8\",\"type\":\"library\",\"creationDate\":\"2008\",\"author\":\"Harry Fuecks\",\"copyright\":\"Copyright various authors\",\"authorEmail\":\"\",\"authorUrl\":\"http:\\/\\/sourceforge.net\\/projects\\/phputf8\",\"version\":\"1.7.0\",\"description\":\"LIB_PHPUTF8_XML_DESCRIPTION\",\"group\":\"\"}','','','',0,'0000-00-00 00:00:00',0,0),(103,'Joomla! Web Application Framework','library','joomla','',0,1,1,1,'{\"legacy\":false,\"name\":\"Joomla! Web Application Framework\",\"type\":\"library\",\"creationDate\":\"2008\",\"author\":\"Joomla\",\"copyright\":\"Copyright (C) 2005 - 2011 Open Source Matters. All rights reserved.\",\"authorEmail\":\"admin@joomla.org\",\"authorUrl\":\"http:\\/\\/www.joomla.org\",\"version\":\"1.7.0\",\"description\":\"LIB_JOOMLA_XML_DESCRIPTION\",\"group\":\"\"}','{}','','',0,'0000-00-00 00:00:00',0,0),(200,'mod_articles_archive','module','mod_articles_archive','',0,1,1,1,'{\"legacy\":false,\"name\":\"mod_articles_archive\",\"type\":\"module\",\"creationDate\":\"July 2006\",\"author\":\"Joomla! Project\",\"copyright\":\"Copyright (C) 2005 - 2011 Open Source Matters.\\n\\t\\tAll rights reserved.\",\"authorEmail\":\"admin@joomla.org\",\"authorUrl\":\"www.joomla.org\",\"version\":\"1.7.0\",\"description\":\"MOD_ARTICLES_ARCHIVE_XML_DESCRIPTION\",\"group\":\"\"}','','','',0,'0000-00-00 00:00:00',0,0),(201,'mod_articles_latest','module','mod_articles_latest','',0,1,1,1,'{\"legacy\":false,\"name\":\"mod_articles_latest\",\"type\":\"module\",\"creationDate\":\"July 2004\",\"author\":\"Joomla! Project\",\"copyright\":\"Copyright (C) 2005 - 2011 Open Source Matters. All rights reserved.\",\"authorEmail\":\"admin@joomla.org\",\"authorUrl\":\"www.joomla.org\",\"version\":\"1.7.0\",\"description\":\"MOD_LATEST_NEWS_XML_DESCRIPTION\",\"group\":\"\"}','','','',0,'0000-00-00 00:00:00',0,0),(202,'mod_articles_popular','module','mod_articles_popular','',0,1,1,0,'{\"legacy\":false,\"name\":\"mod_articles_popular\",\"type\":\"module\",\"creationDate\":\"July 2006\",\"author\":\"Joomla! Project\",\"copyright\":\"Copyright (C) 2005 - 2011 Open Source Matters. All rights reserved.\",\"authorEmail\":\"admin@joomla.org\",\"authorUrl\":\"www.joomla.org\",\"version\":\"1.7.0\",\"description\":\"MOD_POPULAR_XML_DESCRIPTION\",\"group\":\"\"}','','','',0,'0000-00-00 00:00:00',0,0),(203,'mod_banners','module','mod_banners','',0,1,1,1,'{\"legacy\":false,\"name\":\"mod_banners\",\"type\":\"module\",\"creationDate\":\"July 2006\",\"author\":\"Joomla! Project\",\"copyright\":\"Copyright (C) 2005 - 2011 Open Source Matters. All rights reserved.\",\"authorEmail\":\"admin@joomla.org\",\"authorUrl\":\"www.joomla.org\",\"version\":\"1.7.0\",\"description\":\"MOD_BANNERS_XML_DESCRIPTION\",\"group\":\"\"}','','','',0,'0000-00-00 00:00:00',0,0),(204,'mod_breadcrumbs','module','mod_breadcrumbs','',0,1,1,1,'{\"legacy\":false,\"name\":\"mod_breadcrumbs\",\"type\":\"module\",\"creationDate\":\"July 2006\",\"author\":\"Joomla! Project\",\"copyright\":\"Copyright (C) 2005 - 2011 Open Source Matters. All rights reserved.\",\"authorEmail\":\"admin@joomla.org\",\"authorUrl\":\"www.joomla.org\",\"version\":\"1.7.0\",\"description\":\"MOD_BREADCRUMBS_XML_DESCRIPTION\",\"group\":\"\"}','','','',0,'0000-00-00 00:00:00',0,0),(205,'mod_custom','module','mod_custom','',0,1,1,1,'{\"legacy\":false,\"name\":\"mod_custom\",\"type\":\"module\",\"creationDate\":\"July 2004\",\"author\":\"Joomla! Project\",\"copyright\":\"Copyright (C) 2005 - 2011 Open Source Matters. All rights reserved.\",\"authorEmail\":\"admin@joomla.org\",\"authorUrl\":\"www.joomla.org\",\"version\":\"1.7.0\",\"description\":\"MOD_CUSTOM_XML_DESCRIPTION\",\"group\":\"\"}','','','',0,'0000-00-00 00:00:00',0,0),(206,'mod_feed','module','mod_feed','',0,1,1,1,'{\"legacy\":false,\"name\":\"mod_feed\",\"type\":\"module\",\"creationDate\":\"July 2005\",\"author\":\"Joomla! Project\",\"copyright\":\"Copyright (C) 2005 - 2011 Open Source Matters. All rights reserved.\",\"authorEmail\":\"admin@joomla.org\",\"authorUrl\":\"www.joomla.org\",\"version\":\"1.7.0\",\"description\":\"MOD_FEED_XML_DESCRIPTION\",\"group\":\"\"}','','','',0,'0000-00-00 00:00:00',0,0),(207,'mod_footer','module','mod_footer','',0,1,1,1,'{\"legacy\":false,\"name\":\"mod_footer\",\"type\":\"module\",\"creationDate\":\"July 2006\",\"author\":\"Joomla! Project\",\"copyright\":\"Copyright (C) 2005 - 2011 Open Source Matters. All rights reserved.\",\"authorEmail\":\"admin@joomla.org\",\"authorUrl\":\"www.joomla.org\",\"version\":\"1.7.0\",\"description\":\"MOD_FOOTER_XML_DESCRIPTION\",\"group\":\"\"}','','','',0,'0000-00-00 00:00:00',0,0),(208,'mod_login','module','mod_login','',0,1,1,1,'{\"legacy\":false,\"name\":\"mod_login\",\"type\":\"module\",\"creationDate\":\"July 2006\",\"author\":\"Joomla! Project\",\"copyright\":\"Copyright (C) 2005 - 2011 Open Source Matters. All rights reserved.\",\"authorEmail\":\"admin@joomla.org\",\"authorUrl\":\"www.joomla.org\",\"version\":\"1.7.0\",\"description\":\"MOD_LOGIN_XML_DESCRIPTION\",\"group\":\"\"}','','','',0,'0000-00-00 00:00:00',0,0),(209,'mod_menu','module','mod_menu','',0,1,1,1,'{\"legacy\":false,\"name\":\"mod_menu\",\"type\":\"module\",\"creationDate\":\"July 2004\",\"author\":\"Joomla! Project\",\"copyright\":\"Copyright (C) 2005 - 2011 Open Source Matters. All rights reserved.\",\"authorEmail\":\"admin@joomla.org\",\"authorUrl\":\"www.joomla.org\",\"version\":\"1.7.0\",\"description\":\"MOD_MENU_XML_DESCRIPTION\",\"group\":\"\"}','','','',0,'0000-00-00 00:00:00',0,0),(210,'mod_articles_news','module','mod_articles_news','',0,1,1,0,'{\"legacy\":false,\"name\":\"mod_articles_news\",\"type\":\"module\",\"creationDate\":\"July 2006\",\"author\":\"Joomla! Project\",\"copyright\":\"Copyright (C) 2005 - 2011 Open Source Matters. All rights reserved.\",\"authorEmail\":\"admin@joomla.org\",\"authorUrl\":\"www.joomla.org\",\"version\":\"1.7.0\",\"description\":\"MOD_ARTICLES_NEWS_XML_DESCRIPTION\",\"group\":\"\"}','','','',0,'0000-00-00 00:00:00',0,0),(211,'mod_random_image','module','mod_random_image','',0,1,1,0,'{\"legacy\":false,\"name\":\"mod_random_image\",\"type\":\"module\",\"creationDate\":\"July 2006\",\"author\":\"Joomla! Project\",\"copyright\":\"Copyright (C) 2005 - 2011 Open Source Matters. All rights reserved.\",\"authorEmail\":\"admin@joomla.org\",\"authorUrl\":\"www.joomla.org\",\"version\":\"1.7.0\",\"description\":\"MOD_RANDOM_IMAGE_XML_DESCRIPTION\",\"group\":\"\"}','','','',0,'0000-00-00 00:00:00',0,0),(212,'mod_related_items','module','mod_related_items','',0,1,1,0,'{\"legacy\":false,\"name\":\"mod_related_items\",\"type\":\"module\",\"creationDate\":\"July 2004\",\"author\":\"Joomla! Project\",\"copyright\":\"Copyright (C) 2005 - 2011 Open Source Matters. All rights reserved.\",\"authorEmail\":\"admin@joomla.org\",\"authorUrl\":\"www.joomla.org\",\"version\":\"1.7.0\",\"description\":\"MOD_RELATED_XML_DESCRIPTION\",\"group\":\"\"}','','','',0,'0000-00-00 00:00:00',0,0),(213,'mod_search','module','mod_search','',0,1,1,0,'{\"legacy\":false,\"name\":\"mod_search\",\"type\":\"module\",\"creationDate\":\"July 2004\",\"author\":\"Joomla! Project\",\"copyright\":\"Copyright (C) 2005 - 2011 Open Source Matters. All rights reserved.\",\"authorEmail\":\"admin@joomla.org\",\"authorUrl\":\"www.joomla.org\",\"version\":\"1.7.0\",\"description\":\"MOD_SEARCH_XML_DESCRIPTION\",\"group\":\"\"}','','','',0,'0000-00-00 00:00:00',0,0),(214,'mod_stats','module','mod_stats','',0,1,1,0,'{\"legacy\":false,\"name\":\"mod_stats\",\"type\":\"module\",\"creationDate\":\"July 2004\",\"author\":\"Joomla! Project\",\"copyright\":\"Copyright (C) 2005 - 2011 Open Source Matters. All rights reserved.\",\"authorEmail\":\"admin@joomla.org\",\"authorUrl\":\"www.joomla.org\",\"version\":\"1.7.0\",\"description\":\"MOD_STATS_XML_DESCRIPTION\",\"group\":\"\"}','','','',0,'0000-00-00 00:00:00',0,0),(215,'mod_syndicate','module','mod_syndicate','',0,1,1,1,'{\"legacy\":false,\"name\":\"mod_syndicate\",\"type\":\"module\",\"creationDate\":\"May 2006\",\"author\":\"Joomla! Project\",\"copyright\":\"Copyright (C) 2005 - 2011 Open Source Matters. All rights reserved.\",\"authorEmail\":\"admin@joomla.org\",\"authorUrl\":\"www.joomla.org\",\"version\":\"1.7.0\",\"description\":\"MOD_SYNDICATE_XML_DESCRIPTION\",\"group\":\"\"}','','','',0,'0000-00-00 00:00:00',0,0),(216,'mod_users_latest','module','mod_users_latest','',0,1,1,1,'{\"legacy\":false,\"name\":\"mod_users_latest\",\"type\":\"module\",\"creationDate\":\"December 2009\",\"author\":\"Joomla! Project\",\"copyright\":\"Copyright (C) 2005 - 2011 Open Source Matters. All rights reserved.\",\"authorEmail\":\"admin@joomla.org\",\"authorUrl\":\"www.joomla.org\",\"version\":\"1.7.0\",\"description\":\"MOD_USERS_LATEST_XML_DESCRIPTION\",\"group\":\"\"}','','','',0,'0000-00-00 00:00:00',0,0),(217,'mod_weblinks','module','mod_weblinks','',0,1,1,0,'{\"legacy\":false,\"name\":\"mod_weblinks\",\"type\":\"module\",\"creationDate\":\"July 2009\",\"author\":\"Joomla! Project\",\"copyright\":\"Copyright (C) 2005 - 2011 Open Source Matters. All rights reserved.\",\"authorEmail\":\"admin@joomla.org\",\"authorUrl\":\"www.joomla.org\",\"version\":\"1.7.0\",\"description\":\"MOD_WEBLINKS_XML_DESCRIPTION\",\"group\":\"\"}','','','',0,'0000-00-00 00:00:00',0,0),(218,'mod_whosonline','module','mod_whosonline','',0,1,1,0,'{\"legacy\":false,\"name\":\"mod_whosonline\",\"type\":\"module\",\"creationDate\":\"July 2004\",\"author\":\"Joomla! Project\",\"copyright\":\"Copyright (C) 2005 - 2011 Open Source Matters. All rights reserved.\",\"authorEmail\":\"admin@joomla.org\",\"authorUrl\":\"www.joomla.org\",\"version\":\"1.7.0\",\"description\":\"MOD_WHOSONLINE_XML_DESCRIPTION\",\"group\":\"\"}','','','',0,'0000-00-00 00:00:00',0,0),(219,'mod_wrapper','module','mod_wrapper','',0,1,1,0,'{\"legacy\":false,\"name\":\"mod_wrapper\",\"type\":\"module\",\"creationDate\":\"October 2004\",\"author\":\"Joomla! Project\",\"copyright\":\"Copyright (C) 2005 - 2011 Open Source Matters. All rights reserved.\",\"authorEmail\":\"admin@joomla.org\",\"authorUrl\":\"www.joomla.org\",\"version\":\"1.7.0\",\"description\":\"MOD_WRAPPER_XML_DESCRIPTION\",\"group\":\"\"}','','','',0,'0000-00-00 00:00:00',0,0),(220,'mod_articles_category','module','mod_articles_category','',0,1,1,1,'{\"legacy\":false,\"name\":\"mod_articles_category\",\"type\":\"module\",\"creationDate\":\"February 2010\",\"author\":\"Joomla! Project\",\"copyright\":\"Copyright (C) 2005 - 2011 Open Source Matters. All rights reserved.\",\"authorEmail\":\"admin@joomla.org\",\"authorUrl\":\"www.joomla.org\",\"version\":\"1.7.0\",\"description\":\"MOD_ARTICLES_CATEGORY_XML_DESCRIPTION\",\"group\":\"\"}','','','',0,'0000-00-00 00:00:00',0,0),(221,'mod_articles_categories','module','mod_articles_categories','',0,1,1,1,'{\"legacy\":false,\"name\":\"mod_articles_categories\",\"type\":\"module\",\"creationDate\":\"February 2010\",\"author\":\"Joomla! Project\",\"copyright\":\"Copyright (C) 2005 - 2011 Open Source Matters. All rights reserved.\",\"authorEmail\":\"admin@joomla.org\",\"authorUrl\":\"www.joomla.org\",\"version\":\"1.7.0\",\"description\":\"MOD_ARTICLES_CATEGORIES_XML_DESCRIPTION\",\"group\":\"\"}','','','',0,'0000-00-00 00:00:00',0,0),(222,'mod_languages','module','mod_languages','',0,1,1,1,'{\"legacy\":false,\"name\":\"mod_languages\",\"type\":\"module\",\"creationDate\":\"February 2010\",\"author\":\"Joomla! Project\",\"copyright\":\"Copyright (C) 2005 - 2011 Open Source Matters. All rights reserved.\",\"authorEmail\":\"admin@joomla.org\",\"authorUrl\":\"www.joomla.org\",\"version\":\"1.7.0\",\"description\":\"MOD_LANGUAGES_XML_DESCRIPTION\",\"group\":\"\"}','','','',0,'0000-00-00 00:00:00',0,0),(300,'mod_custom','module','mod_custom','',1,1,1,1,'{\"legacy\":false,\"name\":\"mod_custom\",\"type\":\"module\",\"creationDate\":\"July 2004\",\"author\":\"Joomla! Project\",\"copyright\":\"Copyright (C) 2005 - 2011 Open Source Matters. All rights reserved.\",\"authorEmail\":\"admin@joomla.org\",\"authorUrl\":\"www.joomla.org\",\"version\":\"1.7.0\",\"description\":\"MOD_CUSTOM_XML_DESCRIPTION\",\"group\":\"\"}','','','',0,'0000-00-00 00:00:00',0,0),(301,'mod_feed','module','mod_feed','',1,1,1,0,'{\"legacy\":false,\"name\":\"mod_feed\",\"type\":\"module\",\"creationDate\":\"July 2005\",\"author\":\"Joomla! Project\",\"copyright\":\"Copyright (C) 2005 - 2011 Open Source Matters. All rights reserved.\",\"authorEmail\":\"admin@joomla.org\",\"authorUrl\":\"www.joomla.org\",\"version\":\"1.7.0\",\"description\":\"MOD_FEED_XML_DESCRIPTION\",\"group\":\"\"}','','','',0,'0000-00-00 00:00:00',0,0),(302,'mod_latest','module','mod_latest','',1,1,1,0,'{\"legacy\":false,\"name\":\"mod_latest\",\"type\":\"module\",\"creationDate\":\"July 2004\",\"author\":\"Joomla! Project\",\"copyright\":\"Copyright (C) 2005 - 2011 Open Source Matters. All rights reserved.\",\"authorEmail\":\"admin@joomla.org\",\"authorUrl\":\"www.joomla.org\",\"version\":\"1.7.0\",\"description\":\"MOD_LATEST_XML_DESCRIPTION\",\"group\":\"\"}','','','',0,'0000-00-00 00:00:00',0,0),(303,'mod_logged','module','mod_logged','',1,1,1,0,'{\"legacy\":false,\"name\":\"mod_logged\",\"type\":\"module\",\"creationDate\":\"January 2005\",\"author\":\"Joomla! Project\",\"copyright\":\"Copyright (C) 2005 - 2011 Open Source Matters. All rights reserved.\",\"authorEmail\":\"admin@joomla.org\",\"authorUrl\":\"www.joomla.org\",\"version\":\"1.7.0\",\"description\":\"MOD_LOGGED_XML_DESCRIPTION\",\"group\":\"\"}','','','',0,'0000-00-00 00:00:00',0,0),(304,'mod_login','module','mod_login','',1,1,1,1,'{\"legacy\":false,\"name\":\"mod_login\",\"type\":\"module\",\"creationDate\":\"March 2005\",\"author\":\"Joomla! Project\",\"copyright\":\"Copyright (C) 2005 - 2011 Open Source Matters. All rights reserved.\",\"authorEmail\":\"admin@joomla.org\",\"authorUrl\":\"www.joomla.org\",\"version\":\"1.7.0\",\"description\":\"MOD_LOGIN_XML_DESCRIPTION\",\"group\":\"\"}','','','',0,'0000-00-00 00:00:00',0,0),(305,'mod_menu','module','mod_menu','',1,1,1,0,'{\"legacy\":false,\"name\":\"mod_menu\",\"type\":\"module\",\"creationDate\":\"March 2006\",\"author\":\"Joomla! Project\",\"copyright\":\"Copyright (C) 2005 - 2011 Open Source Matters. All rights reserved.\",\"authorEmail\":\"admin@joomla.org\",\"authorUrl\":\"www.joomla.org\",\"version\":\"1.7.0\",\"description\":\"MOD_MENU_XML_DESCRIPTION\",\"group\":\"\"}','','','',0,'0000-00-00 00:00:00',0,0),(307,'mod_popular','module','mod_popular','',1,1,1,0,'{\"legacy\":false,\"name\":\"mod_popular\",\"type\":\"module\",\"creationDate\":\"July 2004\",\"author\":\"Joomla! Project\",\"copyright\":\"Copyright (C) 2005 - 2011 Open Source Matters. All rights reserved.\",\"authorEmail\":\"admin@joomla.org\",\"authorUrl\":\"www.joomla.org\",\"version\":\"1.7.0\",\"description\":\"MOD_POPULAR_XML_DESCRIPTION\",\"group\":\"\"}','','','',0,'0000-00-00 00:00:00',0,0),(308,'mod_quickicon','module','mod_quickicon','',1,1,1,1,'{\"legacy\":false,\"name\":\"mod_quickicon\",\"type\":\"module\",\"creationDate\":\"Nov 2005\",\"author\":\"Joomla! Project\",\"copyright\":\"Copyright (C) 2005 - 2011 Open Source Matters. All rights reserved.\",\"authorEmail\":\"admin@joomla.org\",\"authorUrl\":\"www.joomla.org\",\"version\":\"1.7.0\",\"description\":\"MOD_QUICKICON_XML_DESCRIPTION\",\"group\":\"\"}','','','',0,'0000-00-00 00:00:00',0,0),(309,'mod_status','module','mod_status','',1,1,1,0,'{\"legacy\":false,\"name\":\"mod_status\",\"type\":\"module\",\"creationDate\":\"Feb 2006\",\"author\":\"Joomla! Project\",\"copyright\":\"(C) 2005 - 2011 Open Source Matters. All rights reserved.\",\"authorEmail\":\"admin@joomla.org\",\"authorUrl\":\"www.joomla.org\",\"version\":\"1.7.0\",\"description\":\"MOD_STATUS_XML_DESCRIPTION\",\"group\":\"\"}','','','',0,'0000-00-00 00:00:00',0,0),(310,'mod_submenu','module','mod_submenu','',1,1,1,0,'{\"legacy\":false,\"name\":\"mod_submenu\",\"type\":\"module\",\"creationDate\":\"Feb 2006\",\"author\":\"Joomla! Project\",\"copyright\":\"Copyright (C) 2005 - 2011 Open Source Matters. All rights reserved.\",\"authorEmail\":\"admin@joomla.org\",\"authorUrl\":\"www.joomla.org\",\"version\":\"1.7.0\",\"description\":\"MOD_SUBMENU_XML_DESCRIPTION\",\"group\":\"\"}','','','',0,'0000-00-00 00:00:00',0,0),(311,'mod_title','module','mod_title','',1,1,1,0,'{\"legacy\":false,\"name\":\"mod_title\",\"type\":\"module\",\"creationDate\":\"Nov 2005\",\"author\":\"Joomla! Project\",\"copyright\":\"Copyright (C) 2005 - 2011 Open Source Matters. All rights reserved.\",\"authorEmail\":\"admin@joomla.org\",\"authorUrl\":\"www.joomla.org\",\"version\":\"1.7.0\",\"description\":\"MOD_TITLE_XML_DESCRIPTION\",\"group\":\"\"}','','','',0,'0000-00-00 00:00:00',0,0),(312,'mod_toolbar','module','mod_toolbar','',1,1,1,1,'{\"legacy\":false,\"name\":\"mod_toolbar\",\"type\":\"module\",\"creationDate\":\"Nov 2005\",\"author\":\"Joomla! Project\",\"copyright\":\"Copyright (C) 2005 - 2011 Open Source Matters. All rights reserved.\",\"authorEmail\":\"admin@joomla.org\",\"authorUrl\":\"www.joomla.org\",\"version\":\"1.7.0\",\"description\":\"MOD_TOOLBAR_XML_DESCRIPTION\",\"group\":\"\"}','','','',0,'0000-00-00 00:00:00',0,0),(313,'mod_multilangstatus','module','mod_multilangstatus','',1,1,1,0,'{\"legacy\":false,\"name\":\"mod_multilangstatus\",\"type\":\"module\",\"creationDate\":\"September 2011\",\"author\":\"Joomla! Project\",\"copyright\":\"Copyright (C) 2005 - 2011 Open Source Matters. All rights reserved.\",\"authorEmail\":\"admin@joomla.org\",\"authorUrl\":\"www.joomla.org\",\"version\":\"1.7.1\",\"description\":\"MOD_MULTILANGSTATUS_XML_DESCRIPTION\",\"group\":\"\"}','{\"cache\":\"0\"}','','',0,'0000-00-00 00:00:00',0,0),(400,'plg_authentication_gmail','plugin','gmail','authentication',0,0,1,0,'{\"legacy\":false,\"name\":\"plg_authentication_gmail\",\"type\":\"plugin\",\"creationDate\":\"February 2006\",\"author\":\"Joomla! Project\",\"copyright\":\"Copyright (C) 2005 - 2011 Open Source Matters. All rights reserved.\",\"authorEmail\":\"admin@joomla.org\",\"authorUrl\":\"www.joomla.org\",\"version\":\"1.7.0\",\"description\":\"PLG_GMAIL_XML_DESCRIPTION\",\"group\":\"\"}','{\"applysuffix\":\"0\",\"suffix\":\"\",\"verifypeer\":\"1\",\"user_blacklist\":\"\"}','','',0,'0000-00-00 00:00:00',1,0),(401,'plg_authentication_joomla','plugin','joomla','authentication',0,1,1,1,'{\"legacy\":false,\"name\":\"plg_authentication_joomla\",\"type\":\"plugin\",\"creationDate\":\"November 2005\",\"author\":\"Joomla! Project\",\"copyright\":\"Copyright (C) 2005 - 2011 Open Source Matters. All rights reserved.\",\"authorEmail\":\"admin@joomla.org\",\"authorUrl\":\"www.joomla.org\",\"version\":\"1.7.0\",\"description\":\"PLG_AUTH_JOOMLA_XML_DESCRIPTION\",\"group\":\"\"}','{}','','',0,'0000-00-00 00:00:00',0,0),(402,'plg_authentication_ldap','plugin','ldap','authentication',0,0,1,0,'{\"legacy\":false,\"name\":\"plg_authentication_ldap\",\"type\":\"plugin\",\"creationDate\":\"November 2005\",\"author\":\"Joomla! Project\",\"copyright\":\"Copyright (C) 2005 - 2011 Open Source Matters. All rights reserved.\",\"authorEmail\":\"admin@joomla.org\",\"authorUrl\":\"www.joomla.org\",\"version\":\"1.7.0\",\"description\":\"PLG_LDAP_XML_DESCRIPTION\",\"group\":\"\"}','{\"host\":\"\",\"port\":\"389\",\"use_ldapV3\":\"0\",\"negotiate_tls\":\"0\",\"no_referrals\":\"0\",\"auth_method\":\"bind\",\"base_dn\":\"\",\"search_string\":\"\",\"users_dn\":\"\",\"username\":\"admin\",\"password\":\"bobby7\",\"ldap_fullname\":\"fullName\",\"ldap_email\":\"mail\",\"ldap_uid\":\"uid\"}','','',0,'0000-00-00 00:00:00',3,0),(404,'plg_content_emailcloak','plugin','emailcloak','content',0,1,1,0,'{\"legacy\":false,\"name\":\"plg_content_emailcloak\",\"type\":\"plugin\",\"creationDate\":\"November 2005\",\"author\":\"Joomla! Project\",\"copyright\":\"Copyright (C) 2005 - 2011 Open Source Matters. All rights reserved.\",\"authorEmail\":\"admin@joomla.org\",\"authorUrl\":\"www.joomla.org\",\"version\":\"1.7.0\",\"description\":\"PLG_CONTENT_EMAILCLOAK_XML_DESCRIPTION\",\"group\":\"\"}','{\"mode\":\"1\"}','','',0,'0000-00-00 00:00:00',1,0),(405,'plg_content_geshi','plugin','geshi','content',0,0,1,0,'{\"legacy\":false,\"name\":\"plg_content_geshi\",\"type\":\"plugin\",\"creationDate\":\"November 2005\",\"author\":\"Joomla! Project\",\"copyright\":\"Copyright (C) 2005 - 2011 Open Source Matters. All rights reserved.\",\"authorEmail\":\"\",\"authorUrl\":\"qbnz.com\\/highlighter\",\"version\":\"1.7.0\",\"description\":\"PLG_CONTENT_GESHI_XML_DESCRIPTION\",\"group\":\"\"}','{}','','',0,'0000-00-00 00:00:00',2,0),(406,'plg_content_loadmodule','plugin','loadmodule','content',0,1,1,0,'{\"legacy\":false,\"name\":\"plg_content_loadmodule\",\"type\":\"plugin\",\"creationDate\":\"November 2005\",\"author\":\"Joomla! Project\",\"copyright\":\"Copyright (C) 2005 - 2011 Open Source Matters. All rights reserved.\",\"authorEmail\":\"admin@joomla.org\",\"authorUrl\":\"www.joomla.org\",\"version\":\"1.7.0\",\"description\":\"PLG_LOADMODULE_XML_DESCRIPTION\",\"group\":\"\"}','{\"style\":\"xhtml\"}','','',0,'2011-09-18 15:22:50',0,0),(407,'plg_content_pagebreak','plugin','pagebreak','content',0,1,1,1,'{\"legacy\":false,\"name\":\"plg_content_pagebreak\",\"type\":\"plugin\",\"creationDate\":\"November 2005\",\"author\":\"Joomla! Project\",\"copyright\":\"Copyright (C) 2005 - 2011 Open Source Matters. All rights reserved.\",\"authorEmail\":\"admin@joomla.org\",\"authorUrl\":\"www.joomla.org\",\"version\":\"1.7.0\",\"description\":\"PLG_CONTENT_PAGEBREAK_XML_DESCRIPTION\",\"group\":\"\"}','{\"title\":\"1\",\"multipage_toc\":\"1\",\"showall\":\"1\"}','','',0,'0000-00-00 00:00:00',4,0),(408,'plg_content_pagenavigation','plugin','pagenavigation','content',0,1,1,1,'{\"legacy\":false,\"name\":\"plg_content_pagenavigation\",\"type\":\"plugin\",\"creationDate\":\"January 2006\",\"author\":\"Joomla! Project\",\"copyright\":\"Copyright (C) 2005 - 2011 Open Source Matters. All rights reserved.\",\"authorEmail\":\"admin@joomla.org\",\"authorUrl\":\"www.joomla.org\",\"version\":\"1.7.0\",\"description\":\"PLG_PAGENAVIGATION_XML_DESCRIPTION\",\"group\":\"\"}','{\"position\":\"1\"}','','',0,'0000-00-00 00:00:00',5,0),(409,'plg_content_vote','plugin','vote','content',0,1,1,1,'{\"legacy\":false,\"name\":\"plg_content_vote\",\"type\":\"plugin\",\"creationDate\":\"November 2005\",\"author\":\"Joomla! Project\",\"copyright\":\"Copyright (C) 2005 - 2011 Open Source Matters. All rights reserved.\",\"authorEmail\":\"admin@joomla.org\",\"authorUrl\":\"www.joomla.org\",\"version\":\"1.7.0\",\"description\":\"PLG_VOTE_XML_DESCRIPTION\",\"group\":\"\"}','{}','','',0,'0000-00-00 00:00:00',6,0),(410,'plg_editors_codemirror','plugin','codemirror','editors',0,1,1,1,'{\"legacy\":false,\"name\":\"plg_editors_codemirror\",\"type\":\"plugin\",\"creationDate\":\"28 March 2011\",\"author\":\"Marijn Haverbeke\",\"copyright\":\"\",\"authorEmail\":\"N\\/A\",\"authorUrl\":\"\",\"version\":\"1.0\",\"description\":\"PLG_CODEMIRROR_XML_DESCRIPTION\",\"group\":\"\"}','{\"linenumbers\":\"0\",\"tabmode\":\"indent\"}','','',0,'0000-00-00 00:00:00',1,0),(411,'plg_editors_none','plugin','none','editors',0,1,1,1,'{\"legacy\":false,\"name\":\"plg_editors_none\",\"type\":\"plugin\",\"creationDate\":\"August 2004\",\"author\":\"Unknown\",\"copyright\":\"\",\"authorEmail\":\"N\\/A\",\"authorUrl\":\"\",\"version\":\"1.7.0\",\"description\":\"PLG_NONE_XML_DESCRIPTION\",\"group\":\"\"}','{}','','',0,'0000-00-00 00:00:00',2,0),(412,'plg_editors_tinymce','plugin','tinymce','editors',0,1,1,1,'{\"legacy\":false,\"name\":\"plg_editors_tinymce\",\"type\":\"plugin\",\"creationDate\":\"2005-2011\",\"author\":\"Moxiecode Systems AB\",\"copyright\":\"Moxiecode Systems AB\",\"authorEmail\":\"N\\/A\",\"authorUrl\":\"tinymce.moxiecode.com\\/\",\"version\":\"3.4.4\",\"description\":\"PLG_TINY_XML_DESCRIPTION\",\"group\":\"\"}','{\"mode\":\"1\",\"skin\":\"0\",\"compressed\":\"0\",\"cleanup_startup\":\"0\",\"cleanup_save\":\"2\",\"entity_encoding\":\"raw\",\"lang_mode\":\"0\",\"lang_code\":\"en\",\"text_direction\":\"ltr\",\"content_css\":\"1\",\"content_css_custom\":\"\",\"relative_urls\":\"1\",\"newlines\":\"0\",\"invalid_elements\":\"script,applet,iframe\",\"extended_elements\":\"\",\"toolbar\":\"top\",\"toolbar_align\":\"left\",\"html_height\":\"550\",\"html_width\":\"750\",\"element_path\":\"1\",\"fonts\":\"1\",\"paste\":\"1\",\"searchreplace\":\"1\",\"insertdate\":\"1\",\"format_date\":\"%Y-%m-%d\",\"inserttime\":\"1\",\"format_time\":\"%H:%M:%S\",\"colors\":\"1\",\"table\":\"1\",\"smilies\":\"1\",\"media\":\"1\",\"hr\":\"1\",\"directionality\":\"1\",\"fullscreen\":\"1\",\"style\":\"1\",\"layer\":\"1\",\"xhtmlxtras\":\"1\",\"visualchars\":\"1\",\"nonbreaking\":\"1\",\"template\":\"1\",\"blockquote\":\"1\",\"wordcount\":\"1\",\"advimage\":\"1\",\"advlink\":\"1\",\"autosave\":\"1\",\"contextmenu\":\"1\",\"inlinepopups\":\"1\",\"safari\":\"0\",\"custom_plugin\":\"\",\"custom_button\":\"\"}','','',0,'0000-00-00 00:00:00',3,0),(413,'plg_editors-xtd_article','plugin','article','editors-xtd',0,1,1,1,'{\"legacy\":false,\"name\":\"plg_editors-xtd_article\",\"type\":\"plugin\",\"creationDate\":\"October 2009\",\"author\":\"Joomla! Project\",\"copyright\":\"Copyright (C) 2005 - 2011 Open Source Matters. All rights reserved.\",\"authorEmail\":\"admin@joomla.org\",\"authorUrl\":\"www.joomla.org\",\"version\":\"1.7.0\",\"description\":\"PLG_ARTICLE_XML_DESCRIPTION\",\"group\":\"\"}','{}','','',0,'0000-00-00 00:00:00',1,0),(414,'plg_editors-xtd_image','plugin','image','editors-xtd',0,1,1,0,'{\"legacy\":false,\"name\":\"plg_editors-xtd_image\",\"type\":\"plugin\",\"creationDate\":\"August 2004\",\"author\":\"Joomla! Project\",\"copyright\":\"Copyright (C) 2005 - 2011 Open Source Matters. All rights reserved.\",\"authorEmail\":\"admin@joomla.org\",\"authorUrl\":\"www.joomla.org\",\"version\":\"1.7.0\",\"description\":\"PLG_IMAGE_XML_DESCRIPTION\",\"group\":\"\"}','{}','','',0,'0000-00-00 00:00:00',2,0),(415,'plg_editors-xtd_pagebreak','plugin','pagebreak','editors-xtd',0,1,1,0,'{\"legacy\":false,\"name\":\"plg_editors-xtd_pagebreak\",\"type\":\"plugin\",\"creationDate\":\"August 2004\",\"author\":\"Joomla! Project\",\"copyright\":\"Copyright (C) 2005 - 2011 Open Source Matters. All rights reserved.\",\"authorEmail\":\"admin@joomla.org\",\"authorUrl\":\"www.joomla.org\",\"version\":\"1.7.0\",\"description\":\"PLG_EDITORSXTD_PAGEBREAK_XML_DESCRIPTION\",\"group\":\"\"}','{}','','',0,'0000-00-00 00:00:00',3,0),(416,'plg_editors-xtd_readmore','plugin','readmore','editors-xtd',0,1,1,0,'{\"legacy\":false,\"name\":\"plg_editors-xtd_readmore\",\"type\":\"plugin\",\"creationDate\":\"March 2006\",\"author\":\"Joomla! Project\",\"copyright\":\"Copyright (C) 2005 - 2011 Open Source Matters. All rights reserved.\",\"authorEmail\":\"admin@joomla.org\",\"authorUrl\":\"www.joomla.org\",\"version\":\"1.7.0\",\"description\":\"PLG_READMORE_XML_DESCRIPTION\",\"group\":\"\"}','{}','','',0,'0000-00-00 00:00:00',4,0),(417,'plg_search_categories','plugin','categories','search',0,1,1,0,'{\"legacy\":false,\"name\":\"plg_search_categories\",\"type\":\"plugin\",\"creationDate\":\"November 2005\",\"author\":\"Joomla! Project\",\"copyright\":\"Copyright (C) 2005 - 2011 Open Source Matters. All rights reserved.\",\"authorEmail\":\"admin@joomla.org\",\"authorUrl\":\"www.joomla.org\",\"version\":\"1.7.0\",\"description\":\"PLG_SEARCH_CATEGORIES_XML_DESCRIPTION\",\"group\":\"\"}','{\"search_limit\":\"50\",\"search_content\":\"1\",\"search_archived\":\"1\"}','','',0,'0000-00-00 00:00:00',0,0),(418,'plg_search_contacts','plugin','contacts','search',0,1,1,0,'{\"legacy\":false,\"name\":\"plg_search_contacts\",\"type\":\"plugin\",\"creationDate\":\"November 2005\",\"author\":\"Joomla! Project\",\"copyright\":\"Copyright (C) 2005 - 2011 Open Source Matters. All rights reserved.\",\"authorEmail\":\"admin@joomla.org\",\"authorUrl\":\"www.joomla.org\",\"version\":\"1.7.0\",\"description\":\"PLG_SEARCH_CONTACTS_XML_DESCRIPTION\",\"group\":\"\"}','{\"search_limit\":\"50\",\"search_content\":\"1\",\"search_archived\":\"1\"}','','',0,'0000-00-00 00:00:00',0,0),(419,'plg_search_content','plugin','content','search',0,1,1,0,'{\"legacy\":false,\"name\":\"plg_search_content\",\"type\":\"plugin\",\"creationDate\":\"November 2005\",\"author\":\"Joomla! Project\",\"copyright\":\"Copyright (C) 2005 - 2011 Open Source Matters. All rights reserved.\",\"authorEmail\":\"admin@joomla.org\",\"authorUrl\":\"www.joomla.org\",\"version\":\"1.7.0\",\"description\":\"PLG_SEARCH_CONTENT_XML_DESCRIPTION\",\"group\":\"\"}','{\"search_limit\":\"50\",\"search_content\":\"1\",\"search_archived\":\"1\"}','','',0,'0000-00-00 00:00:00',0,0),(420,'plg_search_newsfeeds','plugin','newsfeeds','search',0,1,1,0,'{\"legacy\":false,\"name\":\"plg_search_newsfeeds\",\"type\":\"plugin\",\"creationDate\":\"November 2005\",\"author\":\"Joomla! Project\",\"copyright\":\"Copyright (C) 2005 - 2011 Open Source Matters. All rights reserved.\",\"authorEmail\":\"admin@joomla.org\",\"authorUrl\":\"www.joomla.org\",\"version\":\"1.7.0\",\"description\":\"PLG_SEARCH_NEWSFEEDS_XML_DESCRIPTION\",\"group\":\"\"}','{\"search_limit\":\"50\",\"search_content\":\"1\",\"search_archived\":\"1\"}','','',0,'0000-00-00 00:00:00',0,0),(421,'plg_search_weblinks','plugin','weblinks','search',0,1,1,0,'{\"legacy\":false,\"name\":\"plg_search_weblinks\",\"type\":\"plugin\",\"creationDate\":\"November 2005\",\"author\":\"Joomla! Project\",\"copyright\":\"Copyright (C) 2005 - 2011 Open Source Matters. All rights reserved.\",\"authorEmail\":\"admin@joomla.org\",\"authorUrl\":\"www.joomla.org\",\"version\":\"1.7.0\",\"description\":\"PLG_SEARCH_WEBLINKS_XML_DESCRIPTION\",\"group\":\"\"}','{\"search_limit\":\"50\",\"search_content\":\"1\",\"search_archived\":\"1\"}','','',0,'0000-00-00 00:00:00',0,0),(422,'plg_system_languagefilter','plugin','languagefilter','system',0,0,1,1,'{\"legacy\":false,\"name\":\"plg_system_languagefilter\",\"type\":\"plugin\",\"creationDate\":\"July 2010\",\"author\":\"Joomla! Project\",\"copyright\":\"Copyright (C) 2005 - 2011 Open Source Matters. All rights reserved.\",\"authorEmail\":\"admin@joomla.org\",\"authorUrl\":\"www.joomla.org\",\"version\":\"1.7.0\",\"description\":\"PLG_SYSTEM_LANGUAGEFILTER_XML_DESCRIPTION\",\"group\":\"\"}','{}','','',0,'0000-00-00 00:00:00',1,0),(423,'plg_system_p3p','plugin','p3p','system',0,1,1,1,'{\"legacy\":false,\"name\":\"plg_system_p3p\",\"type\":\"plugin\",\"creationDate\":\"September 2010\",\"author\":\"Joomla! Project\",\"copyright\":\"Copyright (C) 2005 - 2011 Open Source Matters. All rights reserved.\",\"authorEmail\":\"admin@joomla.org\",\"authorUrl\":\"www.joomla.org\",\"version\":\"1.7.0\",\"description\":\"PLG_P3P_XML_DESCRIPTION\",\"group\":\"\"}','{\"headers\":\"NOI ADM DEV PSAi COM NAV OUR OTRo STP IND DEM\"}','','',0,'0000-00-00 00:00:00',2,0),(424,'plg_system_cache','plugin','cache','system',0,0,1,1,'{\"legacy\":false,\"name\":\"plg_system_cache\",\"type\":\"plugin\",\"creationDate\":\"February 2007\",\"author\":\"Joomla! Project\",\"copyright\":\"Copyright (C) 2005 - 2011 Open Source Matters. All rights reserved.\",\"authorEmail\":\"admin@joomla.org\",\"authorUrl\":\"www.joomla.org\",\"version\":\"1.7.0\",\"description\":\"PLG_CACHE_XML_DESCRIPTION\",\"group\":\"\"}','{\"browsercache\":\"0\",\"cachetime\":\"15\"}','','',0,'0000-00-00 00:00:00',9,0),(425,'plg_system_debug','plugin','debug','system',0,1,1,0,'{\"legacy\":false,\"name\":\"plg_system_debug\",\"type\":\"plugin\",\"creationDate\":\"December 2006\",\"author\":\"Joomla! Project\",\"copyright\":\"Copyright (C) 2005 - 2011 Open Source Matters. All rights reserved.\",\"authorEmail\":\"admin@joomla.org\",\"authorUrl\":\"www.joomla.org\",\"version\":\"1.7.0\",\"description\":\"PLG_DEBUG_XML_DESCRIPTION\",\"group\":\"\"}','{\"profile\":\"1\",\"queries\":\"1\",\"memory\":\"1\",\"language_files\":\"1\",\"language_strings\":\"1\",\"strip-first\":\"1\",\"strip-prefix\":\"\",\"strip-suffix\":\"\"}','','',0,'0000-00-00 00:00:00',4,0),(426,'plg_system_log','plugin','log','system',0,1,1,1,'{\"legacy\":false,\"name\":\"plg_system_log\",\"type\":\"plugin\",\"creationDate\":\"April 2007\",\"author\":\"Joomla! Project\",\"copyright\":\"Copyright (C) 2005 - 2011 Open Source Matters. All rights reserved.\",\"authorEmail\":\"admin@joomla.org\",\"authorUrl\":\"www.joomla.org\",\"version\":\"1.7.0\",\"description\":\"PLG_LOG_XML_DESCRIPTION\",\"group\":\"\"}','{}','','',0,'0000-00-00 00:00:00',5,0),(427,'plg_system_redirect','plugin','redirect','system',0,1,1,1,'{\"legacy\":false,\"name\":\"plg_system_redirect\",\"type\":\"plugin\",\"creationDate\":\"April 2009\",\"author\":\"Joomla! Project\",\"copyright\":\"Copyright (C) 2005 - 2011 Open Source Matters. All rights reserved.\",\"authorEmail\":\"admin@joomla.org\",\"authorUrl\":\"www.joomla.org\",\"version\":\"1.7.0\",\"description\":\"PLG_REDIRECT_XML_DESCRIPTION\",\"group\":\"\"}','{}','','',0,'0000-00-00 00:00:00',6,0),(428,'plg_system_remember','plugin','remember','system',0,1,1,1,'{\"legacy\":false,\"name\":\"plg_system_remember\",\"type\":\"plugin\",\"creationDate\":\"April 2007\",\"author\":\"Joomla! Project\",\"copyright\":\"Copyright (C) 2005 - 2011 Open Source Matters. All rights reserved.\",\"authorEmail\":\"admin@joomla.org\",\"authorUrl\":\"www.joomla.org\",\"version\":\"1.7.0\",\"description\":\"PLG_REMEMBER_XML_DESCRIPTION\",\"group\":\"\"}','{}','','',0,'0000-00-00 00:00:00',7,0),(429,'plg_system_sef','plugin','sef','system',0,1,1,0,'{\"legacy\":false,\"name\":\"plg_system_sef\",\"type\":\"plugin\",\"creationDate\":\"December 2007\",\"author\":\"Joomla! Project\",\"copyright\":\"Copyright (C) 2005 - 2011 Open Source Matters. All rights reserved.\",\"authorEmail\":\"admin@joomla.org\",\"authorUrl\":\"www.joomla.org\",\"version\":\"1.7.0\",\"description\":\"PLG_SEF_XML_DESCRIPTION\",\"group\":\"\"}','{}','','',0,'0000-00-00 00:00:00',8,0),(430,'plg_system_logout','plugin','logout','system',0,1,1,1,'{\"legacy\":false,\"name\":\"plg_system_logout\",\"type\":\"plugin\",\"creationDate\":\"April 2009\",\"author\":\"Joomla! Project\",\"copyright\":\"Copyright (C) 2005 - 2011 Open Source Matters. All rights reserved.\",\"authorEmail\":\"admin@joomla.org\",\"authorUrl\":\"www.joomla.org\",\"version\":\"1.7.0\",\"description\":\"PLG_SYSTEM_LOGOUT_XML_DESCRIPTION\",\"group\":\"\"}','{}','','',0,'0000-00-00 00:00:00',3,0),(431,'plg_user_contactcreator','plugin','contactcreator','user',0,0,1,1,'{\"legacy\":false,\"name\":\"plg_user_contactcreator\",\"type\":\"plugin\",\"creationDate\":\"August 2009\",\"author\":\"Joomla! Project\",\"copyright\":\"(C) 2005 - 2011 Open Source Matters. All rights reserved.\",\"authorEmail\":\"admin@joomla.org\",\"authorUrl\":\"www.joomla.org\",\"version\":\"1.7.0\",\"description\":\"PLG_CONTACTCREATOR_XML_DESCRIPTION\",\"group\":\"\"}','{\"autowebpage\":\"\",\"category\":\"34\",\"autopublish\":\"0\"}','','',0,'0000-00-00 00:00:00',1,0),(432,'plg_user_joomla','plugin','joomla','user',0,1,1,0,'{\"legacy\":false,\"name\":\"plg_user_joomla\",\"type\":\"plugin\",\"creationDate\":\"December 2006\",\"author\":\"Joomla! Project\",\"copyright\":\"(C) 2005 - 2009 Open Source Matters. All rights reserved.\",\"authorEmail\":\"admin@joomla.org\",\"authorUrl\":\"www.joomla.org\",\"version\":\"1.7.0\",\"description\":\"PLG_USER_JOOMLA_XML_DESCRIPTION\",\"group\":\"\"}','{\"autoregister\":\"1\"}','','',0,'0000-00-00 00:00:00',2,0),(433,'plg_user_profile','plugin','profile','user',0,0,1,1,'{\"legacy\":false,\"name\":\"plg_user_profile\",\"type\":\"plugin\",\"creationDate\":\"January 2008\",\"author\":\"Joomla! Project\",\"copyright\":\"(C) 2005 - 2011 Open Source Matters. All rights reserved.\",\"authorEmail\":\"admin@joomla.org\",\"authorUrl\":\"www.joomla.org\",\"version\":\"1.7.0\",\"description\":\"PLG_USER_PROFILE_XML_DESCRIPTION\",\"group\":\"\"}','{\"register-require_address1\":\"1\",\"register-require_address2\":\"1\",\"register-require_city\":\"1\",\"register-require_region\":\"1\",\"register-require_country\":\"1\",\"register-require_postal_code\":\"1\",\"register-require_phone\":\"1\",\"register-require_website\":\"1\",\"register-require_favoritebook\":\"1\",\"register-require_aboutme\":\"1\",\"register-require_tos\":\"1\",\"register-require_dob\":\"1\",\"profile-require_address1\":\"1\",\"profile-require_address2\":\"1\",\"profile-require_city\":\"1\",\"profile-require_region\":\"1\",\"profile-require_country\":\"1\",\"profile-require_postal_code\":\"1\",\"profile-require_phone\":\"1\",\"profile-require_website\":\"1\",\"profile-require_favoritebook\":\"1\",\"profile-require_aboutme\":\"1\",\"profile-require_tos\":\"1\",\"profile-require_dob\":\"1\"}','','',0,'0000-00-00 00:00:00',0,0),(434,'plg_extension_joomla','plugin','joomla','extension',0,1,1,1,'{\"legacy\":false,\"name\":\"plg_extension_joomla\",\"type\":\"plugin\",\"creationDate\":\"May 2010\",\"author\":\"Joomla! Project\",\"copyright\":\"Copyright (C) 2005 - 2011 Open Source Matters. All rights reserved.\",\"authorEmail\":\"admin@joomla.org\",\"authorUrl\":\"www.joomla.org\",\"version\":\"1.7.0\",\"description\":\"PLG_EXTENSION_JOOMLA_XML_DESCRIPTION\",\"group\":\"\"}','{}','','',0,'0000-00-00 00:00:00',1,0),(435,'plg_content_joomla','plugin','joomla','content',0,1,1,0,'{\"legacy\":false,\"name\":\"plg_content_joomla\",\"type\":\"plugin\",\"creationDate\":\"November 2010\",\"author\":\"Joomla! Project\",\"copyright\":\"Copyright (C) 2005 - 2011 Open Source Matters. All rights reserved.\",\"authorEmail\":\"admin@joomla.org\",\"authorUrl\":\"www.joomla.org\",\"version\":\"1.7.0\",\"description\":\"PLG_CONTENT_JOOMLA_XML_DESCRIPTION\",\"group\":\"\"}','{}','','',0,'0000-00-00 00:00:00',0,0),(500,'atomic','template','atomic','',0,1,1,0,'{\"legacy\":false,\"name\":\"atomic\",\"type\":\"template\",\"creationDate\":\"10\\/10\\/09\",\"author\":\"Ron Severdia\",\"copyright\":\"Copyright (C) 2005 - 2011 Open Source Matters, Inc. All rights reserved.\",\"authorEmail\":\"contact@kontentdesign.com\",\"authorUrl\":\"http:\\/\\/www.kontentdesign.com\",\"version\":\"1.7.0\",\"description\":\"TPL_ATOMIC_XML_DESCRIPTION\",\"group\":\"\"}','{}','','',0,'0000-00-00 00:00:00',0,0),(502,'bluestork','template','bluestork','',1,1,1,0,'{\"legacy\":false,\"name\":\"bluestork\",\"type\":\"template\",\"creationDate\":\"07\\/02\\/09\",\"author\":\"Joomla! Project\",\"copyright\":\"Copyright (C) 2005 - 2011 Open Source Matters, Inc. All rights reserved.\",\"authorEmail\":\"admin@joomla.org\",\"authorUrl\":\"www.joomla.org\",\"version\":\"1.7.0\",\"description\":\"TPL_BLUESTORK_XML_DESCRIPTION\",\"group\":\"\"}','{\"useRoundedCorners\":\"1\",\"showSiteName\":\"0\",\"textBig\":\"0\",\"highContrast\":\"0\"}','','',0,'0000-00-00 00:00:00',0,0),(503,'beez_20','template','beez_20','',0,1,1,0,'{\"legacy\":false,\"name\":\"beez_20\",\"type\":\"template\",\"creationDate\":\"25 November 2009\",\"author\":\"Angie Radtke\",\"copyright\":\"Copyright (C) 2005 - 2011 Open Source Matters, Inc. All rights reserved.\",\"authorEmail\":\"a.radtke@derauftritt.de\",\"authorUrl\":\"http:\\/\\/www.der-auftritt.de\",\"version\":\"1.7.0\",\"description\":\"TPL_BEEZ2_XML_DESCRIPTION\",\"group\":\"\"}','{\"wrapperSmall\":\"53\",\"wrapperLarge\":\"72\",\"sitetitle\":\"\",\"sitedescription\":\"\",\"navposition\":\"center\",\"templatecolor\":\"nature\"}','','',0,'0000-00-00 00:00:00',0,0),(504,'hathor','template','hathor','',1,1,1,0,'{\"legacy\":false,\"name\":\"hathor\",\"type\":\"template\",\"creationDate\":\"May 2010\",\"author\":\"Andrea Tarr\",\"copyright\":\"Copyright (C) 2005 - 2011 Open Source Matters, Inc. All rights reserved.\",\"authorEmail\":\"hathor@tarrconsulting.com\",\"authorUrl\":\"http:\\/\\/www.tarrconsulting.com\",\"version\":\"1.7.0\",\"description\":\"TPL_HATHOR_XML_DESCRIPTION\",\"group\":\"\"}','{\"showSiteName\":\"0\",\"colourChoice\":\"0\",\"boldText\":\"0\"}','','',0,'0000-00-00 00:00:00',0,0),(505,'beez5','template','beez5','',0,1,1,0,'{\"legacy\":false,\"name\":\"beez5\",\"type\":\"template\",\"creationDate\":\"21 May 2010\",\"author\":\"Angie Radtke\",\"copyright\":\"Copyright (C) 2005 - 2011 Open Source Matters, Inc. All rights reserved.\",\"authorEmail\":\"a.radtke@derauftritt.de\",\"authorUrl\":\"http:\\/\\/www.der-auftritt.de\",\"version\":\"1.7.0\",\"description\":\"TPL_BEEZ5_XML_DESCRIPTION\",\"group\":\"\"}','{\"wrapperSmall\":\"53\",\"wrapperLarge\":\"72\",\"sitetitle\":\"\",\"sitedescription\":\"\",\"navposition\":\"center\",\"html5\":\"0\"}','','',0,'0000-00-00 00:00:00',0,0),(600,'English (United Kingdom)','language','en-GB','',0,1,1,1,'{\"legacy\":false,\"name\":\"English (United Kingdom)\",\"type\":\"language\",\"creationDate\":\"2008-03-15\",\"author\":\"Joomla! Project\",\"copyright\":\"Copyright (C) 2005 - 2011 Open Source Matters. All rights reserved.\",\"authorEmail\":\"admin@joomla.org\",\"authorUrl\":\"www.joomla.org\",\"version\":\"1.7.1\",\"description\":\"en-GB site language\",\"group\":\"\"}','','','',0,'0000-00-00 00:00:00',0,0),(601,'English (United Kingdom)','language','en-GB','',1,1,1,1,'{\"legacy\":false,\"name\":\"English (United Kingdom)\",\"type\":\"language\",\"creationDate\":\"2008-03-15\",\"author\":\"Joomla! Project\",\"copyright\":\"Copyright (C) 2005 - 2011 Open Source Matters. All rights reserved.\",\"authorEmail\":\"admin@joomla.org\",\"authorUrl\":\"www.joomla.org\",\"version\":\"1.7.1\",\"description\":\"en-GB administrator language\",\"group\":\"\"}','','','',0,'0000-00-00 00:00:00',0,0),(700,'files_joomla','file','joomla','',0,1,1,1,'{\"legacy\":false,\"name\":\"files_joomla\",\"type\":\"file\",\"creationDate\":\"November 2011\",\"author\":\"Joomla!\",\"copyright\":\"(C) 2005 - 2011 Open Source Matters. All rights reserved\",\"authorEmail\":\"admin@joomla.org\",\"authorUrl\":\"www.joomla.org\",\"version\":\"1.7.3\",\"description\":\"FILES_JOOMLA_XML_DESCRIPTION\",\"group\":\"\"}','','','',0,'0000-00-00 00:00:00',0,0),(800,'PKG_JOOMLA','package','pkg_joomla','',0,1,1,1,'{\"legacy\":false,\"name\":\"PKG_JOOMLA\",\"type\":\"package\",\"creationDate\":\"2006\",\"author\":\"Joomla!\",\"copyright\":\"Copyright (C) 2005 - 2011 Open Source Matters. All rights reserved.\",\"authorEmail\":\"admin@joomla.org\",\"authorUrl\":\"http:\\/\\/www.joomla.org\",\"version\":\"1.7.0\",\"description\":\"PKG_JOOMLA_XML_DESCRIPTION\",\"group\":\"\"}','','','',0,'0000-00-00 00:00:00',0,0),(10023,'VM - Search, Virtuemart Product','plugin','virtuemart','search',0,1,1,0,'{\"legacy\":false,\"name\":\"plg_search_virtuemart\",\"type\":\"plugin\",\"creationDate\":\"Febuary 2010\",\"author\":\"P.Kohl - Studio42\",\"copyright\":\"Copyright (C) 2010 Virtuemart. All rights reserved.\",\"authorEmail\":\"contact@st42.fr\",\"authorUrl\":\"www.virtuemart.net\",\"version\":\"1.5\",\"description\":\"Allows Searching of VirtueMart Component\",\"group\":\"\"}','','','',0,'0000-00-00 00:00:00',0,0),(10030,'Nivo-Szaki Slider','module','mod_nivoslider','',0,1,0,0,'{\"legacy\":false,\"name\":\"Nivo-Szaki Slider\",\"type\":\"module\",\"creationDate\":\"01-27-2011\",\"author\":\"szathmari.hu\",\"copyright\":\"Copyright (C) 2011 szathm\\u00e1ri.hu. All Rights Reserved.\",\"authorEmail\":\"info@szathmari.hu\",\"authorUrl\":\"http:\\/\\/szathmari.hu\",\"version\":\"1.0\",\"description\":\"Nivo Slider is a jQuery image slider. Make sure your images are the same size!\",\"group\":\"\"}','{\"imagesDir\":\"images\\/banners\\/\",\"subDir\":\"0\",\"imagesAttributes\":\"Image1\\\\|Nivo-Szaki Slider\\\\|#link1<br \\/><br \\/>3rd image|3rd slide|\",\"target\":\"_self\",\"@sp1\":\"\",\"style\":\"enhanced\",\"soundFX\":\"0\",\"sound\":\"nivo-szakislider.ogg\",\"soundVol\":\"1\",\"effect\":\"random\",\"slices\":\"15\",\"animSpeed\":\"500\",\"pauseTime\":\"3000\",\"startSlide\":\"0\",\"@sp2\":\"\",\"directionNav\":\"1\",\"directionNavHide\":\"1\",\"controlNav\":\"1\",\"controlNavThumbs\":\"1\",\"controlNavThumbsSearch\":\".jpg\",\"controlNavThumbsReplace\":\"_thumb.jpg\",\"keyboardNav\":\"1\",\"pauseOnHover\":\"1\",\"manualAdvance\":\"0\",\"captionOpacity\":\"0.8\",\"@sp3\":\"\",\"jQuery\":\"1\",\"cache\":\"1\",\"cache_time\":\"900\",\"cachemode\":\"itemid\"}','','',0,'0000-00-00 00:00:00',0,0),(10031,'virtuemart','component','com_virtuemart','',1,1,0,0,'{\"legacy\":true,\"name\":\"VirtueMart\",\"type\":\"component\",\"creationDate\":\"October 2011\",\"author\":\"The VirtueMart Development Team\",\"copyright\":\"Copyright (C) 2004-2011 Virtuemart Team. All rights reserved.\",\"authorEmail\":\"max|at|virtuemart.net\",\"authorUrl\":\"http:\\/\\/www.virtuemart.net\",\"version\":\"2.0.0RC3\",\"description\":\"\",\"group\":\"\"}','{}','','',0,'0000-00-00 00:00:00',0,0),(10032,'virtuemart_allinone','component','com_virtuemart_allinone','',1,1,0,0,'{\"legacy\":true,\"name\":\"VirtueMart_allinone\",\"type\":\"component\",\"creationDate\":\"February 2012\",\"author\":\"The VirtueMart Development Team\",\"copyright\":\"Copyright (C) 2012 Virtuemart Team. All rights reserved.\",\"authorEmail\":\"\",\"authorUrl\":\"http:\\/\\/www.virtuemart.net\",\"version\":\"2.0.2\",\"description\":\"\",\"group\":\"\"}','{}','','',0,'0000-00-00 00:00:00',0,0),(10033,'VM - Payment, Standard','plugin','standard','vmpayment',0,1,1,0,'{\"legacy\":true,\"name\":\"VMPAYMENT_STANDARD\",\"type\":\"plugin\",\"creationDate\":\"June 2011\",\"author\":\"The VirtueMart Development Team\",\"copyright\":\"Copyright (C) 2004-2011 Virtuemart Team. All rights reserved.\",\"authorEmail\":\"\",\"authorUrl\":\"http:\\/\\/www.virtuemart.net\",\"version\":\"2.0.0RC3\",\"description\":\"Standard payment plugin\",\"group\":\"\"}','','','',0,'0000-00-00 00:00:00',0,0),(10034,'VM - Payment, Paypal','plugin','paypal','vmpayment',0,1,1,0,'{\"legacy\":true,\"name\":\"VMPAYMENT_PAYPAL\",\"type\":\"plugin\",\"creationDate\":\"June 2011\",\"author\":\"The VirtueMart Development Team\",\"copyright\":\"Copyright (C) 2004-2011 Virtuemart Team. All rights reserved.\",\"authorEmail\":\"\",\"authorUrl\":\"http:\\/\\/www.virtuemart.net\",\"version\":\"2.0.0RC3\",\"description\":\"<a href=\\\"http:\\/\\/paypal.com\\\" target=\\\"_blank\\\">PayPal<\\/a> is a popular\\n\\tpayment provider and available in many countries. \\n    \",\"group\":\"\"}','','','',0,'0000-00-00 00:00:00',0,0),(10035,'VM - Shipment, By weight, ZIP and countries','plugin','weight_countries','vmshipment',0,1,1,0,'{\"legacy\":true,\"name\":\"VMSHIPMENT_WEIGHT_COUNTRIES\",\"type\":\"plugin\",\"creationDate\":\"June 2011\",\"author\":\"The VirtueMart Development Team\",\"copyright\":\"Copyright (C) 2004-2011 Virtuemart Team. All rights reserved.\",\"authorEmail\":\"\",\"authorUrl\":\"http:\\/\\/www.virtuemart.net\",\"version\":\"2.0.0RC3\",\"description\":\"VMSHIPMENT_WEIGHT_COUNTRIES_PLUGIN_DESC\",\"group\":\"\"}','','','',0,'0000-00-00 00:00:00',0,0),(10036,'VM - Custom, customer text input','plugin','textinput','vmcustom',0,1,1,0,'{\"legacy\":true,\"name\":\"VMCustom - textinput\",\"type\":\"plugin\",\"creationDate\":\"June 2011\",\"author\":\"The VirtueMart Development Team\",\"copyright\":\"Copyright (C) 2004-2011 Virtuemart Team. All rights reserved.\",\"authorEmail\":\"\",\"authorUrl\":\"http:\\/\\/www.virtuemart.net\",\"version\":\"2.0.0RC3\",\"description\":\"text input plugin for product\",\"group\":\"\"}','','','',0,'0000-00-00 00:00:00',0,0),(10037,'VM - Custom, product specification','plugin','specification','vmcustom',0,1,1,0,'{\"legacy\":true,\"name\":\"VMCustom - specification\",\"type\":\"plugin\",\"creationDate\":\"June 2011\",\"author\":\"The VirtueMart Development Team\",\"copyright\":\"Copyright (C) 2004-2011 Virtuemart Team. All rights reserved.\",\"authorEmail\":\"\",\"authorUrl\":\"http:\\/\\/www.virtuemart.net\",\"version\":\"2.0.0RC3\",\"description\":\"text input plugin for product\",\"group\":\"\"}','','','',0,'0000-00-00 00:00:00',0,0),(10038,'VM - Custom, stockable variants','plugin','stockable','vmcustom',0,1,1,0,'{\"legacy\":true,\"name\":\"VMCUSTOM_STOCKABLE\",\"type\":\"plugin\",\"creationDate\":\"June 2011\",\"author\":\"The VirtueMart Development Team\",\"copyright\":\"Copyright (C) 2004-2011 Virtuemart Team. All rights reserved.\",\"authorEmail\":\"\",\"authorUrl\":\"http:\\/\\/www.virtuemart.net\",\"version\":\"2.0.0RC3\",\"description\":\"Stockable product variant selector plugin\",\"group\":\"\"}','','','',0,'0000-00-00 00:00:00',0,0),(10039,'mod_virtuemart_currencies','module','mod_virtuemart_currencies','',0,1,1,0,'{\"legacy\":true,\"name\":\"mod_virtuemart_currencies\",\"type\":\"module\",\"creationDate\":\"February 2011\",\"author\":\"The VirtueMart Development Team\",\"copyright\":\"Copyright (C) 2004-2011 Virtuemart Team. All rights reserved.\",\"authorEmail\":\"\",\"authorUrl\":\"http:\\/\\/www.virtuemart.net\",\"version\":\"2.0.0RC3\",\"description\":\"MOD_VIRTUEMART_CURRENCIES_DESC\",\"group\":\"\"}','','','',0,'0000-00-00 00:00:00',4,0),(10040,'mod_virtuemart_product','module','mod_virtuemart_product','',0,1,1,0,'{\"legacy\":true,\"name\":\"mod_virtuemart_product\",\"type\":\"module\",\"creationDate\":\"February 2011\",\"author\":\"The VirtueMart Development Team\",\"copyright\":\"Copyright (C) 2004-2011 Virtuemart Team. All rights reserved.\",\"authorEmail\":\"\",\"authorUrl\":\"http:\\/\\/www.virtuemart.net\",\"version\":\"2.0.0RC3\",\"description\":\"MOD_VIRTUEMART_PRODUCT_DESC\",\"group\":\"\"}','','','',0,'0000-00-00 00:00:00',1,0),(10041,'mod_virtuemart_search','module','mod_virtuemart_search','',0,1,1,0,'{\"legacy\":true,\"name\":\"mod_virtuemart_search\",\"type\":\"module\",\"creationDate\":\"February 2011\",\"author\":\"The VirtueMart Development Team\",\"copyright\":\"Copyright (C) 2004-2011 Virtuemart Team. All rights reserved.\",\"authorEmail\":\"\",\"authorUrl\":\"http:\\/\\/www.virtuemart.net\",\"version\":\"2.0.0RC3\",\"description\":\"MOD_VIRTUEMART_SEARCH_DESC\",\"group\":\"\"}','','','',0,'0000-00-00 00:00:00',2,0),(10042,'mod_virtuemart_manufacturer','module','mod_virtuemart_manufacturer','',0,1,1,0,'{\"legacy\":true,\"name\":\"mod_virtuemart_manufacturer\",\"type\":\"module\",\"creationDate\":\"February 2011\",\"author\":\"The VirtueMart Development Team\",\"copyright\":\"Copyright (C) 2004-2011 Virtuemart Team. All rights reserved.\",\"authorEmail\":\"\",\"authorUrl\":\"http:\\/\\/www.virtuemart.net\",\"version\":\"2.0.0RC3\",\"description\":\"MOD_VIRTUEMART_MANUFACTURER_DESC\",\"group\":\"\"}','','','',0,'0000-00-00 00:00:00',5,0),(10043,'mod_virtuemart_cart','module','mod_virtuemart_cart','',0,1,1,0,'{\"legacy\":true,\"name\":\"VirtueMart Shopping Cart\",\"type\":\"module\",\"creationDate\":\"February 2011\",\"author\":\"The VirtueMart Development Team\",\"copyright\":\"Copyright (C) 2004-2011 Virtuemart Team. All rights reserved.\",\"authorEmail\":\"\",\"authorUrl\":\"http:\\/\\/www.virtuemart.net\",\"version\":\"2.0.0RC3\",\"description\":\"MOD_VIRTUEMART_CART_DESC\",\"group\":\"\"}','','','',0,'0000-00-00 00:00:00',0,0),(10044,'mod_virtuemart_category','module','mod_virtuemart_category','',0,1,1,0,'{\"legacy\":true,\"name\":\"mod_virtuemart_category\",\"type\":\"module\",\"creationDate\":\"February 2011\",\"author\":\"The VirtueMart Development Team\",\"copyright\":\"Copyright (C) 2004-2011 Virtuemart Team. All rights reserved.\",\"authorEmail\":\"\",\"authorUrl\":\"http:\\/\\/www.virtuemart.net\",\"version\":\"2.0.0RC3\",\"description\":\"MOD_VIRTUEMART_CATEGORY_DESC\",\"group\":\"\"}','','','',0,'0000-00-00 00:00:00',6,0),(10045,'JGMap - Google Map ','module','mod_JGMap','',0,1,0,0,'{\"legacy\":false,\"name\":\"JGMap - Google Map \",\"type\":\"module\",\"creationDate\":\"June 13, 2010\",\"author\":\"Kermode Bear Software - James Hansen\",\"copyright\":\"Copyright 2011 Notice\",\"authorEmail\":\"kermode@kermodesoftware.com\",\"authorUrl\":\"www.kermodesoftware.com\",\"version\":\"0.15.5\",\"description\":\"Displays a Google map in a module position.\",\"group\":\"\"}','{\"width\":\"200\",\"height\":\"150\",\"mapName\":\"map\",\"smallmap\":\"1\",\"static\":\"0\",\"lat\":\"48.5747\",\"lng\":\"-123\",\"zoom\":\"3\",\"marker_title\":\"\"}','','',0,'0000-00-00 00:00:00',0,0),(10049,'mod_phoca_vm_category','module','mod_phoca_vm_category','',0,1,0,0,'{\"legacy\":false,\"name\":\"mod_phoca_vm_category\",\"type\":\"module\",\"creationDate\":\"24\\/01\\/2012\",\"author\":\"Jan Pavelka (www.phoca.cz)\",\"copyright\":\"Jan Pavelka\",\"authorEmail\":\"\",\"authorUrl\":\"http:\\/\\/www.phoca.cz\\/\",\"version\":\"1.0.0\",\"description\":\"MOD_PHOCA_VM_CATEGORY_DESCRIPTION\",\"group\":\"\"}','{\"layout\":\"default\",\"cache\":\"1\",\"class_sfx\":\"\"}','','',0,'0000-00-00 00:00:00',0,0),(10051,'VM - Payment, Payzen','plugin','payzen','vmpayment',0,1,1,0,'','','','',0,'0000-00-00 00:00:00',0,0),(10052,'VM - Payment, Authorize.net','plugin','authorizenet','vmpayment',0,1,1,0,'','','','',0,'0000-00-00 00:00:00',0,0),(10057,'AllVideos (by JoomlaWorks)','plugin','jw_allvideos','content',0,1,1,0,'{\"legacy\":true,\"name\":\"AllVideos (by JoomlaWorks)\",\"type\":\"plugin\",\"creationDate\":\"February 8th, 2012\",\"author\":\"JoomlaWorks\",\"copyright\":\"Copyright (c) 2006 - 2012 JoomlaWorks Ltd. All rights reserved.\",\"authorEmail\":\"contact@joomlaworks.net\",\"authorUrl\":\"www.joomlaworks.net\",\"version\":\"4.4\",\"description\":\"JoomlaWorks AllVideos Plugin v4.4 for Joomla!\",\"group\":\"\"}','{\"\":\"JW_PLG_AV_PERFORMANCE_PARAMETERS\",\"vfolder\":\"images\\/videos\",\"vwidth\":\"400\",\"vheight\":\"300\",\"transparency\":\"transparent\",\"background\":\"#010101\",\"controlBarLocation\":\"bottom\",\"backgroundQT\":\"black\",\"afolder\":\"images\\/audio\",\"awidth\":\"480\",\"aheight\":\"24\",\"abackground\":\"#010101\",\"afrontcolor\":\"#FFFFFF\",\"alightcolor\":\"#00ADE3\",\"allowAudioDownloading\":\"0\",\"autoplay\":\"0\",\"gzipScripts\":\"0\"}','','',0,'0000-00-00 00:00:00',0,0),(10058,'YJ Pop Login','module','mod_yj_pop_login','',0,1,0,0,'{\"legacy\":false,\"name\":\"YJ Pop Login\",\"type\":\"module\",\"creationDate\":\"12-19-2011\",\"author\":\"Youjoomla\",\"copyright\":\"Youjoomla LLC.\",\"authorEmail\":\"youjoomla@gmail.com\",\"authorUrl\":\"www.youjoomla.com\",\"version\":\"1.0.1\",\"description\":\"\\n\\t\\t<style type=\\\"text\\/css\\\" media=\\\"all\\\">#wrap1 {padding:0px 0px 4px 0px;}h1 {clear:both;font-family: Arial Narrow,sans-serif;font-size:18px;margin:0px 0px 12px 0px;padding:0px 0px 1px 10px;color:#C64934;}.wrap2 {background:#F7F7F7;display:block;overflow:hidden;padding:15px;}<\\/style><div id=\\\"holdthem\\\"><h1>YJ Pop Login Module for Joomla 1.6x and UP<\\/h1><br \\/><div class=\\\"wrap2\\\"><a title=\\\"Visit the official website!\\\" href=\\\"http:\\/\\/www.youjoomla.com\\\"> <img style=\\\"float:left;border:1px solid #CFCFCF;margin:0px 15px 4px 22px;\\\" src=\\\"..\\/modules\\/mod_yj_pop_login\\/images\\/yj_extensions.jpg\\\" border=\\\"0\\\" alt=\\\"Logo\\\" \\/><\\/a>\\n\\t\",\"group\":\"\"}','{\"cache\":\"1\",\"@spacer\":\"\",\"moduleclass_sfx\":\"\",\"pretext\":\"Welcome,Guest <br \\/> <br \\/><span> Please login or register<\\/span>\",\"login\":\"\",\"logout\":\"\",\"greeting\":\"1\",\"name\":\"0\",\"usesecure\":\"0\"}','','',0,'0000-00-00 00:00:00',0,0),(10059,'theme262','template','theme262','',0,1,1,0,'{\"legacy\":false,\"name\":\"theme262\",\"type\":\"template\",\"creationDate\":\"02 April 2012\",\"author\":\"Mercury\",\"copyright\":\"Copyright  2003-2012 template-help.com. All Rights Reserved.\",\"authorEmail\":\"info@template-help.com\",\"authorUrl\":\"http:\\/\\/www.template-help.com\",\"version\":\"2.5.3\",\"description\":\"this template for Joomla 2.5 is made by template-help.com\",\"group\":\"\"}','{\"sitetitle\":\"\",\"sitedescription\":\"\"}','','',0,'0000-00-00 00:00:00',0,0),(10060,'VM - Shipment, Correios Brasil','plugin','correios','vmshipment',0,1,1,0,'{\"legacy\":true,\"name\":\"VM - Shipment, Correios Brasil\",\"type\":\"plugin\",\"creationDate\":\"Junho 2012\",\"author\":\"Fernando Soares\",\"copyright\":\"Copyright (C) 2012 Fernando Soares. All rights reserved.\",\"authorEmail\":\"\",\"authorUrl\":\"http:\\/\\/www.fernandosoares.com.br\",\"version\":\"1.3\",\"description\":\"\\n\\t\\t<a href=\\\"http:\\/\\/www.correios.com.br\\\" target=\\\"_blank\\\">Correios<\\/a> is the official post service in Brazil.\\n\\t\\t<h2>Plugin de envio dos Correios para Virtuemart 2<\\/h2>\\n\\t\\tDesenvolvido por <a href=\\\"http:\\/\\/www.fernandosoares.com.br\\\">Fernando Soares<\\/a> - <a href=\\\"http:\\/\\/www.fernandosoares.com.br\\\">www.fernandosoares.com.br<\\/a>\\n\\t\\t<br \\/><br \\/>\\n\\t\\t<p>1 - V\\u00e1 em <a href=\\\"index.php?option=com_plugins&amp;view=plugins&amp;filter_search=shipment\\\">Administrar Plugins<\\/a> e habilite o plugin;<br \\/>\\n\\t\\t2 - V\\u00e1 em <a href=\\\"index.php?option=com_virtuemart&amp;view=shipmentmethod\\\">M\\u00e9todos de Envio<\\/a>;<br \\/>\\n\\t\\t3 - Clique em Novo M\\u00e9todo de Envio e preencha os dados:<br \\/>\\n\\t\\t<ul>\\n\\t\\t\\t<li>Nome do Envio: Digite \\\"Correios\\\";<\\/li>\\n\\t\\t\\t<li>Publicado: Marque \\\"Sim\\\";<\\/li>\\n\\t\\t\\t<li>Descri\\u00e7\\u00e3o do Envio: Digite \\\"Sedex Normal\\\" ou algo assim;<\\/li>\\n\\t\\t\\t<li>M\\u00e9todo de Envio: Selecione \\\"VM - Shipment, Correios Brasil\\\" da lista;<\\/li>\\n\\t\\t\\t<li>Grupo de Clientes: Selecione \\\"-default-\\\" da lista.<\\/li>\\n\\t\\t<\\/ul>\\n\\t\\t4 - Clique em Salvar;<br \\/>\\n\\t\\t5 - Na aba \\\"Configura\\u00e7\\u00f5es\\\", preencha os dados clique em \\\"Salvar\\\".<\\/p>\\n\\t\\n\\t\",\"group\":\"\"}','{}','','',0,'0000-00-00 00:00:00',0,0),(10061,'Banco do Brasil','plugin','bancodobrasil','vmpayment',0,1,1,0,'{\"legacy\":true,\"name\":\"Banco do Brasil\",\"type\":\"plugin\",\"creationDate\":\"Janeiro 2011\",\"author\":\"Luiz Felipe Weber\",\"copyright\":\"Copyright (C) 2012. All rights reserved.\",\"authorEmail\":\"\",\"authorUrl\":\"http:\\/\\/www.weber.eti.br\",\"version\":\"1.0\",\"description\":\"Plugin de pagamento Banco do Brasil\\n\\t<div style=\\\"background:#E5F5FF;border:1px solid #99D6FF;padding:10px;margin:10px; -box-shadow: inset 0px 0px 10px #fff, 0px 0px 5px #ccc; -webkit-box-shadow: inset 0px 0px 10px #fff, 0px 0px 5px #ccc; -moz-box-shadow: inset 0px 0px 10px #fff, 0px 0px 5px #ccc;\\\">\\n\\t\\t<h1>Plugin de pagamento Banco do Brasil para Virtuemart 2.0.<\\/h1>\\n\\t\\t<div><em>Passo 1<\\/em> - Habilite o plugin aqui <a href=\\\"index.php?option=com_plugins&view=plugins&filter_search=brasil\\\">Administrar Plugins<\\/a><\\/div>\\n\\t\\t<div><em>Passo 2<\\/em> - Instale Plugin por esta tela <a href=\\\"index.php?option=com_virtuemart&view=paymentmethod\\\">M\\u00e9todos de pagamento<\\/a><\\/div>\\n\\t\\t<div><em>Passo 2.1<\\/em> - <b>Clique em Novo M\\u00e9todo de Pagamento<\\/b> e preencha as informa\\u00e7\\u00f5es:<\\/div>\\n\\t\\t<div>* Nome do Pagamento: <b>Banco do Brasil<\\/b><\\/div>\\n\\t\\t<div>* Publicado: <b>Sim<\\/b><\\/div>\\n\\t\\t<div>* Descri\\u00e7\\u00e3o do pagamento: <b>Pague com Boleto ou Transfer\\u00eancia do Banco do Brasil<\\/b><\\/div>\\n\\t\\t<div>* M\\u00e9todo de pagamento: <b>Banco do Brasil<\\/b><\\/div>\\n\\t\\t<div>* Grupo de Compradores: <b>-default-<\\/b><\\/div>\\n\\t\\t<div><em>Passo 2.2<\\/em> - <b>Clique em Salvar<\\/b>.<\\/div>\\n\\t\\t<div><em>Passo 3<\\/em> - Na <b>aba configura\\u00e7\\u00f5es<\\/b>, preencha os dados:<\\/div>\\n\\t\\t<div>* Logotipos: <b><\\/b><\\/div>\\n\\t\\t<div>* Tipo da Integra\\u00e7\\u00e3o: ( Todas as modalidades, somente boleto, somente d\\u00e9bito ou somente credi\\u00e1rio BB )<\\/div>\\n\\t\\t<div>* Modo Teste ( sim ou n\\u00e3o )<\\/div>\\n\\t\\t<div>* C\\u00f3digo de Conv\\u00eanio (Teste): <\\/div>\\n\\t\\t<div>* C\\u00f3digo de Conv\\u00eanio Cobran\\u00e7a (Teste): <\\/div>\\n\\t\\t<div>* Dias Vencimento Boleto em Dias (Teste): <\\/div>\\t\\t\\n\\t\\t<div>* C\\u00f3digo de Conv\\u00eanio (Produ\\u00e7\\u00e3o): <\\/div>\\n\\t\\t<div>* C\\u00f3digo de Conv\\u00eanio Cobran\\u00e7a (Produ\\u00e7\\u00e3o): <\\/div>\\n\\t\\t<div>* Dias Vencimento Boleto em Dias (Produ\\u00e7\\u00e3o): <\\/div>\\t\\t\\n\\t\\t<div>* Mensagem para ir no Boleto Banc\\u00e1rio: <\\/div>\\t\\t\\n\\t\\t<div>* Aprovado: <b>Status do Pedido quando Aprovada a transa\\u00e7\\u00e3o<\\/b><\\/div>\\n\\t\\t<div>* Cancelado: <b>Status do Pedido quando Cancelada a transa\\u00e7\\u00e3o<\\/b><\\/div>\\n\\t\\t<div>* Aguardando Pagto: <b>Status do Pedido quando transa\\u00e7\\u00e3o Pendente<\\/b><\\/div>\\n\\t<\\/div>\\n\\n\\t<div>\\tLicen\\u00e7a: <a href=\\\"http:\\/\\/www.gnu.org\\/licenses\\/gpl-3.0.html\\\">GNU\\/GPL v3<\\/a> - Desenvolvido por Luiz Weber - <a href=\\\"http:\\/\\/weber.eti.br\\\">Weber TI<\\/a> | <a href=\\\"http:\\/\\/webgenium.com.br\\\">Webgenium System<\\/a>\\n\\t\\n\\t\",\"group\":\"\"}','{}','','',0,'0000-00-00 00:00:00',0,0);
/*!40000 ALTER TABLE `jos_extensions` ENABLE KEYS */;
UNLOCK TABLES;

--
-- Table structure for table `jos_finder_filters`
--

DROP TABLE IF EXISTS `jos_finder_filters`;
/*!40101 SET @saved_cs_client     = @@character_set_client */;
/*!40101 SET character_set_client = utf8 */;
CREATE TABLE `jos_finder_filters` (
  `filter_id` int(10) unsigned NOT NULL AUTO_INCREMENT,
  `title` varchar(255) NOT NULL,
  `alias` varchar(255) NOT NULL,
  `state` tinyint(1) NOT NULL DEFAULT '1',
  `created` datetime NOT NULL DEFAULT '0000-00-00 00:00:00',
  `created_by` int(10) unsigned NOT NULL,
  `created_by_alias` varchar(255) NOT NULL,
  `modified` datetime NOT NULL DEFAULT '0000-00-00 00:00:00',
  `modified_by` int(10) unsigned NOT NULL DEFAULT '0',
  `checked_out` int(10) unsigned NOT NULL DEFAULT '0',
  `checked_out_time` datetime NOT NULL DEFAULT '0000-00-00 00:00:00',
  `map_count` int(10) unsigned NOT NULL DEFAULT '0',
  `data` text NOT NULL,
  `params` mediumtext,
  PRIMARY KEY (`filter_id`)
) ENGINE=InnoDB DEFAULT CHARSET=utf8;
/*!40101 SET character_set_client = @saved_cs_client */;

--
-- Dumping data for table `jos_finder_filters`
--

LOCK TABLES `jos_finder_filters` WRITE;
/*!40000 ALTER TABLE `jos_finder_filters` DISABLE KEYS */;
/*!40000 ALTER TABLE `jos_finder_filters` ENABLE KEYS */;
UNLOCK TABLES;

--
-- Table structure for table `jos_finder_links`
--

DROP TABLE IF EXISTS `jos_finder_links`;
/*!40101 SET @saved_cs_client     = @@character_set_client */;
/*!40101 SET character_set_client = utf8 */;
CREATE TABLE `jos_finder_links` (
  `link_id` int(10) unsigned NOT NULL AUTO_INCREMENT,
  `url` varchar(255) NOT NULL,
  `route` varchar(255) NOT NULL,
  `title` varchar(255) DEFAULT NULL,
  `description` varchar(255) DEFAULT NULL,
  `indexdate` datetime NOT NULL DEFAULT '0000-00-00 00:00:00',
  `md5sum` varchar(32) DEFAULT NULL,
  `published` tinyint(1) NOT NULL DEFAULT '1',
  `state` int(5) DEFAULT '1',
  `access` int(5) DEFAULT '0',
  `language` varchar(8) NOT NULL,
  `publish_start_date` datetime NOT NULL DEFAULT '0000-00-00 00:00:00',
  `publish_end_date` datetime NOT NULL DEFAULT '0000-00-00 00:00:00',
  `start_date` datetime NOT NULL DEFAULT '0000-00-00 00:00:00',
  `end_date` datetime NOT NULL DEFAULT '0000-00-00 00:00:00',
  `list_price` double unsigned NOT NULL DEFAULT '0',
  `sale_price` double unsigned NOT NULL DEFAULT '0',
  `type_id` int(11) NOT NULL,
  `object` mediumblob NOT NULL,
  PRIMARY KEY (`link_id`),
  KEY `idx_type` (`type_id`),
  KEY `idx_title` (`title`),
  KEY `idx_md5` (`md5sum`),
  KEY `idx_url` (`url`(75)),
  KEY `idx_published_list` (`published`,`state`,`access`,`publish_start_date`,`publish_end_date`,`list_price`),
  KEY `idx_published_sale` (`published`,`state`,`access`,`publish_start_date`,`publish_end_date`,`sale_price`)
) ENGINE=InnoDB DEFAULT CHARSET=utf8;
/*!40101 SET character_set_client = @saved_cs_client */;

--
-- Dumping data for table `jos_finder_links`
--

LOCK TABLES `jos_finder_links` WRITE;
/*!40000 ALTER TABLE `jos_finder_links` DISABLE KEYS */;
/*!40000 ALTER TABLE `jos_finder_links` ENABLE KEYS */;
UNLOCK TABLES;

--
-- Table structure for table `jos_finder_links_terms0`
--

DROP TABLE IF EXISTS `jos_finder_links_terms0`;
/*!40101 SET @saved_cs_client     = @@character_set_client */;
/*!40101 SET character_set_client = utf8 */;
CREATE TABLE `jos_finder_links_terms0` (
  `link_id` int(10) unsigned NOT NULL,
  `term_id` int(10) unsigned NOT NULL,
  `weight` float unsigned NOT NULL,
  PRIMARY KEY (`link_id`,`term_id`),
  KEY `idx_term_weight` (`term_id`,`weight`),
  KEY `idx_link_term_weight` (`link_id`,`term_id`,`weight`)
) ENGINE=InnoDB DEFAULT CHARSET=utf8;
/*!40101 SET character_set_client = @saved_cs_client */;

--
-- Dumping data for table `jos_finder_links_terms0`
--

LOCK TABLES `jos_finder_links_terms0` WRITE;
/*!40000 ALTER TABLE `jos_finder_links_terms0` DISABLE KEYS */;
/*!40000 ALTER TABLE `jos_finder_links_terms0` ENABLE KEYS */;
UNLOCK TABLES;

--
-- Table structure for table `jos_finder_links_terms1`
--

DROP TABLE IF EXISTS `jos_finder_links_terms1`;
/*!40101 SET @saved_cs_client     = @@character_set_client */;
/*!40101 SET character_set_client = utf8 */;
CREATE TABLE `jos_finder_links_terms1` (
  `link_id` int(10) unsigned NOT NULL,
  `term_id` int(10) unsigned NOT NULL,
  `weight` float unsigned NOT NULL,
  PRIMARY KEY (`link_id`,`term_id`),
  KEY `idx_term_weight` (`term_id`,`weight`),
  KEY `idx_link_term_weight` (`link_id`,`term_id`,`weight`)
) ENGINE=InnoDB DEFAULT CHARSET=utf8;
/*!40101 SET character_set_client = @saved_cs_client */;

--
-- Dumping data for table `jos_finder_links_terms1`
--

LOCK TABLES `jos_finder_links_terms1` WRITE;
/*!40000 ALTER TABLE `jos_finder_links_terms1` DISABLE KEYS */;
/*!40000 ALTER TABLE `jos_finder_links_terms1` ENABLE KEYS */;
UNLOCK TABLES;

--
-- Table structure for table `jos_finder_links_terms2`
--

DROP TABLE IF EXISTS `jos_finder_links_terms2`;
/*!40101 SET @saved_cs_client     = @@character_set_client */;
/*!40101 SET character_set_client = utf8 */;
CREATE TABLE `jos_finder_links_terms2` (
  `link_id` int(10) unsigned NOT NULL,
  `term_id` int(10) unsigned NOT NULL,
  `weight` float unsigned NOT NULL,
  PRIMARY KEY (`link_id`,`term_id`),
  KEY `idx_term_weight` (`term_id`,`weight`),
  KEY `idx_link_term_weight` (`link_id`,`term_id`,`weight`)
) ENGINE=InnoDB DEFAULT CHARSET=utf8;
/*!40101 SET character_set_client = @saved_cs_client */;

--
-- Dumping data for table `jos_finder_links_terms2`
--

LOCK TABLES `jos_finder_links_terms2` WRITE;
/*!40000 ALTER TABLE `jos_finder_links_terms2` DISABLE KEYS */;
/*!40000 ALTER TABLE `jos_finder_links_terms2` ENABLE KEYS */;
UNLOCK TABLES;

--
-- Table structure for table `jos_finder_links_terms3`
--

DROP TABLE IF EXISTS `jos_finder_links_terms3`;
/*!40101 SET @saved_cs_client     = @@character_set_client */;
/*!40101 SET character_set_client = utf8 */;
CREATE TABLE `jos_finder_links_terms3` (
  `link_id` int(10) unsigned NOT NULL,
  `term_id` int(10) unsigned NOT NULL,
  `weight` float unsigned NOT NULL,
  PRIMARY KEY (`link_id`,`term_id`),
  KEY `idx_term_weight` (`term_id`,`weight`),
  KEY `idx_link_term_weight` (`link_id`,`term_id`,`weight`)
) ENGINE=InnoDB DEFAULT CHARSET=utf8;
/*!40101 SET character_set_client = @saved_cs_client */;

--
-- Dumping data for table `jos_finder_links_terms3`
--

LOCK TABLES `jos_finder_links_terms3` WRITE;
/*!40000 ALTER TABLE `jos_finder_links_terms3` DISABLE KEYS */;
/*!40000 ALTER TABLE `jos_finder_links_terms3` ENABLE KEYS */;
UNLOCK TABLES;

--
-- Table structure for table `jos_finder_links_terms4`
--

DROP TABLE IF EXISTS `jos_finder_links_terms4`;
/*!40101 SET @saved_cs_client     = @@character_set_client */;
/*!40101 SET character_set_client = utf8 */;
CREATE TABLE `jos_finder_links_terms4` (
  `link_id` int(10) unsigned NOT NULL,
  `term_id` int(10) unsigned NOT NULL,
  `weight` float unsigned NOT NULL,
  PRIMARY KEY (`link_id`,`term_id`),
  KEY `idx_term_weight` (`term_id`,`weight`),
  KEY `idx_link_term_weight` (`link_id`,`term_id`,`weight`)
) ENGINE=InnoDB DEFAULT CHARSET=utf8;
/*!40101 SET character_set_client = @saved_cs_client */;

--
-- Dumping data for table `jos_finder_links_terms4`
--

LOCK TABLES `jos_finder_links_terms4` WRITE;
/*!40000 ALTER TABLE `jos_finder_links_terms4` DISABLE KEYS */;
/*!40000 ALTER TABLE `jos_finder_links_terms4` ENABLE KEYS */;
UNLOCK TABLES;

--
-- Table structure for table `jos_finder_links_terms5`
--

DROP TABLE IF EXISTS `jos_finder_links_terms5`;
/*!40101 SET @saved_cs_client     = @@character_set_client */;
/*!40101 SET character_set_client = utf8 */;
CREATE TABLE `jos_finder_links_terms5` (
  `link_id` int(10) unsigned NOT NULL,
  `term_id` int(10) unsigned NOT NULL,
  `weight` float unsigned NOT NULL,
  PRIMARY KEY (`link_id`,`term_id`),
  KEY `idx_term_weight` (`term_id`,`weight`),
  KEY `idx_link_term_weight` (`link_id`,`term_id`,`weight`)
) ENGINE=InnoDB DEFAULT CHARSET=utf8;
/*!40101 SET character_set_client = @saved_cs_client */;

--
-- Dumping data for table `jos_finder_links_terms5`
--

LOCK TABLES `jos_finder_links_terms5` WRITE;
/*!40000 ALTER TABLE `jos_finder_links_terms5` DISABLE KEYS */;
/*!40000 ALTER TABLE `jos_finder_links_terms5` ENABLE KEYS */;
UNLOCK TABLES;

--
-- Table structure for table `jos_finder_links_terms6`
--

DROP TABLE IF EXISTS `jos_finder_links_terms6`;
/*!40101 SET @saved_cs_client     = @@character_set_client */;
/*!40101 SET character_set_client = utf8 */;
CREATE TABLE `jos_finder_links_terms6` (
  `link_id` int(10) unsigned NOT NULL,
  `term_id` int(10) unsigned NOT NULL,
  `weight` float unsigned NOT NULL,
  PRIMARY KEY (`link_id`,`term_id`),
  KEY `idx_term_weight` (`term_id`,`weight`),
  KEY `idx_link_term_weight` (`link_id`,`term_id`,`weight`)
) ENGINE=InnoDB DEFAULT CHARSET=utf8;
/*!40101 SET character_set_client = @saved_cs_client */;

--
-- Dumping data for table `jos_finder_links_terms6`
--

LOCK TABLES `jos_finder_links_terms6` WRITE;
/*!40000 ALTER TABLE `jos_finder_links_terms6` DISABLE KEYS */;
/*!40000 ALTER TABLE `jos_finder_links_terms6` ENABLE KEYS */;
UNLOCK TABLES;

--
-- Table structure for table `jos_finder_links_terms7`
--

DROP TABLE IF EXISTS `jos_finder_links_terms7`;
/*!40101 SET @saved_cs_client     = @@character_set_client */;
/*!40101 SET character_set_client = utf8 */;
CREATE TABLE `jos_finder_links_terms7` (
  `link_id` int(10) unsigned NOT NULL,
  `term_id` int(10) unsigned NOT NULL,
  `weight` float unsigned NOT NULL,
  PRIMARY KEY (`link_id`,`term_id`),
  KEY `idx_term_weight` (`term_id`,`weight`),
  KEY `idx_link_term_weight` (`link_id`,`term_id`,`weight`)
) ENGINE=InnoDB DEFAULT CHARSET=utf8;
/*!40101 SET character_set_client = @saved_cs_client */;

--
-- Dumping data for table `jos_finder_links_terms7`
--

LOCK TABLES `jos_finder_links_terms7` WRITE;
/*!40000 ALTER TABLE `jos_finder_links_terms7` DISABLE KEYS */;
/*!40000 ALTER TABLE `jos_finder_links_terms7` ENABLE KEYS */;
UNLOCK TABLES;

--
-- Table structure for table `jos_finder_links_terms8`
--

DROP TABLE IF EXISTS `jos_finder_links_terms8`;
/*!40101 SET @saved_cs_client     = @@character_set_client */;
/*!40101 SET character_set_client = utf8 */;
CREATE TABLE `jos_finder_links_terms8` (
  `link_id` int(10) unsigned NOT NULL,
  `term_id` int(10) unsigned NOT NULL,
  `weight` float unsigned NOT NULL,
  PRIMARY KEY (`link_id`,`term_id`),
  KEY `idx_term_weight` (`term_id`,`weight`),
  KEY `idx_link_term_weight` (`link_id`,`term_id`,`weight`)
) ENGINE=InnoDB DEFAULT CHARSET=utf8;
/*!40101 SET character_set_client = @saved_cs_client */;

--
-- Dumping data for table `jos_finder_links_terms8`
--

LOCK TABLES `jos_finder_links_terms8` WRITE;
/*!40000 ALTER TABLE `jos_finder_links_terms8` DISABLE KEYS */;
/*!40000 ALTER TABLE `jos_finder_links_terms8` ENABLE KEYS */;
UNLOCK TABLES;

--
-- Table structure for table `jos_finder_links_terms9`
--

DROP TABLE IF EXISTS `jos_finder_links_terms9`;
/*!40101 SET @saved_cs_client     = @@character_set_client */;
/*!40101 SET character_set_client = utf8 */;
CREATE TABLE `jos_finder_links_terms9` (
  `link_id` int(10) unsigned NOT NULL,
  `term_id` int(10) unsigned NOT NULL,
  `weight` float unsigned NOT NULL,
  PRIMARY KEY (`link_id`,`term_id`),
  KEY `idx_term_weight` (`term_id`,`weight`),
  KEY `idx_link_term_weight` (`link_id`,`term_id`,`weight`)
) ENGINE=InnoDB DEFAULT CHARSET=utf8;
/*!40101 SET character_set_client = @saved_cs_client */;

--
-- Dumping data for table `jos_finder_links_terms9`
--

LOCK TABLES `jos_finder_links_terms9` WRITE;
/*!40000 ALTER TABLE `jos_finder_links_terms9` DISABLE KEYS */;
/*!40000 ALTER TABLE `jos_finder_links_terms9` ENABLE KEYS */;
UNLOCK TABLES;

--
-- Table structure for table `jos_finder_links_termsa`
--

DROP TABLE IF EXISTS `jos_finder_links_termsa`;
/*!40101 SET @saved_cs_client     = @@character_set_client */;
/*!40101 SET character_set_client = utf8 */;
CREATE TABLE `jos_finder_links_termsa` (
  `link_id` int(10) unsigned NOT NULL,
  `term_id` int(10) unsigned NOT NULL,
  `weight` float unsigned NOT NULL,
  PRIMARY KEY (`link_id`,`term_id`),
  KEY `idx_term_weight` (`term_id`,`weight`),
  KEY `idx_link_term_weight` (`link_id`,`term_id`,`weight`)
) ENGINE=InnoDB DEFAULT CHARSET=utf8;
/*!40101 SET character_set_client = @saved_cs_client */;

--
-- Dumping data for table `jos_finder_links_termsa`
--

LOCK TABLES `jos_finder_links_termsa` WRITE;
/*!40000 ALTER TABLE `jos_finder_links_termsa` DISABLE KEYS */;
/*!40000 ALTER TABLE `jos_finder_links_termsa` ENABLE KEYS */;
UNLOCK TABLES;

--
-- Table structure for table `jos_finder_links_termsb`
--

DROP TABLE IF EXISTS `jos_finder_links_termsb`;
/*!40101 SET @saved_cs_client     = @@character_set_client */;
/*!40101 SET character_set_client = utf8 */;
CREATE TABLE `jos_finder_links_termsb` (
  `link_id` int(10) unsigned NOT NULL,
  `term_id` int(10) unsigned NOT NULL,
  `weight` float unsigned NOT NULL,
  PRIMARY KEY (`link_id`,`term_id`),
  KEY `idx_term_weight` (`term_id`,`weight`),
  KEY `idx_link_term_weight` (`link_id`,`term_id`,`weight`)
) ENGINE=InnoDB DEFAULT CHARSET=utf8;
/*!40101 SET character_set_client = @saved_cs_client */;

--
-- Dumping data for table `jos_finder_links_termsb`
--

LOCK TABLES `jos_finder_links_termsb` WRITE;
/*!40000 ALTER TABLE `jos_finder_links_termsb` DISABLE KEYS */;
/*!40000 ALTER TABLE `jos_finder_links_termsb` ENABLE KEYS */;
UNLOCK TABLES;

--
-- Table structure for table `jos_finder_links_termsc`
--

DROP TABLE IF EXISTS `jos_finder_links_termsc`;
/*!40101 SET @saved_cs_client     = @@character_set_client */;
/*!40101 SET character_set_client = utf8 */;
CREATE TABLE `jos_finder_links_termsc` (
  `link_id` int(10) unsigned NOT NULL,
  `term_id` int(10) unsigned NOT NULL,
  `weight` float unsigned NOT NULL,
  PRIMARY KEY (`link_id`,`term_id`),
  KEY `idx_term_weight` (`term_id`,`weight`),
  KEY `idx_link_term_weight` (`link_id`,`term_id`,`weight`)
) ENGINE=InnoDB DEFAULT CHARSET=utf8;
/*!40101 SET character_set_client = @saved_cs_client */;

--
-- Dumping data for table `jos_finder_links_termsc`
--

LOCK TABLES `jos_finder_links_termsc` WRITE;
/*!40000 ALTER TABLE `jos_finder_links_termsc` DISABLE KEYS */;
/*!40000 ALTER TABLE `jos_finder_links_termsc` ENABLE KEYS */;
UNLOCK TABLES;

--
-- Table structure for table `jos_finder_links_termsd`
--

DROP TABLE IF EXISTS `jos_finder_links_termsd`;
/*!40101 SET @saved_cs_client     = @@character_set_client */;
/*!40101 SET character_set_client = utf8 */;
CREATE TABLE `jos_finder_links_termsd` (
  `link_id` int(10) unsigned NOT NULL,
  `term_id` int(10) unsigned NOT NULL,
  `weight` float unsigned NOT NULL,
  PRIMARY KEY (`link_id`,`term_id`),
  KEY `idx_term_weight` (`term_id`,`weight`),
  KEY `idx_link_term_weight` (`link_id`,`term_id`,`weight`)
) ENGINE=InnoDB DEFAULT CHARSET=utf8;
/*!40101 SET character_set_client = @saved_cs_client */;

--
-- Dumping data for table `jos_finder_links_termsd`
--

LOCK TABLES `jos_finder_links_termsd` WRITE;
/*!40000 ALTER TABLE `jos_finder_links_termsd` DISABLE KEYS */;
/*!40000 ALTER TABLE `jos_finder_links_termsd` ENABLE KEYS */;
UNLOCK TABLES;

--
-- Table structure for table `jos_finder_links_termse`
--

DROP TABLE IF EXISTS `jos_finder_links_termse`;
/*!40101 SET @saved_cs_client     = @@character_set_client */;
/*!40101 SET character_set_client = utf8 */;
CREATE TABLE `jos_finder_links_termse` (
  `link_id` int(10) unsigned NOT NULL,
  `term_id` int(10) unsigned NOT NULL,
  `weight` float unsigned NOT NULL,
  PRIMARY KEY (`link_id`,`term_id`),
  KEY `idx_term_weight` (`term_id`,`weight`),
  KEY `idx_link_term_weight` (`link_id`,`term_id`,`weight`)
) ENGINE=InnoDB DEFAULT CHARSET=utf8;
/*!40101 SET character_set_client = @saved_cs_client */;

--
-- Dumping data for table `jos_finder_links_termse`
--

LOCK TABLES `jos_finder_links_termse` WRITE;
/*!40000 ALTER TABLE `jos_finder_links_termse` DISABLE KEYS */;
/*!40000 ALTER TABLE `jos_finder_links_termse` ENABLE KEYS */;
UNLOCK TABLES;

--
-- Table structure for table `jos_finder_links_termsf`
--

DROP TABLE IF EXISTS `jos_finder_links_termsf`;
/*!40101 SET @saved_cs_client     = @@character_set_client */;
/*!40101 SET character_set_client = utf8 */;
CREATE TABLE `jos_finder_links_termsf` (
  `link_id` int(10) unsigned NOT NULL,
  `term_id` int(10) unsigned NOT NULL,
  `weight` float unsigned NOT NULL,
  PRIMARY KEY (`link_id`,`term_id`),
  KEY `idx_term_weight` (`term_id`,`weight`),
  KEY `idx_link_term_weight` (`link_id`,`term_id`,`weight`)
) ENGINE=InnoDB DEFAULT CHARSET=utf8;
/*!40101 SET character_set_client = @saved_cs_client */;

--
-- Dumping data for table `jos_finder_links_termsf`
--

LOCK TABLES `jos_finder_links_termsf` WRITE;
/*!40000 ALTER TABLE `jos_finder_links_termsf` DISABLE KEYS */;
/*!40000 ALTER TABLE `jos_finder_links_termsf` ENABLE KEYS */;
UNLOCK TABLES;

--
-- Table structure for table `jos_finder_taxonomy`
--

DROP TABLE IF EXISTS `jos_finder_taxonomy`;
/*!40101 SET @saved_cs_client     = @@character_set_client */;
/*!40101 SET character_set_client = utf8 */;
CREATE TABLE `jos_finder_taxonomy` (
  `id` int(10) unsigned NOT NULL AUTO_INCREMENT,
  `parent_id` int(10) unsigned NOT NULL DEFAULT '0',
  `title` varchar(255) NOT NULL,
  `state` tinyint(1) unsigned NOT NULL DEFAULT '1',
  `access` tinyint(1) unsigned NOT NULL DEFAULT '0',
  `ordering` tinyint(1) unsigned NOT NULL DEFAULT '0',
  PRIMARY KEY (`id`),
  KEY `parent_id` (`parent_id`),
  KEY `state` (`state`),
  KEY `ordering` (`ordering`),
  KEY `access` (`access`),
  KEY `idx_parent_published` (`parent_id`,`state`,`access`)
) ENGINE=InnoDB AUTO_INCREMENT=2 DEFAULT CHARSET=utf8;
/*!40101 SET character_set_client = @saved_cs_client */;

--
-- Dumping data for table `jos_finder_taxonomy`
--

LOCK TABLES `jos_finder_taxonomy` WRITE;
/*!40000 ALTER TABLE `jos_finder_taxonomy` DISABLE KEYS */;
INSERT INTO `jos_finder_taxonomy` VALUES (1,0,'ROOT',0,0,0);
/*!40000 ALTER TABLE `jos_finder_taxonomy` ENABLE KEYS */;
UNLOCK TABLES;

--
-- Table structure for table `jos_finder_taxonomy_map`
--

DROP TABLE IF EXISTS `jos_finder_taxonomy_map`;
/*!40101 SET @saved_cs_client     = @@character_set_client */;
/*!40101 SET character_set_client = utf8 */;
CREATE TABLE `jos_finder_taxonomy_map` (
  `link_id` int(10) unsigned NOT NULL,
  `node_id` int(10) unsigned NOT NULL,
  PRIMARY KEY (`link_id`,`node_id`),
  KEY `link_id` (`link_id`),
  KEY `node_id` (`node_id`)
) ENGINE=InnoDB DEFAULT CHARSET=utf8;
/*!40101 SET character_set_client = @saved_cs_client */;

--
-- Dumping data for table `jos_finder_taxonomy_map`
--

LOCK TABLES `jos_finder_taxonomy_map` WRITE;
/*!40000 ALTER TABLE `jos_finder_taxonomy_map` DISABLE KEYS */;
/*!40000 ALTER TABLE `jos_finder_taxonomy_map` ENABLE KEYS */;
UNLOCK TABLES;

--
-- Table structure for table `jos_finder_terms`
--

DROP TABLE IF EXISTS `jos_finder_terms`;
/*!40101 SET @saved_cs_client     = @@character_set_client */;
/*!40101 SET character_set_client = utf8 */;
CREATE TABLE `jos_finder_terms` (
  `term_id` int(10) unsigned NOT NULL AUTO_INCREMENT,
  `term` varchar(75) NOT NULL,
  `stem` varchar(75) NOT NULL,
  `common` tinyint(1) unsigned NOT NULL DEFAULT '0',
  `phrase` tinyint(1) unsigned NOT NULL DEFAULT '0',
  `weight` float unsigned NOT NULL DEFAULT '0',
  `soundex` varchar(75) NOT NULL,
  `links` int(10) NOT NULL DEFAULT '0',
  PRIMARY KEY (`term_id`),
  UNIQUE KEY `idx_term` (`term`),
  KEY `idx_term_phrase` (`term`,`phrase`),
  KEY `idx_stem_phrase` (`stem`,`phrase`),
  KEY `idx_soundex_phrase` (`soundex`,`phrase`)
) ENGINE=InnoDB DEFAULT CHARSET=utf8;
/*!40101 SET character_set_client = @saved_cs_client */;

--
-- Dumping data for table `jos_finder_terms`
--

LOCK TABLES `jos_finder_terms` WRITE;
/*!40000 ALTER TABLE `jos_finder_terms` DISABLE KEYS */;
/*!40000 ALTER TABLE `jos_finder_terms` ENABLE KEYS */;
UNLOCK TABLES;

--
-- Table structure for table `jos_finder_terms_common`
--

DROP TABLE IF EXISTS `jos_finder_terms_common`;
/*!40101 SET @saved_cs_client     = @@character_set_client */;
/*!40101 SET character_set_client = utf8 */;
CREATE TABLE `jos_finder_terms_common` (
  `term` varchar(75) NOT NULL,
  `language` varchar(3) NOT NULL,
  KEY `idx_word_lang` (`term`,`language`),
  KEY `idx_lang` (`language`)
) ENGINE=InnoDB DEFAULT CHARSET=utf8;
/*!40101 SET character_set_client = @saved_cs_client */;

--
-- Dumping data for table `jos_finder_terms_common`
--

LOCK TABLES `jos_finder_terms_common` WRITE;
/*!40000 ALTER TABLE `jos_finder_terms_common` DISABLE KEYS */;
INSERT INTO `jos_finder_terms_common` VALUES ('a','en'),('about','en'),('after','en'),('ago','en'),('all','en'),('am','en'),('an','en'),('and','en'),('ani','en'),('any','en'),('are','en'),('aren\'t','en'),('as','en'),('at','en'),('be','en'),('but','en'),('by','en'),('for','en'),('from','en'),('get','en'),('go','en'),('how','en'),('if','en'),('in','en'),('into','en'),('is','en'),('isn\'t','en'),('it','en'),('its','en'),('me','en'),('more','en'),('most','en'),('must','en'),('my','en'),('new','en'),('no','en'),('none','en'),('not','en'),('noth','en'),('nothing','en'),('of','en'),('off','en'),('often','en'),('old','en'),('on','en'),('onc','en'),('once','en'),('onli','en'),('only','en'),('or','en'),('other','en'),('our','en'),('ours','en'),('out','en'),('over','en'),('page','en'),('she','en'),('should','en'),('small','en'),('so','en'),('some','en'),('than','en'),('thank','en'),('that','en'),('the','en'),('their','en'),('theirs','en'),('them','en'),('then','en'),('there','en'),('these','en'),('they','en'),('this','en'),('those','en'),('thus','en'),('time','en'),('times','en'),('to','en'),('too','en'),('true','en'),('under','en'),('until','en'),('up','en'),('upon','en'),('use','en'),('user','en'),('users','en'),('veri','en'),('version','en'),('very','en'),('via','en'),('want','en'),('was','en'),('way','en'),('were','en'),('what','en'),('when','en'),('where','en'),('whi','en'),('which','en'),('who','en'),('whom','en'),('whose','en'),('why','en'),('wide','en'),('will','en'),('with','en'),('within','en'),('without','en'),('would','en'),('yes','en'),('yet','en'),('you','en'),('your','en'),('yours','en');
/*!40000 ALTER TABLE `jos_finder_terms_common` ENABLE KEYS */;
UNLOCK TABLES;

--
-- Table structure for table `jos_finder_tokens`
--

DROP TABLE IF EXISTS `jos_finder_tokens`;
/*!40101 SET @saved_cs_client     = @@character_set_client */;
/*!40101 SET character_set_client = utf8 */;
CREATE TABLE `jos_finder_tokens` (
  `term` varchar(75) NOT NULL,
  `stem` varchar(75) NOT NULL,
  `common` tinyint(1) unsigned NOT NULL DEFAULT '0',
  `phrase` tinyint(1) unsigned NOT NULL DEFAULT '0',
  `weight` float unsigned NOT NULL DEFAULT '1',
  `context` tinyint(1) unsigned NOT NULL DEFAULT '2',
  KEY `idx_word` (`term`),
  KEY `idx_context` (`context`)
) ENGINE=MEMORY DEFAULT CHARSET=utf8;
/*!40101 SET character_set_client = @saved_cs_client */;

--
-- Dumping data for table `jos_finder_tokens`
--

LOCK TABLES `jos_finder_tokens` WRITE;
/*!40000 ALTER TABLE `jos_finder_tokens` DISABLE KEYS */;
/*!40000 ALTER TABLE `jos_finder_tokens` ENABLE KEYS */;
UNLOCK TABLES;

--
-- Table structure for table `jos_finder_tokens_aggregate`
--

DROP TABLE IF EXISTS `jos_finder_tokens_aggregate`;
/*!40101 SET @saved_cs_client     = @@character_set_client */;
/*!40101 SET character_set_client = utf8 */;
CREATE TABLE `jos_finder_tokens_aggregate` (
  `term_id` int(10) unsigned NOT NULL,
  `map_suffix` char(1) NOT NULL,
  `term` varchar(75) NOT NULL,
  `stem` varchar(75) NOT NULL,
  `common` tinyint(1) unsigned NOT NULL DEFAULT '0',
  `phrase` tinyint(1) unsigned NOT NULL DEFAULT '0',
  `term_weight` float unsigned NOT NULL,
  `context` tinyint(1) unsigned NOT NULL DEFAULT '2',
  `context_weight` float unsigned NOT NULL,
  `total_weight` float unsigned NOT NULL,
  KEY `token` (`term`),
  KEY `keyword_id` (`term_id`)
) ENGINE=MEMORY DEFAULT CHARSET=utf8;
/*!40101 SET character_set_client = @saved_cs_client */;

--
-- Dumping data for table `jos_finder_tokens_aggregate`
--

LOCK TABLES `jos_finder_tokens_aggregate` WRITE;
/*!40000 ALTER TABLE `jos_finder_tokens_aggregate` DISABLE KEYS */;
/*!40000 ALTER TABLE `jos_finder_tokens_aggregate` ENABLE KEYS */;
UNLOCK TABLES;

--
-- Table structure for table `jos_finder_types`
--

DROP TABLE IF EXISTS `jos_finder_types`;
/*!40101 SET @saved_cs_client     = @@character_set_client */;
/*!40101 SET character_set_client = utf8 */;
CREATE TABLE `jos_finder_types` (
  `id` int(10) unsigned NOT NULL AUTO_INCREMENT,
  `title` varchar(100) NOT NULL,
  `mime` varchar(100) NOT NULL,
  PRIMARY KEY (`id`),
  UNIQUE KEY `title` (`title`)
) ENGINE=InnoDB DEFAULT CHARSET=utf8;
/*!40101 SET character_set_client = @saved_cs_client */;

--
-- Dumping data for table `jos_finder_types`
--

LOCK TABLES `jos_finder_types` WRITE;
/*!40000 ALTER TABLE `jos_finder_types` DISABLE KEYS */;
/*!40000 ALTER TABLE `jos_finder_types` ENABLE KEYS */;
UNLOCK TABLES;

--
-- Table structure for table `jos_languages`
--

DROP TABLE IF EXISTS `jos_languages`;
/*!40101 SET @saved_cs_client     = @@character_set_client */;
/*!40101 SET character_set_client = utf8 */;
CREATE TABLE `jos_languages` (
  `lang_id` int(11) unsigned NOT NULL AUTO_INCREMENT,
  `lang_code` char(7) NOT NULL,
  `title` varchar(50) NOT NULL,
  `title_native` varchar(50) NOT NULL,
  `sef` varchar(50) NOT NULL,
  `image` varchar(50) NOT NULL,
  `description` varchar(512) NOT NULL,
  `metakey` text NOT NULL,
  `metadesc` text NOT NULL,
  `sitename` varchar(1024) NOT NULL,
  `published` int(11) NOT NULL DEFAULT '0',
  `ordering` int(11) NOT NULL DEFAULT '0',
  PRIMARY KEY (`lang_id`),
  UNIQUE KEY `idx_sef` (`sef`),
  KEY `idx_ordering` (`ordering`)
) ENGINE=InnoDB AUTO_INCREMENT=2 DEFAULT CHARSET=utf8;
/*!40101 SET character_set_client = @saved_cs_client */;

--
-- Dumping data for table `jos_languages`
--

LOCK TABLES `jos_languages` WRITE;
/*!40000 ALTER TABLE `jos_languages` DISABLE KEYS */;
INSERT INTO `jos_languages` VALUES (1,'en-GB','English (UK)','English (UK)','en','en','','','','',1,1);
/*!40000 ALTER TABLE `jos_languages` ENABLE KEYS */;
UNLOCK TABLES;

--
-- Table structure for table `jos_menu`
--

DROP TABLE IF EXISTS `jos_menu`;
/*!40101 SET @saved_cs_client     = @@character_set_client */;
/*!40101 SET character_set_client = utf8 */;
CREATE TABLE `jos_menu` (
  `id` int(11) NOT NULL AUTO_INCREMENT,
  `menutype` varchar(24) NOT NULL COMMENT 'The type of menu this item belongs to. FK to #__menu_types.menutype',
  `title` varchar(255) NOT NULL COMMENT 'The display title of the menu item.',
  `alias` varchar(255) CHARACTER SET utf8 COLLATE utf8_bin NOT NULL COMMENT 'The SEF alias of the menu item.',
  `note` varchar(255) NOT NULL DEFAULT '',
  `path` varchar(1024) NOT NULL COMMENT 'The computed path of the menu item based on the alias field.',
  `link` varchar(1024) NOT NULL COMMENT 'The actually link the menu item refers to.',
  `type` varchar(16) NOT NULL COMMENT 'The type of link: Component, URL, Alias, Separator',
  `published` tinyint(4) NOT NULL DEFAULT '0' COMMENT 'The published state of the menu link.',
  `parent_id` int(10) unsigned NOT NULL DEFAULT '1' COMMENT 'The parent menu item in the menu tree.',
  `level` int(10) unsigned NOT NULL DEFAULT '0' COMMENT 'The relative level in the tree.',
  `component_id` int(10) unsigned NOT NULL DEFAULT '0' COMMENT 'FK to #__extensions.id',
  `ordering` int(11) NOT NULL DEFAULT '0' COMMENT 'The relative ordering of the menu item in the tree.',
  `checked_out` int(10) unsigned NOT NULL DEFAULT '0' COMMENT 'FK to #__users.id',
  `checked_out_time` timestamp NOT NULL DEFAULT '0000-00-00 00:00:00' COMMENT 'The time the menu item was checked out.',
  `browserNav` tinyint(4) NOT NULL DEFAULT '0' COMMENT 'The click behaviour of the link.',
  `access` int(10) unsigned NOT NULL DEFAULT '0' COMMENT 'The access level required to view the menu item.',
  `img` varchar(255) NOT NULL COMMENT 'The image of the menu item.',
  `template_style_id` int(10) unsigned NOT NULL DEFAULT '0',
  `params` text NOT NULL COMMENT 'JSON encoded data for the menu item.',
  `lft` int(11) NOT NULL DEFAULT '0' COMMENT 'Nested set lft.',
  `rgt` int(11) NOT NULL DEFAULT '0' COMMENT 'Nested set rgt.',
  `home` tinyint(3) unsigned NOT NULL DEFAULT '0' COMMENT 'Indicates if this menu item is the home or default page.',
  `language` char(7) NOT NULL DEFAULT '',
  `client_id` tinyint(4) NOT NULL DEFAULT '0',
  PRIMARY KEY (`id`),
  UNIQUE KEY `idx_client_id_parent_id_alias` (`client_id`,`parent_id`,`alias`),
  KEY `idx_componentid` (`component_id`,`menutype`,`published`,`access`),
  KEY `idx_menutype` (`menutype`),
  KEY `idx_left_right` (`lft`,`rgt`),
  KEY `idx_alias` (`alias`),
  KEY `idx_path` (`path`(255)),
  KEY `idx_language` (`language`)
) ENGINE=InnoDB AUTO_INCREMENT=477 DEFAULT CHARSET=utf8;
/*!40101 SET character_set_client = @saved_cs_client */;

--
-- Dumping data for table `jos_menu`
--

LOCK TABLES `jos_menu` WRITE;
/*!40000 ALTER TABLE `jos_menu` DISABLE KEYS */;
INSERT INTO `jos_menu` VALUES (1,'','Menu_Item_Root','root','','','','',1,0,0,0,0,0,'0000-00-00 00:00:00',0,0,'',0,'',0,291,0,'*',0),(2,'menu','com_banners','Banners','','Banners','index.php?option=com_banners','component',0,1,1,4,0,0,'0000-00-00 00:00:00',0,0,'class:banners',0,'',13,22,0,'*',1),(3,'menu','com_banners','Banners','','Banners/Banners','index.php?option=com_banners','component',0,2,2,4,0,0,'0000-00-00 00:00:00',0,0,'class:banners',0,'',14,15,0,'*',1),(4,'menu','com_banners_categories','Categories','','Banners/Categories','index.php?option=com_categories&extension=com_banners','component',0,2,2,6,0,0,'0000-00-00 00:00:00',0,0,'class:banners-cat',0,'',16,17,0,'*',1),(5,'menu','com_banners_clients','Clients','','Banners/Clients','index.php?option=com_banners&view=clients','component',0,2,2,4,0,0,'0000-00-00 00:00:00',0,0,'class:banners-clients',0,'',18,19,0,'*',1),(6,'menu','com_banners_tracks','Tracks','','Banners/Tracks','index.php?option=com_banners&view=tracks','component',0,2,2,4,0,0,'0000-00-00 00:00:00',0,0,'class:banners-tracks',0,'',20,21,0,'*',1),(7,'menu','com_contact','Contacts','','Contacts','index.php?option=com_contact','component',0,1,1,8,0,0,'0000-00-00 00:00:00',0,0,'class:contact',0,'',23,28,0,'*',1),(8,'menu','com_contact','Contacts','','Contacts/Contacts','index.php?option=com_contact','component',0,7,2,8,0,0,'0000-00-00 00:00:00',0,0,'class:contact',0,'',24,25,0,'*',1),(9,'menu','com_contact_categories','Categories','','Contacts/Categories','index.php?option=com_categories&extension=com_contact','component',0,7,2,6,0,0,'0000-00-00 00:00:00',0,0,'class:contact-cat',0,'',26,27,0,'*',1),(10,'menu','com_messages','Messaging','','Messaging','index.php?option=com_messages','component',0,1,1,15,0,0,'0000-00-00 00:00:00',0,0,'class:messages',0,'',29,34,0,'*',1),(11,'menu','com_messages_add','New Private Message','','Messaging/New Private Message','index.php?option=com_messages&task=message.add','component',0,10,2,15,0,0,'0000-00-00 00:00:00',0,0,'class:messages-add',0,'',30,31,0,'*',1),(12,'menu','com_messages_read','Read Private Message','','Messaging/Read Private Message','index.php?option=com_messages','component',0,10,2,15,0,0,'0000-00-00 00:00:00',0,0,'class:messages-read',0,'',32,33,0,'*',1),(13,'menu','com_newsfeeds','News Feeds','','News Feeds','index.php?option=com_newsfeeds','component',0,1,1,17,0,0,'0000-00-00 00:00:00',0,0,'class:newsfeeds',0,'',35,40,0,'*',1),(14,'menu','com_newsfeeds_feeds','Feeds','','News Feeds/Feeds','index.php?option=com_newsfeeds','component',0,13,2,17,0,0,'0000-00-00 00:00:00',0,0,'class:newsfeeds',0,'',36,37,0,'*',1),(15,'menu','com_newsfeeds_categories','Categories','','News Feeds/Categories','index.php?option=com_categories&extension=com_newsfeeds','component',0,13,2,6,0,0,'0000-00-00 00:00:00',0,0,'class:newsfeeds-cat',0,'',38,39,0,'*',1),(16,'menu','com_redirect','Redirect','','Redirect','index.php?option=com_redirect','component',0,1,1,24,0,0,'0000-00-00 00:00:00',0,0,'class:redirect',0,'',51,52,0,'*',1),(17,'menu','com_search','Search','','Search','index.php?option=com_search','component',0,1,1,19,0,0,'0000-00-00 00:00:00',0,0,'class:search',0,'',41,42,0,'*',1),(18,'menu','com_weblinks','Weblinks','','Weblinks','index.php?option=com_weblinks','component',0,1,1,21,0,0,'0000-00-00 00:00:00',0,0,'class:weblinks',0,'',45,50,0,'*',1),(19,'menu','com_weblinks_links','Links','','Weblinks/Links','index.php?option=com_weblinks','component',0,18,2,21,0,0,'0000-00-00 00:00:00',0,0,'class:weblinks',0,'',46,47,0,'*',1),(20,'menu','com_weblinks_categories','Categories','','Weblinks/Categories','index.php?option=com_categories&extension=com_weblinks','component',0,18,2,6,0,0,'0000-00-00 00:00:00',0,0,'class:weblinks-cat',0,'',48,49,0,'*',1),(201,'usermenu','Your Profile','your-profile','','your-profile','index.php?option=com_users&view=profile','component',1,1,1,25,0,0,'0000-00-00 00:00:00',0,2,'',0,'{\"menu-anchor_title\":\"\",\"menu-anchor_css\":\"\",\"menu_image\":\"\",\"menu_text\":1,\"page_title\":\"\",\"show_page_heading\":0,\"page_heading\":\"\",\"pageclass_sfx\":\"\",\"menu-meta_description\":\"\",\"menu-meta_keywords\":\"\",\"robots\":\"\",\"secure\":0}',231,232,0,'*',0),(207,'top','Joomla.org','joomlaorg','','joomlaorg','http://joomla.org','url',-2,1,1,0,0,0,'0000-00-00 00:00:00',0,1,'',0,'{\"menu-anchor_title\":\"\",\"menu-anchor_css\":\"\",\"menu_image\":\"\"}',229,230,0,'*',0),(227,'aboutjoomla','Weblinks Categories','weblinks-categories','','using-joomla/extensions/components/weblinks-component/weblinks-categories','index.php?option=com_weblinks&view=categories&id=18','component',1,265,5,21,0,0,'0000-00-00 00:00:00',0,1,'',0,'{\"show_base_description\":\"\",\"categories_description\":\"\",\"maxLevelcat\":\"-1\",\"show_empty_categories_cat\":\"\",\"show_subcat_desc_cat\":\"\",\"show_cat_num_links_cat\":\"\",\"show_category_title\":\"\",\"show_description\":\"\",\"show_description_image\":\"\",\"maxLevel\":\"-1\",\"show_empty_categories\":\"\",\"show_subcat_desc\":\"\",\"show_cat_num_links\":\"\",\"show_pagination_limit\":\"\",\"show_headings\":\"\",\"show_link_description\":\"\",\"show_link_hits\":\"\",\"show_pagination\":\"\",\"show_pagination_results\":\"\",\"menu-anchor_title\":\"\",\"menu-anchor_css\":\"\",\"menu_image\":\"\",\"page_title\":\"\",\"show_page_heading\":0,\"page_heading\":\"\",\"pageclass_sfx\":\"\",\"menu-meta_description\":\"\",\"menu-meta_keywords\":\"\",\"robots\":\"\",\"secure\":0}',87,88,0,'*',0),(229,'aboutjoomla','Single Contact','single-contact','','using-joomla/extensions/components/contact-component/single-contact','index.php?option=com_contact&view=contact&id=1','component',1,270,5,8,0,0,'0000-00-00 00:00:00',0,1,'',0,'{\"show_category_crumb\":\"\",\"presentation_style\":\"\",\"show_contact_category\":\"\",\"show_contact_list\":\"\",\"show_name\":\"\",\"show_position\":\"\",\"show_email\":\"\",\"show_street_address\":\"\",\"show_suburb\":\"\",\"show_state\":\"\",\"show_postcode\":\"\",\"show_country\":\"\",\"show_telephone\":\"\",\"show_mobile\":\"\",\"show_fax\":\"\",\"show_webpage\":\"\",\"show_misc\":\"\",\"show_image\":\"\",\"allow_vcard\":\"\",\"show_articles\":\"\",\"show_links\":\"\",\"linka_name\":\"\",\"linkb_name\":\"\",\"linkc_name\":\"\",\"linkd_name\":\"\",\"linke_name\":\"\",\"show_email_form\":\"\",\"show_email_copy\":\"\",\"banned_email\":\"\",\"banned_subject\":\"\",\"banned_text\":\"\",\"validate_session\":\"\",\"custom_reply\":\"\",\"redirect\":\"\",\"menu-anchor_title\":\"\",\"menu-anchor_css\":\"\",\"menu_image\":\"\",\"show_page_heading\":0,\"page_title\":\"\",\"page_heading\":\"\",\"pageclass_sfx\":\"\",\"menu-meta_description\":\"\",\"menu-meta_keywords\":\"\",\"robots\":\"\",\"secure\":0}',77,78,0,'*',0),(233,'mainmenu','Login','login','','login','index.php?option=com_users&view=registration','component',0,1,1,25,0,0,'0000-00-00 00:00:00',0,1,'',0,'{\"menu-anchor_title\":\"\",\"menu-anchor_css\":\"\",\"menu_image\":\"\",\"menu_text\":1,\"page_title\":\"\",\"show_page_heading\":0,\"page_heading\":\"\",\"pageclass_sfx\":\"\",\"menu-meta_description\":\"\",\"menu-meta_keywords\":\"\",\"robots\":\"\",\"secure\":0}',11,12,0,'*',0),(234,'parks','Park Blog','park-blog','','park-blog','index.php?option=com_content&view=category&layout=blog&id=27','component',1,1,1,22,0,0,'0000-00-00 00:00:00',0,1,'',114,'{\"maxLevel\":\"\",\"show_empty_categories\":\"\",\"show_description\":\"1\",\"show_description_image\":\"1\",\"show_category_title\":\"\",\"show_cat_num_articles\":\"\",\"num_leading_articles\":\"1\",\"num_intro_articles\":\"4\",\"num_columns\":\"1\",\"num_links\":\"4\",\"multi_column_order\":\"\",\"orderby_pri\":\"\",\"orderby_sec\":\"\",\"order_date\":\"\",\"show_pagination\":\"2\",\"show_noauth\":\"\",\"show_title\":\"\",\"link_titles\":\"\",\"show_intro\":\"\",\"show_category\":\"\",\"link_category\":\"\",\"show_parent_category\":\"\",\"link_parent_category\":\"\",\"show_author\":\"\",\"link_author\":\"\",\"show_create_date\":\"\",\"show_modify_date\":\"\",\"show_publish_date\":\"\",\"show_item_navigation\":\"\",\"show_readmore\":\"\",\"show_icons\":\"\",\"show_print_icon\":\"\",\"show_email_icon\":\"\",\"show_hits\":\"\",\"show_feed_link\":\"1\",\"feed_summary\":\"\",\"menu-anchor_title\":\"\",\"menu-anchor_css\":\"\",\"menu_image\":\"\",\"show_page_heading\":0,\"page_title\":\"\",\"page_heading\":\"\",\"pageclass_sfx\":\"\",\"menu-meta_description\":\"\",\"menu-meta_keywords\":\"\",\"robots\":\"\",\"secure\":0}',235,236,0,'en-GB',0),(238,'mainmenu','Sample Sites','sample-sites','','sample-sites','index.php?option=com_content&view=article&id=38','component',0,1,1,22,0,0,'0000-00-00 00:00:00',0,1,'',0,'{\"show_noauth\":\"\",\"show_title\":\"\",\"link_titles\":\"\",\"show_intro\":\"\",\"show_category\":\"0\",\"link_category\":\"\",\"show_parent_category\":\"0\",\"link_parent_category\":\"\",\"show_author\":\"0\",\"link_author\":\"\",\"show_create_date\":\"0\",\"show_modify_date\":\"0\",\"show_publish_date\":\"0\",\"show_item_navigation\":\"0\",\"show_icons\":\"\",\"show_print_icon\":\"\",\"show_email_icon\":\"\",\"show_hits\":\"0\",\"robots\":\"\",\"rights\":\"\",\"menu-anchor_title\":\"\",\"menu-anchor_css\":\"\",\"menu_image\":\"\",\"show_page_heading\":0,\"page_title\":\"\",\"page_heading\":\"\",\"pageclass_sfx\":\"\",\"menu-meta_description\":\"\",\"menu-meta_keywords\":\"\",\"secure\":0}',259,264,0,'*',0),(242,'parks','Write a Blog Post','write-a-blog-post','','write-a-blog-post','index.php?option=com_content&view=form&layout=edit','component',1,1,1,22,0,0,'0000-00-00 00:00:00',0,3,'',114,'{\"menu-anchor_title\":\"\",\"menu-anchor_css\":\"\",\"menu_image\":\"\",\"show_page_heading\":0,\"page_title\":\"\",\"page_heading\":\"\",\"pageclass_sfx\":\"\",\"menu-meta_description\":\"\",\"menu-meta_keywords\":\"\",\"robots\":\"\",\"secure\":0}',237,238,0,'en-GB',0),(243,'parks','Parks Home','parks-home','','parks-home','index.php?option=com_content&view=article&id=6','component',1,1,1,22,0,0,'0000-00-00 00:00:00',0,1,'',114,'{\"show_noauth\":\"\",\"show_title\":\"0\",\"link_titles\":\"\",\"show_intro\":\"\",\"show_category\":\"0\",\"link_category\":\"0\",\"show_parent_category\":\"\",\"link_parent_category\":\"\",\"show_author\":\"0\",\"link_author\":\"\",\"show_create_date\":\"0\",\"show_modify_date\":\"0\",\"show_publish_date\":\"0\",\"show_item_navigation\":\"0\",\"show_icons\":\"\",\"show_print_icon\":\"0\",\"show_email_icon\":\"0\",\"show_hits\":\"0\",\"robots\":\"\",\"rights\":\"\",\"menu-anchor_title\":\"\",\"menu-anchor_css\":\"\",\"menu_image\":\"\",\"show_page_heading\":0,\"page_title\":\"\",\"page_heading\":\"\",\"pageclass_sfx\":\"\",\"menu-meta_description\":\"\",\"menu-meta_keywords\":\"\",\"secure\":0}',233,234,0,'en-GB',0),(244,'parks','Image Gallery','image-gallery','','image-gallery','index.php?option=com_content&view=categories&id=28','component',1,1,1,22,0,0,'0000-00-00 00:00:00',0,1,'',114,'{\"show_base_description\":\"1\",\"categories_description\":\"\",\"maxLevelcat\":\"\",\"show_empty_categories_cat\":\"\",\"show_subcat_desc_cat\":\"\",\"show_cat_num_articles_cat\":\"\",\"drill_down_layout\":\"1\",\"show_category_title\":\"\",\"show_description\":\"1\",\"show_description_image\":\"1\",\"maxLevel\":\"-1\",\"show_empty_categories\":\"\",\"show_subcat_desc\":\"\",\"show_cat_num_articles\":\"\",\"num_leading_articles\":\"1\",\"num_intro_articles\":\"4\",\"num_columns\":\"2\",\"num_links\":\"4\",\"multi_column_order\":\"\",\"orderby_pri\":\"\",\"orderby_sec\":\"\",\"order_date\":\"\",\"show_pagination\":\"\",\"show_pagination_results\":\"\",\"show_pagination_limit\":\"\",\"filter_field\":\"\",\"show_headings\":\"\",\"list_show_date\":\"\",\"date_format\":\"\",\"list_show_hits\":\"\",\"list_show_author\":\"\",\"show_title\":\"\",\"link_titles\":\"\",\"show_intro\":\"\",\"show_category\":\"\",\"link_category\":\"\",\"show_parent_category\":\"\",\"link_parent_category\":\"\",\"show_author\":\"\",\"link_author\":\"\",\"show_create_date\":\"\",\"show_modify_date\":\"\",\"show_publish_date\":\"\",\"show_item_navigation\":\"\",\"show_readmore\":\"\",\"show_icons\":\"\",\"show_print_icon\":\"\",\"show_email_icon\":\"\",\"show_hits\":\"\",\"show_noauth\":\"\",\"show_feed_link\":\"\",\"feed_summary\":\"\",\"menu-anchor_title\":\"\",\"menu-anchor_css\":\"\",\"menu_image\":\"\",\"page_title\":\"\",\"show_page_heading\":0,\"page_heading\":\"\",\"pageclass_sfx\":\"\",\"menu-meta_description\":\"\",\"menu-meta_keywords\":\"\",\"robots\":\"\",\"secure\":0}',239,244,0,'en-GB',0),(249,'aboutjoomla','Submit a Weblink','submit-a-weblink','','using-joomla/extensions/components/weblinks-component/submit-a-weblink','index.php?option=com_weblinks&view=form&layout=edit','component',1,265,5,21,0,0,'0000-00-00 00:00:00',0,3,'',0,'{\"menu-anchor_title\":\"\",\"menu-anchor_css\":\"\",\"menu_image\":\"\",\"show_page_heading\":0,\"page_title\":\"\",\"page_heading\":\"\",\"pageclass_sfx\":\"\",\"menu-meta_description\":\"\",\"menu-meta_keywords\":\"\",\"robots\":\"\",\"secure\":0}',83,84,0,'*',0),(251,'aboutjoomla','Contact Categories','contact-categories','','using-joomla/extensions/components/contact-component/contact-categories','index.php?option=com_contact&view=categories&id=16','component',1,270,5,8,0,0,'0000-00-00 00:00:00',0,1,'',0,'{\"show_base_description\":\"\",\"categories_description\":\"\",\"maxLevel\":\"-1\",\"show_empty_categories\":\"\",\"show_description\":\"\",\"show_description_image\":\"\",\"show_cat_num_articles\":\"\",\"display_num\":\"\",\"show_headings\":\"\",\"filter_field\":\"\",\"show_pagination\":\"\",\"show_noauth\":\"\",\"presentation_style\":\"sliders\",\"show_name\":\"\",\"show_position\":\"\",\"show_email\":\"\",\"show_street_address\":\"\",\"show_suburb\":\"\",\"show_state\":\"\",\"show_postcode\":\"\",\"show_country\":\"\",\"show_telephone\":\"\",\"show_mobile\":\"\",\"show_fax\":\"\",\"show_webpage\":\"\",\"show_misc\":\"\",\"show_image\":\"\",\"allow_vcard\":\"\",\"show_articles\":\"\",\"show_links\":\"1\",\"linka_name\":\"\",\"linkb_name\":\"\",\"linkc_name\":\"\",\"linkd_name\":\"\",\"linke_name\":\"\",\"show_email_form\":\"\",\"show_email_copy\":\"\",\"banned_email\":\"\",\"banned_subject\":\"\",\"banned_text\":\"\",\"validate_session\":\"\",\"custom_reply\":\"\",\"redirect\":\"\",\"show_feed_link\":\"\",\"feed_summary\":\"\",\"menu-anchor_title\":\"\",\"menu-anchor_css\":\"\",\"menu_image\":\"\",\"show_page_heading\":0,\"page_title\":\"\",\"page_heading\":\"\",\"pageclass_sfx\":\"\",\"menu-meta_description\":\"\",\"menu-meta_keywords\":\"\",\"robots\":\"\",\"secure\":0}',73,74,0,'*',0),(252,'aboutjoomla','News Feed Categories','new-feed-categories','','using-joomla/extensions/components/news-feeds-component/new-feed-categories','index.php?option=com_newsfeeds&view=categories&id=0','component',1,267,5,17,0,0,'0000-00-00 00:00:00',0,1,'',0,'{\"show_base_description\":\"1\",\"categories_description\":\"Because this links to the root category the \\\"uncategorised\\\" category is displayed. \",\"maxLevel\":\"-1\",\"show_empty_categories\":\"1\",\"show_description\":\"1\",\"show_description_image\":\"1\",\"show_cat_num_articles\":\"1\",\"display_num\":\"\",\"show_headings\":\"\",\"orderby_pri\":\"\",\"orderby_sec\":\"\",\"order_date\":\"\",\"show_pagination\":\"\",\"show_noauth\":\"\",\"show_feed_image\":\"\",\"show_feed_description\":\"\",\"show_item_description\":\"\",\"feed_character_count\":\"0\",\"show_feed_link\":\"\",\"feed_summary\":\"\",\"menu-anchor_title\":\"\",\"menu-anchor_css\":\"\",\"menu_image\":\"\",\"show_page_heading\":0,\"page_title\":\"\",\"page_heading\":\"\",\"pageclass_sfx\":\"\",\"menu-meta_description\":\"\",\"menu-meta_keywords\":\"\",\"robots\":\"\",\"secure\":0}',91,92,0,'*',0),(253,'aboutjoomla','News Feed Category','news-feed-category','','using-joomla/extensions/components/news-feeds-component/news-feed-category','index.php?option=com_newsfeeds&view=category&id=17','component',1,267,5,17,0,0,'0000-00-00 00:00:00',0,1,'',0,'{\"maxLevel\":\"-1\",\"show_empty_categories\":\"\",\"show_description\":\"\",\"show_description_image\":\"\",\"show_cat_num_articles\":\"\",\"display_num\":\"\",\"show_headings\":\"\",\"orderby_pri\":\"\",\"orderby_sec\":\"\",\"order_date\":\"\",\"show_pagination\":\"\",\"show_noauth\":\"\",\"show_feed_image\":\"\",\"show_feed_description\":\"\",\"show_item_description\":\"\",\"feed_character_count\":\"0\",\"show_feed_link\":\"\",\"feed_summary\":\"\",\"menu-anchor_title\":\"\",\"menu-anchor_css\":\"\",\"menu_image\":\"\",\"show_page_heading\":0,\"page_title\":\"\",\"page_heading\":\"\",\"pageclass_sfx\":\"\",\"menu-meta_description\":\"\",\"menu-meta_keywords\":\"\",\"robots\":\"\",\"secure\":0}',95,96,0,'*',0),(254,'aboutjoomla','Single News Feed','single-news-feed','','using-joomla/extensions/components/news-feeds-component/single-news-feed','index.php?option=com_newsfeeds&view=newsfeed&id=4','component',1,267,5,17,0,0,'0000-00-00 00:00:00',0,1,'',0,'{\"show_feed_image\":\"\",\"show_feed_description\":\"\",\"show_item_description\":\"\",\"feed_character_count\":\"0\",\"menu-anchor_title\":\"\",\"menu-anchor_css\":\"\",\"menu_image\":\"\",\"show_page_heading\":0,\"page_title\":\"\",\"page_heading\":\"\",\"pageclass_sfx\":\"\",\"menu-meta_description\":\"\",\"menu-meta_keywords\":\"\",\"robots\":\"\",\"secure\":0}',93,94,0,'*',0),(255,'aboutjoomla','Search','search','','using-joomla/extensions/components/search-component/search','index.php?option=com_search&view=search','component',1,276,5,19,0,0,'0000-00-00 00:00:00',0,1,'',0,'{\"search_areas\":\"1\",\"show_date\":\"1\",\"menu-anchor_title\":\"\",\"menu-anchor_css\":\"\",\"menu_image\":\"\",\"show_page_heading\":0,\"page_title\":\"\",\"page_heading\":\"\",\"pageclass_sfx\":\"\",\"menu-meta_description\":\"\",\"menu-meta_keywords\":\"\",\"robots\":\"\",\"secure\":0}',113,114,0,'*',0),(256,'aboutjoomla','Archived Articles','archived-articles','','using-joomla/extensions/components/content-component/archived-articles','index.php?option=com_content&view=archive','component',1,266,5,22,0,0,'0000-00-00 00:00:00',0,1,'',0,'{\"orderby_sec\":\"\",\"order_date\":\"\",\"display_num\":\"\",\"filter_field\":\"\",\"show_category\":\"1\",\"link_category\":\"1\",\"show_title\":\"1\",\"link_titles\":\"1\",\"show_intro\":\"1\",\"show_author\":\"\",\"show_create_date\":\"\",\"show_modify_date\":\"\",\"show_publish_date\":\"\",\"show_item_navigation\":\"\",\"show_readmore\":\"\",\"show_hits\":\"\",\"menu-anchor_title\":\"\",\"menu-anchor_css\":\"\",\"menu_image\":\"\",\"show_page_heading\":0,\"page_title\":\"\",\"page_heading\":\"\",\"pageclass_sfx\":\"\",\"menu-meta_description\":\"\",\"menu-meta_keywords\":\"\",\"robots\":\"\",\"secure\":0}',67,68,0,'*',0),(257,'aboutjoomla','Single Article','single-article','','using-joomla/extensions/components/content-component/single-article','index.php?option=com_content&view=article&id=6','component',1,266,5,22,0,0,'0000-00-00 00:00:00',0,1,'',0,'{\"show_noauth\":\"\",\"show_title\":\"\",\"link_titles\":\"\",\"show_intro\":\"\",\"show_category\":\"\",\"link_category\":\"\",\"show_parent_category\":\"\",\"link_parent_category\":\"\",\"show_author\":\"\",\"link_author\":\"\",\"show_create_date\":\"\",\"show_modify_date\":\"\",\"show_publish_date\":\"\",\"show_item_navigation\":\"\",\"show_icons\":\"\",\"show_print_icon\":\"\",\"show_email_icon\":\"\",\"show_hits\":\"\",\"robots\":\"\",\"rights\":\"\",\"menu-anchor_title\":\"\",\"menu-anchor_css\":\"\",\"menu_image\":\"\",\"show_page_heading\":0,\"page_title\":\"\",\"page_heading\":\"\",\"pageclass_sfx\":\"\",\"menu-meta_description\":\"\",\"menu-meta_keywords\":\"\",\"secure\":0}',57,58,0,'*',0),(259,'aboutjoomla','Article Category Blog','article-category-blog','','using-joomla/extensions/components/content-component/article-category-blog','index.php?option=com_content&view=category&layout=blog&id=27','component',1,266,5,22,0,0,'0000-00-00 00:00:00',0,1,'',0,'{\"maxLevel\":\"\",\"show_empty_categories\":\"\",\"show_description\":\"0\",\"show_description_image\":\"0\",\"show_category_title\":\"\",\"show_cat_num_articles\":\"\",\"num_leading_articles\":\"1\",\"num_intro_articles\":\"4\",\"num_columns\":\"2\",\"num_links\":\"4\",\"multi_column_order\":\"\",\"orderby_pri\":\"\",\"orderby_sec\":\"\",\"order_date\":\"\",\"show_pagination\":\"2\",\"show_noauth\":\"\",\"show_title\":\"\",\"link_titles\":\"\",\"show_intro\":\"\",\"show_category\":\"\",\"link_category\":\"\",\"show_parent_category\":\"\",\"link_parent_category\":\"\",\"show_author\":\"\",\"link_author\":\"\",\"show_create_date\":\"\",\"show_modify_date\":\"\",\"show_publish_date\":\"\",\"show_item_navigation\":\"\",\"show_readmore\":\"\",\"show_icons\":\"\",\"show_print_icon\":\"\",\"show_email_icon\":\"\",\"show_hits\":\"\",\"show_feed_link\":\"1\",\"feed_summary\":\"\",\"menu-anchor_title\":\"\",\"menu-anchor_css\":\"\",\"menu_image\":\"\",\"show_page_heading\":0,\"page_title\":\"\",\"page_heading\":\"\",\"pageclass_sfx\":\"\",\"menu-meta_description\":\"\",\"menu-meta_keywords\":\"\",\"robots\":\"\",\"secure\":0}',61,62,0,'*',0),(260,'aboutjoomla','Article Category List','article-category-list','','using-joomla/extensions/components/content-component/article-category-list','index.php?option=com_content&view=category&id=19','component',1,266,5,22,0,0,'0000-00-00 00:00:00',0,1,'',0,'{\"show_category_title\":\"\",\"show_description\":\"\",\"show_description_image\":\"\",\"maxLevel\":\"\",\"show_empty_categories\":\"\",\"show_no_articles\":\"\",\"show_subcat_desc\":\"\",\"show_cat_num_articles\":\"\",\"page_subheading\":\"\",\"show_pagination_limit\":\"\",\"filter_field\":\"\",\"show_headings\":\"\",\"list_show_date\":\"\",\"date_format\":\"\",\"list_show_hits\":\"\",\"list_show_author\":\"\",\"orderby_pri\":\"\",\"orderby_sec\":\"alpha\",\"order_date\":\"\",\"show_pagination\":\"\",\"show_pagination_results\":\"\",\"display_num\":\"10\",\"show_title\":\"\",\"link_titles\":\"\",\"show_intro\":\"\",\"show_category\":\"\",\"link_category\":\"\",\"show_parent_category\":\"\",\"link_parent_category\":\"\",\"show_author\":\"\",\"link_author\":\"\",\"show_create_date\":\"\",\"show_modify_date\":\"\",\"show_publish_date\":\"\",\"show_item_navigation\":\"\",\"show_vote\":\"\",\"show_readmore\":\"\",\"show_readmore_title\":\"\",\"show_icons\":\"\",\"show_print_icon\":\"\",\"show_email_icon\":\"\",\"show_hits\":\"\",\"show_noauth\":\"\",\"show_feed_link\":\"\",\"feed_summary\":\"\",\"menu-anchor_title\":\"\",\"menu-anchor_css\":\"\",\"menu_image\":\"\",\"menu_text\":1,\"page_title\":\"\",\"show_page_heading\":0,\"page_heading\":\"\",\"pageclass_sfx\":\"\",\"menu-meta_description\":\"\",\"menu-meta_keywords\":\"\",\"robots\":\"\",\"secure\":0}',63,64,0,'*',0),(262,'aboutjoomla','Featured Articles','featured-articles','','using-joomla/extensions/components/content-component/featured-articles','index.php?option=com_content&view=featured','component',1,266,5,22,0,0,'0000-00-00 00:00:00',0,1,'',0,'{\"maxLevel\":\"\",\"show_empty_categories\":\"\",\"show_description\":\"\",\"show_description_image\":\"\",\"show_cat_num_articles\":\"\",\"num_leading_articles\":\"1\",\"num_intro_articles\":\"4\",\"num_columns\":\"2\",\"num_links\":\"4\",\"multi_column_order\":\"1\",\"orderby_pri\":\"\",\"orderby_sec\":\"front\",\"order_date\":\"\",\"show_pagination\":\"2\",\"show_noauth\":\"\",\"show_title\":\"\",\"link_titles\":\"\",\"show_intro\":\"\",\"show_category\":\"\",\"link_category\":\"\",\"show_parent_category\":\"\",\"link_parent_category\":\"\",\"show_author\":\"\",\"link_author\":\"\",\"show_create_date\":\"\",\"show_modify_date\":\"\",\"show_publish_date\":\"\",\"show_item_navigation\":\"\",\"show_readmore\":\"\",\"show_icons\":\"\",\"show_print_icon\":\"\",\"show_email_icon\":\"\",\"show_hits\":\"\",\"show_feed_link\":\"1\",\"feed_summary\":\"\",\"menu-anchor_title\":\"\",\"menu-anchor_css\":\"\",\"menu_image\":\"\",\"show_page_heading\":0,\"page_title\":\"\",\"page_heading\":\"\",\"pageclass_sfx\":\"\",\"menu-meta_description\":\"\",\"menu-meta_keywords\":\"\",\"robots\":\"\",\"secure\":0}',65,66,0,'*',0),(263,'aboutjoomla','Submit Article','submit-article','','using-joomla/extensions/components/content-component/submit-article','index.php?option=com_content&view=form&layout=edit','component',1,266,5,22,0,0,'0000-00-00 00:00:00',0,3,'',0,'{\"menu-anchor_title\":\"\",\"menu-anchor_css\":\"\",\"menu_image\":\"\",\"show_page_heading\":0,\"page_title\":\"\",\"page_heading\":\"\",\"pageclass_sfx\":\"\",\"menu-meta_description\":\"\",\"menu-meta_keywords\":\"\",\"robots\":\"\",\"secure\":0}',69,70,0,'*',0),(265,'aboutjoomla','Weblinks Component','weblinks-component','','using-joomla/extensions/components/weblinks-component','index.php?option=com_content&view=article&id=54','component',1,268,4,22,0,0,'0000-00-00 00:00:00',0,1,'',0,'{\"show_noauth\":\"\",\"show_title\":\"\",\"link_titles\":\"\",\"show_intro\":\"\",\"show_category\":\"\",\"link_category\":\"\",\"show_parent_category\":\"\",\"link_parent_category\":\"\",\"show_author\":\"\",\"link_author\":\"\",\"show_create_date\":\"\",\"show_modify_date\":\"\",\"show_publish_date\":\"\",\"show_item_navigation\":\"\",\"show_icons\":\"\",\"show_print_icon\":\"\",\"show_email_icon\":\"\",\"show_hits\":\"\",\"robots\":\"\",\"rights\":\"\",\"menu-anchor_title\":\"\",\"menu-anchor_css\":\"\",\"menu_image\":\"\",\"show_page_heading\":0,\"page_title\":\"\",\"page_heading\":\"\",\"pageclass_sfx\":\"\",\"menu-meta_description\":\"\",\"menu-meta_keywords\":\"\",\"secure\":0}',82,89,0,'*',0),(266,'aboutjoomla','Content Component','content-component','','using-joomla/extensions/components/content-component','index.php?option=com_content&view=article&id=10','component',1,268,4,22,0,0,'0000-00-00 00:00:00',0,1,'',0,'{\"article-allow_ratings\":\"\",\"article-allow_comments\":\"\",\"show_category\":\"\",\"link_category\":\"\",\"show_title\":\"\",\"link_titles\":\"\",\"show_intro\":\"\",\"show_author\":\"\",\"show_create_date\":\"\",\"show_modify_date\":\"\",\"show_publish_date\":\"\",\"show_item_navigation\":\"\",\"show_icons\":\"\",\"show_print_icon\":\"\",\"show_email_icon\":\"\",\"show_hits\":\"\",\"menu-anchor_title\":\"\",\"menu-anchor_css\":\"\",\"menu_image\":\"\",\"show_page_heading\":0,\"page_title\":\"\",\"page_heading\":\"\",\"pageclass_sfx\":\"\",\"menu-meta_description\":\"\",\"menu-meta_keywords\":\"\",\"robots\":\"\",\"secure\":0}',56,71,0,'*',0),(267,'aboutjoomla','News Feeds Component','news-feeds-component','','using-joomla/extensions/components/news-feeds-component','index.php?option=com_content&view=article&id=60','component',1,268,4,22,0,0,'0000-00-00 00:00:00',0,1,'',0,'{\"show_noauth\":\"\",\"show_title\":\"\",\"link_titles\":\"\",\"show_intro\":\"\",\"show_category\":\"\",\"link_category\":\"\",\"show_parent_category\":\"\",\"link_parent_category\":\"\",\"show_author\":\"\",\"link_author\":\"\",\"show_create_date\":\"\",\"show_modify_date\":\"\",\"show_publish_date\":\"\",\"show_item_navigation\":\"\",\"show_icons\":\"\",\"show_print_icon\":\"\",\"show_email_icon\":\"\",\"show_hits\":\"\",\"robots\":\"\",\"rights\":\"\",\"menu-anchor_title\":\"\",\"menu-anchor_css\":\"\",\"menu_image\":\"\",\"show_page_heading\":1,\"page_title\":\"Newsfeeds Categories View \",\"page_heading\":\"\",\"pageclass_sfx\":\"\",\"menu-meta_description\":\"\",\"menu-meta_keywords\":\"\",\"secure\":0}',90,97,0,'*',0),(268,'aboutjoomla','Components','components','','using-joomla/extensions/components','index.php?option=com_content&view=category&layout=blog&id=21','component',1,277,3,22,0,0,'0000-00-00 00:00:00',0,1,'',0,'{\"show_category_title\":\"\",\"show_description\":\"1\",\"show_description_image\":\"\",\"maxLevel\":\"\",\"show_empty_categories\":\"\",\"show_subcat_desc\":\"\",\"show_cat_num_articles\":\"\",\"page_subheading\":\"\",\"num_leading_articles\":\"0\",\"num_intro_articles\":\"7\",\"num_columns\":\"1\",\"num_links\":\"0\",\"multi_column_order\":\"\",\"orderby_pri\":\"\",\"orderby_sec\":\"order\",\"order_date\":\"\",\"show_pagination\":\"0\",\"show_pagination_results\":\"\",\"show_title\":\"\",\"link_titles\":\"\",\"show_intro\":\"\",\"show_category\":\"0\",\"link_category\":\"\",\"show_parent_category\":\"0\",\"link_parent_category\":\"\",\"show_author\":\"0\",\"link_author\":\"0\",\"show_create_date\":\"0\",\"show_modify_date\":\"0\",\"show_publish_date\":\"0\",\"show_item_navigation\":\"0\",\"show_readmore\":\"\",\"show_icons\":\"0\",\"show_print_icon\":\"0\",\"show_email_icon\":\"0\",\"show_hits\":\"0\",\"show_noauth\":\"\",\"show_feed_link\":\"\",\"feed_summary\":\"\",\"menu-anchor_title\":\"\",\"menu-anchor_css\":\"\",\"menu_image\":\"\",\"page_title\":\"\",\"show_page_heading\":0,\"page_heading\":\"\",\"pageclass_sfx\":\"\",\"menu-meta_description\":\"\",\"menu-meta_keywords\":\"\",\"robots\":\"\",\"secure\":0}',55,118,0,'*',0),(270,'aboutjoomla','Contact Component','contact-component','','using-joomla/extensions/components/contact-component','index.php?option=com_content&view=article&id=9','component',1,268,4,22,0,0,'0000-00-00 00:00:00',0,1,'',0,'{\"show_noauth\":\"\",\"show_title\":\"\",\"link_titles\":\"\",\"show_intro\":\"\",\"show_category\":\"\",\"link_category\":\"\",\"show_parent_category\":\"\",\"link_parent_category\":\"\",\"show_author\":\"\",\"link_author\":\"\",\"show_create_date\":\"\",\"show_modify_date\":\"\",\"show_publish_date\":\"\",\"show_item_navigation\":\"\",\"show_icons\":\"\",\"show_print_icon\":\"\",\"show_email_icon\":\"\",\"show_hits\":\"\",\"robots\":\"\",\"rights\":\"\",\"menu-anchor_title\":\"\",\"menu-anchor_css\":\"\",\"menu_image\":\"\",\"show_page_heading\":0,\"page_title\":\"\",\"page_heading\":\"\",\"pageclass_sfx\":\"\",\"menu-meta_description\":\"\",\"menu-meta_keywords\":\"\",\"secure\":0}',72,81,0,'*',0),(271,'aboutjoomla','Users Component','users-component','','using-joomla/extensions/components/users-component','index.php?option=com_content&view=article&id=52','component',1,268,4,22,0,0,'0000-00-00 00:00:00',0,1,'',0,'{\"show_noauth\":\"\",\"show_title\":\"\",\"link_titles\":\"\",\"show_intro\":\"\",\"show_category\":\"\",\"link_category\":\"\",\"show_parent_category\":\"\",\"link_parent_category\":\"\",\"show_author\":\"\",\"link_author\":\"\",\"show_create_date\":\"\",\"show_modify_date\":\"\",\"show_publish_date\":\"\",\"show_item_navigation\":\"\",\"show_icons\":\"\",\"show_print_icon\":\"\",\"show_email_icon\":\"\",\"show_hits\":\"\",\"robots\":\"\",\"rights\":\"\",\"menu-anchor_title\":\"\",\"menu-anchor_css\":\"\",\"menu_image\":\"\",\"show_page_heading\":0,\"page_title\":\"\",\"page_heading\":\"\",\"pageclass_sfx\":\"\",\"menu-meta_description\":\"\",\"menu-meta_keywords\":\"\",\"secure\":0}',98,111,0,'*',0),(272,'aboutjoomla','Article Categories','article-categories','','using-joomla/extensions/components/content-component/article-categories','index.php?option=com_content&view=categories&id=14','component',1,266,5,22,0,0,'0000-00-00 00:00:00',0,1,'',0,'{\"show_base_description\":\"\",\"categories_description\":\"\",\"maxLevel\":\"-1\",\"show_empty_categories\":\"\",\"show_description\":\"\",\"show_description_image\":\"\",\"show_cat_num_articles\":\"\",\"display_num\":\"\",\"category_layout\":\"\",\"show_headings\":\"\",\"show_date\":\"\",\"date_format\":\"\",\"filter_field\":\"\",\"num_leading_articles\":\"1\",\"num_intro_articles\":\"4\",\"num_columns\":\"2\",\"num_links\":\"4\",\"multi_column_order\":\"\",\"orderby_pri\":\"\",\"orderby_sec\":\"\",\"order_date\":\"\",\"show_pagination\":\"\",\"show_noauth\":\"\",\"show_title\":\"\",\"link_titles\":\"\",\"show_intro\":\"\",\"show_category\":\"\",\"link_category\":\"\",\"show_parent_category\":\"\",\"link_parent_category\":\"\",\"show_author\":\"\",\"link_author\":\"\",\"show_create_date\":\"\",\"show_modify_date\":\"\",\"show_publish_date\":\"\",\"show_item_navigation\":\"\",\"show_readmore\":\"\",\"show_icons\":\"\",\"show_print_icon\":\"\",\"show_email_icon\":\"\",\"show_hits\":\"\",\"show_feed_link\":\"\",\"feed_summary\":\"\",\"menu-anchor_title\":\"\",\"menu-anchor_css\":\"\",\"menu_image\":\"\",\"show_page_heading\":0,\"page_title\":\"\",\"page_heading\":\"\",\"pageclass_sfx\":\"\",\"menu-meta_description\":\"\",\"menu-meta_keywords\":\"\",\"robots\":\"\",\"secure\":0}',59,60,0,'*',0),(273,'aboutjoomla','Administrator Components','administrator-components','','using-joomla/extensions/components/administrator-components','index.php?option=com_content&view=article&id=1','component',1,268,4,22,0,0,'0000-00-00 00:00:00',0,1,'',0,'{\"show_noauth\":\"\",\"show_title\":\"\",\"link_titles\":\"\",\"show_intro\":\"\",\"show_category\":\"\",\"link_category\":\"\",\"show_parent_category\":\"\",\"link_parent_category\":\"\",\"show_author\":\"\",\"link_author\":\"\",\"show_create_date\":\"\",\"show_modify_date\":\"\",\"show_publish_date\":\"\",\"show_item_navigation\":\"\",\"show_icons\":\"\",\"show_print_icon\":\"\",\"show_email_icon\":\"\",\"show_hits\":\"\",\"robots\":\"\",\"rights\":\"\",\"menu-anchor_title\":\"\",\"menu-anchor_css\":\"\",\"menu_image\":\"\",\"show_page_heading\":0,\"page_title\":\"\",\"page_heading\":\"\",\"pageclass_sfx\":\"\",\"menu-meta_description\":\"\",\"menu-meta_keywords\":\"\",\"secure\":0}',116,117,0,'*',0),(274,'aboutjoomla','Weblinks Single Category','weblinks-single-category','','using-joomla/extensions/components/weblinks-component/weblinks-single-category','index.php?option=com_weblinks&view=category&id=32','component',1,265,5,21,0,0,'0000-00-00 00:00:00',0,1,'',0,'{\"maxLevel\":\"-1\",\"show_empty_categories\":\"\",\"show_description\":\"\",\"show_description_image\":\"\",\"show_cat_num_articles\":\"\",\"display_num\":\"\",\"show_headings\":\"\",\"orderby_pri\":\"\",\"show_pagination\":\"\",\"show_noauth\":\"\",\"show_feed_link\":\"1\",\"feed_summary\":\"\",\"menu-anchor_title\":\"\",\"menu-anchor_css\":\"\",\"menu_image\":\"\",\"show_page_heading\":0,\"page_title\":\"\",\"page_heading\":\"\",\"pageclass_sfx\":\"\",\"menu-meta_description\":\"\",\"menu-meta_keywords\":\"\",\"robots\":\"\",\"secure\":0}',85,86,0,'*',0),(275,'aboutjoomla','Contact Single Category','contact-single-category','','using-joomla/extensions/components/contact-component/contact-single-category','index.php?option=com_contact&view=category&catid=26&id=36','component',1,270,5,8,0,0,'0000-00-00 00:00:00',0,1,'',0,'{\"maxLevel\":\"-1\",\"show_empty_categories\":\"\",\"show_description\":\"\",\"show_description_image\":\"\",\"show_cat_num_articles\":\"\",\"display_num\":\"20\",\"show_headings\":\"\",\"filter_field\":\"\",\"show_pagination\":\"\",\"show_noauth\":\"\",\"presentation_style\":\"sliders\",\"show_name\":\"\",\"show_position\":\"\",\"show_email\":\"\",\"show_street_address\":\"\",\"show_suburb\":\"\",\"show_state\":\"\",\"show_postcode\":\"\",\"show_country\":\"\",\"show_telephone\":\"\",\"show_mobile\":\"\",\"show_fax\":\"\",\"show_webpage\":\"\",\"show_misc\":\"\",\"show_image\":\"\",\"allow_vcard\":\"\",\"show_articles\":\"\",\"show_links\":\"1\",\"linka_name\":\"\",\"linkb_name\":\"\",\"linkc_name\":\"\",\"linkd_name\":\"\",\"linke_name\":\"\",\"show_email_form\":\"\",\"show_email_copy\":\"\",\"banned_email\":\"\",\"banned_subject\":\"\",\"banned_text\":\"\",\"validate_session\":\"\",\"custom_reply\":\"\",\"redirect\":\"\",\"show_feed_link\":\"1\",\"feed_summary\":\"\",\"menu-anchor_title\":\"\",\"menu-anchor_css\":\"\",\"menu_image\":\"\",\"show_page_heading\":0,\"page_title\":\"\",\"page_heading\":\"\",\"pageclass_sfx\":\"\",\"menu-meta_description\":\"\",\"menu-meta_keywords\":\"\",\"robots\":\"\",\"secure\":0}',75,76,0,'*',0),(276,'aboutjoomla','Search Component','search-component','','using-joomla/extensions/components/search-component','index.php?option=com_content&view=article&id=39','component',1,268,4,22,0,0,'0000-00-00 00:00:00',0,1,'',0,'{\"show_noauth\":\"\",\"show_title\":\"\",\"link_titles\":\"\",\"show_intro\":\"\",\"show_category\":\"\",\"link_category\":\"\",\"show_parent_category\":\"\",\"link_parent_category\":\"\",\"show_author\":\"\",\"link_author\":\"\",\"show_create_date\":\"\",\"show_modify_date\":\"\",\"show_publish_date\":\"\",\"show_item_navigation\":\"\",\"show_icons\":\"\",\"show_print_icon\":\"\",\"show_email_icon\":\"\",\"show_hits\":\"\",\"robots\":\"\",\"rights\":\"\",\"menu-anchor_title\":\"\",\"menu-anchor_css\":\"\",\"menu_image\":\"\",\"show_page_heading\":0,\"page_title\":\"\",\"page_heading\":\"\",\"pageclass_sfx\":\"\",\"menu-meta_description\":\"\",\"menu-meta_keywords\":\"\",\"secure\":0}',112,115,0,'*',0),(277,'aboutjoomla','Using Extensions','extensions','','using-joomla/extensions','index.php?option=com_content&view=categories&id=20','component',1,280,2,22,0,0,'0000-00-00 00:00:00',0,1,'',0,'{\"show_base_description\":\"1\",\"categories_description\":\"\",\"maxLevelcat\":\"1\",\"show_empty_categories_cat\":\"1\",\"show_subcat_desc_cat\":\"1\",\"show_cat_num_articles_cat\":\"0\",\"drill_down_layout\":\"0\",\"show_category_title\":\"\",\"show_description\":\"1\",\"show_description_image\":\"1\",\"maxLevel\":\"1\",\"show_empty_categories\":\"1\",\"show_subcat_desc\":\"\",\"show_cat_num_articles\":\"\",\"num_leading_articles\":\"1\",\"num_intro_articles\":\"4\",\"num_columns\":\"2\",\"num_links\":\"4\",\"multi_column_order\":\"\",\"orderby_pri\":\"\",\"orderby_sec\":\"\",\"order_date\":\"\",\"show_pagination\":\"\",\"show_pagination_results\":\"\",\"show_pagination_limit\":\"\",\"filter_field\":\"\",\"show_headings\":\"\",\"list_show_date\":\"\",\"date_format\":\"\",\"list_show_hits\":\"\",\"list_show_author\":\"\",\"show_title\":\"\",\"link_titles\":\"\",\"show_intro\":\"\",\"show_category\":\"\",\"link_category\":\"\",\"show_parent_category\":\"\",\"link_parent_category\":\"\",\"show_author\":\"\",\"link_author\":\"\",\"show_create_date\":\"\",\"show_modify_date\":\"\",\"show_publish_date\":\"\",\"show_item_navigation\":\"\",\"show_readmore\":\"\",\"show_icons\":\"\",\"show_print_icon\":\"\",\"show_email_icon\":\"\",\"show_hits\":\"\",\"show_noauth\":\"\",\"show_feed_link\":\"\",\"feed_summary\":\"\",\"menu-anchor_title\":\"\",\"menu-anchor_css\":\"\",\"menu_image\":\"\",\"page_title\":\"\",\"show_page_heading\":0,\"page_heading\":\"\",\"pageclass_sfx\":\"\",\"menu-meta_description\":\"\",\"menu-meta_keywords\":\"\",\"robots\":\"\",\"secure\":0}',54,215,0,'*',0),(278,'aboutjoomla','The Joomla! Project','the-joomla-project','','the-joomla-project','index.php?option=com_content&view=article&id=48','component',1,1,1,22,0,0,'0000-00-00 00:00:00',0,1,'',0,'{\"show_noauth\":\"\",\"show_title\":\"1\",\"link_titles\":\"\",\"show_intro\":\"\",\"show_category\":\"0\",\"link_category\":\"\",\"show_parent_category\":\"0\",\"link_parent_category\":\"\",\"show_author\":\"0\",\"link_author\":\"\",\"show_create_date\":\"0\",\"show_modify_date\":\"0\",\"show_publish_date\":\"0\",\"show_item_navigation\":\"0\",\"show_icons\":\"1\",\"show_print_icon\":\"\",\"show_email_icon\":\"\",\"show_hits\":\"0\",\"robots\":\"\",\"rights\":\"\",\"menu-anchor_title\":\"\",\"menu-anchor_css\":\"\",\"menu_image\":\"\",\"show_page_heading\":0,\"page_title\":\"\",\"page_heading\":\"\",\"pageclass_sfx\":\"\",\"menu-meta_description\":\"\",\"menu-meta_keywords\":\"\",\"secure\":0}',223,224,0,'*',0),(279,'aboutjoomla','The Joomla! Community','the-joomla-community','','the-joomla-community','index.php?option=com_content&view=article&id=47','component',1,1,1,22,0,0,'0000-00-00 00:00:00',0,1,'',0,'{\"show_noauth\":\"\",\"show_title\":\"\",\"link_titles\":\"0\",\"show_intro\":\"\",\"show_category\":\"0\",\"link_category\":\"\",\"show_parent_category\":\"0\",\"link_parent_category\":\"\",\"show_author\":\"0\",\"link_author\":\"\",\"show_create_date\":\"0\",\"show_modify_date\":\"0\",\"show_publish_date\":\"0\",\"show_item_navigation\":\"\",\"show_icons\":\"\",\"show_print_icon\":\"\",\"show_email_icon\":\"\",\"show_hits\":\"0\",\"robots\":\"\",\"rights\":\"\",\"menu-anchor_title\":\"\",\"menu-anchor_css\":\"\",\"menu_image\":\"\",\"show_page_heading\":0,\"page_title\":\"\",\"page_heading\":\"\",\"pageclass_sfx\":\"\",\"menu-meta_description\":\"\",\"menu-meta_keywords\":\"\",\"secure\":0}',225,226,0,'*',0),(280,'aboutjoomla','Using Joomla!','using-joomla','','using-joomla','index.php?option=com_content&view=article&id=53','component',1,1,1,22,0,0,'0000-00-00 00:00:00',0,1,'',0,'{\"show_title\":\"1\",\"link_titles\":\"0\",\"show_intro\":\"1\",\"show_category\":\"0\",\"link_category\":\"\",\"show_parent_category\":\"0\",\"link_parent_category\":\"\",\"show_author\":\"0\",\"link_author\":\"\",\"show_create_date\":\"0\",\"show_modify_date\":\"0\",\"show_publish_date\":\"0\",\"show_item_navigation\":\"0\",\"show_icons\":\"\",\"show_print_icon\":\"\",\"show_email_icon\":\"\",\"show_hits\":\"0\",\"show_noauth\":\"0\",\"menu-anchor_title\":\"\",\"menu-anchor_css\":\"\",\"menu_image\":\"\",\"page_title\":\"\",\"show_page_heading\":0,\"page_heading\":\"\",\"pageclass_sfx\":\"\",\"menu-meta_description\":\"\",\"menu-meta_keywords\":\"\",\"robots\":\"\",\"secure\":0}',53,220,0,'*',0),(281,'aboutjoomla','Modules','modules','','using-joomla/extensions/modules','index.php?option=com_content&view=category&id=22','component',1,277,3,22,0,0,'0000-00-00 00:00:00',0,1,'',0,'{\"show_category_title\":\"\",\"show_description\":\"1\",\"show_description_image\":\"1\",\"maxLevel\":\"1\",\"show_empty_categories\":\"1\",\"show_no_articles\":\"0\",\"show_subcat_desc\":\"1\",\"show_cat_num_articles\":\"\",\"page_subheading\":\"\",\"show_pagination_limit\":\"\",\"filter_field\":\"\",\"show_headings\":\"\",\"list_show_date\":\"\",\"date_format\":\"\",\"list_show_hits\":\"\",\"list_show_author\":\"\",\"show_pagination\":\"\",\"show_pagination_results\":\"\",\"show_title\":\"1\",\"link_titles\":\"\",\"show_intro\":\"\",\"show_category\":\"0\",\"link_category\":\"0\",\"show_parent_category\":\"0\",\"link_parent_category\":\"\",\"show_author\":\"0\",\"link_author\":\"0\",\"show_create_date\":\"0\",\"show_modify_date\":\"0\",\"show_publish_date\":\"0\",\"show_item_navigation\":\"0\",\"show_vote\":\"\",\"show_readmore\":\"0\",\"show_icons\":\"0\",\"show_print_icon\":\"0\",\"show_email_icon\":\"0\",\"show_hits\":\"0\",\"show_noauth\":\"\",\"show_feed_link\":\"\",\"feed_summary\":\"\",\"menu-anchor_title\":\"\",\"menu-anchor_css\":\"\",\"menu_image\":\"\",\"menu_text\":1,\"page_title\":\"\",\"show_page_heading\":0,\"page_heading\":\"\",\"pageclass_sfx\":\"\",\"menu-meta_description\":\"\",\"menu-meta_keywords\":\"\",\"robots\":\"\",\"secure\":0}',119,176,0,'*',0),(282,'aboutjoomla','Templates','templates','','using-joomla/extensions/templates','index.php?option=com_content&view=category&id=23','component',1,277,3,22,0,0,'0000-00-00 00:00:00',0,1,'',0,'{\"show_category_title\":\"\",\"show_description\":\"1\",\"show_description_image\":\"\",\"maxLevel\":\"2\",\"show_empty_categories\":\"1\",\"show_no_articles\":\"0\",\"show_subcat_desc\":\"1\",\"show_cat_num_articles\":\"\",\"page_subheading\":\"\",\"show_pagination_limit\":\"0\",\"filter_field\":\"hide\",\"show_headings\":\"0\",\"list_show_date\":\"0\",\"date_format\":\"\",\"list_show_hits\":\"0\",\"list_show_author\":\"0\",\"show_pagination\":\"0\",\"show_pagination_results\":\"\",\"show_title\":\"1\",\"link_titles\":\"1\",\"show_intro\":\"\",\"show_category\":\"\",\"link_category\":\"\",\"show_parent_category\":\"\",\"link_parent_category\":\"\",\"show_author\":\"\",\"link_author\":\"\",\"show_create_date\":\"\",\"show_modify_date\":\"\",\"show_publish_date\":\"\",\"show_item_navigation\":\"\",\"show_vote\":\"\",\"show_readmore\":\"\",\"show_icons\":\"\",\"show_print_icon\":\"\",\"show_email_icon\":\"\",\"show_hits\":\"\",\"show_noauth\":\"\",\"show_feed_link\":\"\",\"feed_summary\":\"\",\"menu-anchor_title\":\"\",\"menu-anchor_css\":\"\",\"menu_image\":\"\",\"menu_text\":1,\"page_title\":\"Templates\",\"show_page_heading\":0,\"page_heading\":\"\",\"pageclass_sfx\":\"\",\"menu-meta_description\":\"\",\"menu-meta_keywords\":\"\",\"robots\":\"\",\"secure\":0}',177,196,0,'*',0),(283,'aboutjoomla','Languages','languages','','using-joomla/extensions/languages','index.php?option=com_content&view=category&layout=blog&id=24','component',1,277,3,22,0,0,'0000-00-00 00:00:00',0,1,'',0,'{\"maxLevel\":\"\",\"show_empty_categories\":\"\",\"show_description\":\"1\",\"show_description_image\":\"1\",\"show_category_title\":\"1\",\"show_cat_num_articles\":\"\",\"num_leading_articles\":\"1\",\"num_intro_articles\":\"4\",\"num_columns\":\"2\",\"num_links\":\"4\",\"multi_column_order\":\"\",\"orderby_pri\":\"\",\"orderby_sec\":\"\",\"order_date\":\"\",\"show_pagination\":\"\",\"show_noauth\":\"\",\"show_title\":\"\",\"link_titles\":\"\",\"show_intro\":\"\",\"show_category\":\"\",\"link_category\":\"\",\"show_parent_category\":\"\",\"link_parent_category\":\"\",\"show_author\":\"\",\"link_author\":\"\",\"show_create_date\":\"\",\"show_modify_date\":\"\",\"show_publish_date\":\"\",\"show_item_navigation\":\"\",\"show_readmore\":\"\",\"show_icons\":\"\",\"show_print_icon\":\"\",\"show_email_icon\":\"\",\"show_hits\":\"\",\"show_feed_link\":\"\",\"feed_summary\":\"\",\"menu-anchor_title\":\"\",\"menu-anchor_css\":\"\",\"menu_image\":\"\",\"show_page_heading\":0,\"page_title\":\"\",\"page_heading\":\"\",\"pageclass_sfx\":\"\",\"menu-meta_description\":\"\",\"menu-meta_keywords\":\"\",\"robots\":\"\",\"secure\":0}',197,198,0,'*',0),(284,'aboutjoomla','Plugins','plugins','','using-joomla/extensions/plugins','index.php?option=com_content&view=category&layout=blog&id=25','component',1,277,3,22,0,0,'0000-00-00 00:00:00',0,1,'',0,'{\"maxLevel\":\"\",\"show_empty_categories\":\"\",\"show_description\":\"1\",\"show_description_image\":\"\",\"show_category_title\":\"1\",\"show_cat_num_articles\":\"\",\"num_leading_articles\":\"0\",\"num_intro_articles\":\"7\",\"num_columns\":\"1\",\"num_links\":\"0\",\"multi_column_order\":\"\",\"orderby_pri\":\"\",\"orderby_sec\":\"order\",\"order_date\":\"\",\"show_pagination\":\"\",\"show_noauth\":\"\",\"show_title\":\"\",\"link_titles\":\"\",\"show_intro\":\"\",\"show_category\":\"0\",\"link_category\":\"0\",\"show_parent_category\":\"0\",\"link_parent_category\":\"0\",\"show_author\":\"0\",\"link_author\":\"\",\"show_create_date\":\"0\",\"show_modify_date\":\"0\",\"show_publish_date\":\"0\",\"show_item_navigation\":\"\",\"show_readmore\":\"\",\"show_icons\":\"0\",\"show_print_icon\":\"0\",\"show_email_icon\":\"0\",\"show_hits\":\"0\",\"show_feed_link\":\"\",\"feed_summary\":\"\",\"menu-anchor_title\":\"\",\"menu-anchor_css\":\"\",\"menu_image\":\"\",\"show_page_heading\":0,\"page_title\":\"\",\"page_heading\":\"\",\"pageclass_sfx\":\"\",\"menu-meta_description\":\"\",\"menu-meta_keywords\":\"\",\"robots\":\"\",\"secure\":0}',199,214,0,'*',0),(285,'aboutjoomla','Typography Atomic','typography-atomic','','using-joomla/extensions/templates/atomic/typography-atomic','index.php?option=com_content&view=article&id=49','component',1,422,5,22,0,0,'0000-00-00 00:00:00',0,1,'',3,'{\"show_noauth\":\"\",\"show_title\":\"\",\"link_titles\":\"\",\"show_intro\":\"\",\"show_category\":\"\",\"link_category\":\"\",\"show_parent_category\":\"\",\"link_parent_category\":\"\",\"show_author\":\"\",\"link_author\":\"\",\"show_create_date\":\"\",\"show_modify_date\":\"\",\"show_publish_date\":\"\",\"show_item_navigation\":\"\",\"show_icons\":\"\",\"show_print_icon\":\"\",\"show_email_icon\":\"\",\"show_hits\":\"\",\"robots\":\"\",\"rights\":\"\",\"menu-anchor_title\":\"\",\"menu-anchor_css\":\"\",\"menu_image\":\"\",\"show_page_heading\":0,\"page_title\":\"\",\"page_heading\":\"\",\"pageclass_sfx\":\"\",\"menu-meta_description\":\"\",\"menu-meta_keywords\":\"\",\"secure\":0}',191,192,0,'*',0),(290,'mainmenu','Articles','articles','','site-map/articles','index.php?option=com_content&view=categories&id=0','component',0,294,2,22,0,0,'0000-00-00 00:00:00',0,1,'',0,'{\"categories_description\":\"\",\"maxLevel\":\"-1\",\"show_empty_categories\":\"\",\"show_description\":\"\",\"show_description_image\":\"\",\"show_cat_num_articles\":\"\",\"display_num\":\"\",\"category_layout\":\"\",\"show_headings\":\"\",\"show_date\":\"\",\"date_format\":\"\",\"filter_field\":\"\",\"num_leading_articles\":\"1\",\"num_intro_articles\":\"4\",\"num_columns\":\"2\",\"num_links\":\"4\",\"multi_column_order\":\"\",\"orderby_pri\":\"\",\"orderby_sec\":\"\",\"order_date\":\"\",\"show_pagination\":\"\",\"show_noauth\":\"\",\"show_title\":\"\",\"link_titles\":\"\",\"show_intro\":\"\",\"show_category\":\"\",\"link_category\":\"\",\"show_parent_category\":\"\",\"link_parent_category\":\"\",\"show_author\":\"\",\"link_author\":\"\",\"show_create_date\":\"\",\"show_modify_date\":\"\",\"show_publish_date\":\"\",\"show_item_navigation\":\"\",\"show_readmore\":\"\",\"show_icons\":\"\",\"show_print_icon\":\"\",\"show_email_icon\":\"\",\"show_hits\":\"\",\"article-allow_ratings\":\"\",\"article-allow_comments\":\"\",\"show_feed_link\":\"\",\"feed_summary\":\"\",\"menu-anchor_title\":\"\",\"menu-anchor_css\":\"\",\"menu_image\":\"\",\"show_page_heading\":0,\"page_title\":\"\",\"page_heading\":\"\",\"pageclass_sfx\":\"\",\"menu-meta_description\":\"\",\"menu-meta_keywords\":\"\",\"robots\":\"\",\"secure\":0}',4,5,0,'*',0),(294,'mainmenu','Site Map','site-map','','site-map','index.php?option=com_content&view=article&id=42','component',0,1,1,22,0,0,'0000-00-00 00:00:00',0,1,'',0,'{\"show_noauth\":\"\",\"show_title\":\"\",\"link_titles\":\"\",\"show_intro\":\"\",\"show_category\":\"0\",\"link_category\":\"\",\"show_parent_category\":\"0\",\"link_parent_category\":\"\",\"show_author\":\"0\",\"link_author\":\"\",\"show_create_date\":\"0\",\"show_modify_date\":\"0\",\"show_publish_date\":\"0\",\"show_item_navigation\":\"0\",\"show_icons\":\"\",\"show_print_icon\":\"\",\"show_email_icon\":\"\",\"show_hits\":\"0\",\"robots\":\"\",\"rights\":\"\",\"menu-anchor_title\":\"\",\"menu-anchor_css\":\"\",\"menu_image\":\"\",\"show_page_heading\":0,\"page_title\":\"\",\"page_heading\":\"\",\"pageclass_sfx\":\"\",\"menu-meta_description\":\"\",\"menu-meta_keywords\":\"\",\"secure\":0}',3,10,0,'*',0),(296,'parks','Park Links','park-links','','park-links','index.php?option=com_weblinks&view=category&id=31','component',1,1,1,21,0,0,'0000-00-00 00:00:00',0,1,'',114,'{\"maxLevel\":\"-1\",\"show_empty_categories\":\"\",\"show_description\":\"1\",\"show_description_image\":\"1\",\"show_cat_num_articles\":\"\",\"display_num\":\"\",\"show_headings\":\"0\",\"orderby_pri\":\"\",\"show_pagination\":\"\",\"show_noauth\":\"\",\"show_feed_link\":\"1\",\"feed_summary\":\"\",\"menu-anchor_title\":\"\",\"menu-anchor_css\":\"\",\"menu_image\":\"\",\"show_page_heading\":0,\"page_title\":\"\",\"page_heading\":\"\",\"pageclass_sfx\":\"\",\"menu-meta_description\":\"\",\"menu-meta_keywords\":\"\",\"robots\":\"\",\"secure\":0}',245,246,0,'en-GB',0),(300,'aboutjoomla','Latest Users','latest-users','','using-joomla/extensions/modules/user-modules/latest-users','index.php?option=com_content&view=article&id=66','component',1,412,5,22,0,0,'0000-00-00 00:00:00',0,1,'',0,'{\"show_noauth\":\"\",\"show_title\":\"\",\"link_titles\":\"\",\"show_intro\":\"\",\"show_category\":\"\",\"link_category\":\"\",\"show_parent_category\":\"\",\"link_parent_category\":\"\",\"show_author\":\"\",\"link_author\":\"\",\"show_create_date\":\"\",\"show_modify_date\":\"\",\"show_publish_date\":\"\",\"show_item_navigation\":\"\",\"show_icons\":\"\",\"show_print_icon\":\"\",\"show_email_icon\":\"\",\"show_hits\":\"\",\"robots\":\"\",\"rights\":\"\",\"menu-anchor_title\":\"\",\"menu-anchor_css\":\"\",\"menu_image\":\"\",\"show_page_heading\":0,\"page_title\":\"\",\"page_heading\":\"\",\"pageclass_sfx\":\"\",\"menu-meta_description\":\"\",\"menu-meta_keywords\":\"\",\"secure\":0}',143,144,0,'*',0),(301,'aboutjoomla','Who\'s Online','whos-online','','using-joomla/extensions/modules/user-modules/whos-online','index.php?option=com_content&view=article&id=56','component',1,412,5,22,0,0,'0000-00-00 00:00:00',0,1,'',0,'{\"show_noauth\":\"\",\"show_title\":\"\",\"link_titles\":\"\",\"show_intro\":\"\",\"show_category\":\"\",\"link_category\":\"\",\"show_parent_category\":\"\",\"link_parent_category\":\"\",\"show_author\":\"\",\"link_author\":\"\",\"show_create_date\":\"\",\"show_modify_date\":\"\",\"show_publish_date\":\"\",\"show_item_navigation\":\"\",\"show_icons\":\"\",\"show_print_icon\":\"\",\"show_email_icon\":\"\",\"show_hits\":\"\",\"robots\":\"\",\"rights\":\"\",\"menu-anchor_title\":\"\",\"menu-anchor_css\":\"\",\"menu_image\":\"\",\"show_page_heading\":0,\"page_title\":\"\",\"page_heading\":\"\",\"pageclass_sfx\":\"\",\"menu-meta_description\":\"\",\"menu-meta_keywords\":\"\",\"secure\":0}',145,146,0,'*',0),(302,'aboutjoomla','Most Read','most-read','','using-joomla/extensions/modules/content-modules/most-read','index.php?option=com_content&view=article&id=30','component',1,411,5,22,0,0,'0000-00-00 00:00:00',0,1,'',0,'{\"show_noauth\":\"\",\"show_title\":\"\",\"link_titles\":\"\",\"show_intro\":\"\",\"show_category\":\"\",\"link_category\":\"\",\"show_parent_category\":\"\",\"link_parent_category\":\"\",\"show_author\":\"\",\"link_author\":\"\",\"show_create_date\":\"\",\"show_modify_date\":\"\",\"show_publish_date\":\"\",\"show_item_navigation\":\"\",\"show_icons\":\"\",\"show_print_icon\":\"\",\"show_email_icon\":\"\",\"show_hits\":\"\",\"robots\":\"\",\"rights\":\"\",\"menu-anchor_title\":\"\",\"menu-anchor_css\":\"\",\"menu_image\":\"\",\"show_page_heading\":0,\"page_title\":\"\",\"page_heading\":\"\",\"pageclass_sfx\":\"\",\"menu-meta_description\":\"\",\"menu-meta_keywords\":\"\",\"secure\":0}',127,128,0,'*',0),(303,'aboutjoomla','Menu','menu','','using-joomla/extensions/modules/navigation-modules/menu','index.php?option=com_content&view=article&id=29','component',1,415,5,22,0,0,'0000-00-00 00:00:00',0,1,'',0,'{\"show_noauth\":\"\",\"show_title\":\"\",\"link_titles\":\"\",\"show_intro\":\"\",\"show_category\":\"\",\"link_category\":\"\",\"show_parent_category\":\"\",\"link_parent_category\":\"\",\"show_author\":\"\",\"link_author\":\"\",\"show_create_date\":\"\",\"show_modify_date\":\"\",\"show_publish_date\":\"\",\"show_item_navigation\":\"\",\"show_icons\":\"\",\"show_print_icon\":\"\",\"show_email_icon\":\"\",\"show_hits\":\"\",\"robots\":\"\",\"rights\":\"\",\"menu-anchor_title\":\"\",\"menu-anchor_css\":\"\",\"menu_image\":\"\",\"show_page_heading\":0,\"page_title\":\"\",\"page_heading\":\"\",\"pageclass_sfx\":\"\",\"menu-meta_description\":\"\",\"menu-meta_keywords\":\"\",\"secure\":0}',121,122,0,'*',0),(304,'aboutjoomla','Statistics','statistics','','using-joomla/extensions/modules/utility-modules/statistics','index.php?option=com_content&view=article&id=44','component',1,414,5,22,0,0,'0000-00-00 00:00:00',0,1,'',0,'{\"show_noauth\":\"\",\"show_title\":\"\",\"link_titles\":\"\",\"show_intro\":\"\",\"show_category\":\"\",\"link_category\":\"\",\"show_parent_category\":\"\",\"link_parent_category\":\"\",\"show_author\":\"\",\"link_author\":\"\",\"show_create_date\":\"\",\"show_modify_date\":\"\",\"show_publish_date\":\"\",\"show_item_navigation\":\"\",\"show_icons\":\"\",\"show_print_icon\":\"\",\"show_email_icon\":\"\",\"show_hits\":\"\",\"robots\":\"\",\"rights\":\"\",\"menu-anchor_title\":\"\",\"menu-anchor_css\":\"\",\"menu_image\":\"\",\"show_page_heading\":0,\"page_title\":\"\",\"page_heading\":\"\",\"pageclass_sfx\":\"\",\"menu-meta_description\":\"\",\"menu-meta_keywords\":\"\",\"secure\":0}',167,168,0,'*',0),(305,'aboutjoomla','Banner','banner','','using-joomla/extensions/modules/display-modules/banner','index.php?option=com_content&view=article&id=7','component',1,413,5,22,0,0,'0000-00-00 00:00:00',0,1,'',0,'{\"show_noauth\":\"\",\"show_title\":\"\",\"link_titles\":\"\",\"show_intro\":\"\",\"show_category\":\"\",\"link_category\":\"\",\"show_parent_category\":\"\",\"link_parent_category\":\"\",\"show_author\":\"\",\"link_author\":\"\",\"show_create_date\":\"\",\"show_modify_date\":\"\",\"show_publish_date\":\"\",\"show_item_navigation\":\"\",\"show_icons\":\"\",\"show_print_icon\":\"\",\"show_email_icon\":\"\",\"show_hits\":\"\",\"robots\":\"\",\"rights\":\"\",\"menu-anchor_title\":\"\",\"menu-anchor_css\":\"\",\"menu_image\":\"\",\"show_page_heading\":0,\"page_title\":\"\",\"page_heading\":\"\",\"pageclass_sfx\":\"\",\"menu-meta_description\":\"\",\"menu-meta_keywords\":\"\",\"secure\":0}',153,154,0,'*',0),(306,'aboutjoomla','Search','search','','using-joomla/extensions/modules/utility-modules/search','index.php?option=com_content&view=article&id=40','component',1,414,5,22,0,0,'0000-00-00 00:00:00',0,1,'',0,'{\"show_noauth\":\"\",\"show_title\":\"\",\"link_titles\":\"\",\"show_intro\":\"\",\"show_category\":\"\",\"link_category\":\"\",\"show_parent_category\":\"\",\"link_parent_category\":\"\",\"show_author\":\"\",\"link_author\":\"\",\"show_create_date\":\"\",\"show_modify_date\":\"\",\"show_publish_date\":\"\",\"show_item_navigation\":\"\",\"show_icons\":\"\",\"show_print_icon\":\"\",\"show_email_icon\":\"\",\"show_hits\":\"\",\"robots\":\"\",\"rights\":\"\",\"menu-anchor_title\":\"\",\"menu-anchor_css\":\"\",\"menu_image\":\"\",\"show_page_heading\":0,\"page_title\":\"\",\"page_heading\":\"\",\"pageclass_sfx\":\"\",\"menu-meta_description\":\"\",\"menu-meta_keywords\":\"\",\"secure\":0}',169,170,0,'*',0),(307,'aboutjoomla','Random Image','random-image','','using-joomla/extensions/modules/display-modules/random-image','index.php?option=com_content&view=article&id=36','component',1,413,5,22,0,0,'0000-00-00 00:00:00',0,1,'',0,'{\"show_noauth\":\"\",\"show_title\":\"\",\"link_titles\":\"\",\"show_intro\":\"\",\"show_category\":\"\",\"link_category\":\"\",\"show_parent_category\":\"\",\"link_parent_category\":\"\",\"show_author\":\"\",\"link_author\":\"\",\"show_create_date\":\"\",\"show_modify_date\":\"\",\"show_publish_date\":\"\",\"show_item_navigation\":\"\",\"show_icons\":\"\",\"show_print_icon\":\"\",\"show_email_icon\":\"\",\"show_hits\":\"\",\"robots\":\"\",\"rights\":\"\",\"menu-anchor_title\":\"\",\"menu-anchor_css\":\"\",\"menu_image\":\"\",\"show_page_heading\":0,\"page_title\":\"\",\"page_heading\":\"\",\"pageclass_sfx\":\"\",\"menu-meta_description\":\"\",\"menu-meta_keywords\":\"\",\"secure\":0}',151,152,0,'*',0),(309,'aboutjoomla','News Flash','news-flash','','using-joomla/extensions/modules/content-modules/news-flash','index.php?option=com_content&view=article&id=31','component',1,411,5,22,0,0,'0000-00-00 00:00:00',0,1,'',0,'{\"show_noauth\":\"\",\"show_title\":\"\",\"link_titles\":\"\",\"show_intro\":\"\",\"show_category\":\"\",\"link_category\":\"\",\"show_parent_category\":\"\",\"link_parent_category\":\"\",\"show_author\":\"\",\"link_author\":\"\",\"show_create_date\":\"\",\"show_modify_date\":\"\",\"show_publish_date\":\"\",\"show_item_navigation\":\"\",\"show_icons\":\"\",\"show_print_icon\":\"\",\"show_email_icon\":\"\",\"show_hits\":\"\",\"robots\":\"\",\"rights\":\"\",\"menu-anchor_title\":\"\",\"menu-anchor_css\":\"\",\"menu_image\":\"\",\"show_page_heading\":0,\"page_title\":\"\",\"page_heading\":\"\",\"pageclass_sfx\":\"\",\"menu-meta_description\":\"\",\"menu-meta_keywords\":\"\",\"secure\":0}',129,130,0,'*',0),(310,'aboutjoomla','Latest Articles','latest-articles','','using-joomla/extensions/modules/content-modules/latest-articles','index.php?option=com_content&view=article&id=27','component',1,411,5,22,0,0,'0000-00-00 00:00:00',0,1,'',0,'{\"show_noauth\":\"\",\"show_title\":\"\",\"link_titles\":\"\",\"show_intro\":\"\",\"show_category\":\"\",\"link_category\":\"\",\"show_parent_category\":\"\",\"link_parent_category\":\"\",\"show_author\":\"\",\"link_author\":\"\",\"show_create_date\":\"\",\"show_modify_date\":\"\",\"show_publish_date\":\"\",\"show_item_navigation\":\"\",\"show_icons\":\"\",\"show_print_icon\":\"\",\"show_email_icon\":\"\",\"show_hits\":\"\",\"robots\":\"\",\"rights\":\"\",\"menu-anchor_title\":\"\",\"menu-anchor_css\":\"\",\"menu_image\":\"\",\"show_page_heading\":0,\"page_title\":\"\",\"page_heading\":\"\",\"pageclass_sfx\":\"\",\"menu-meta_description\":\"\",\"menu-meta_keywords\":\"\",\"secure\":0}',131,132,0,'*',0),(311,'aboutjoomla','Syndicate','syndicate','','using-joomla/extensions/modules/utility-modules/syndicate','index.php?option=com_content&view=article&id=45','component',1,414,5,22,0,0,'0000-00-00 00:00:00',0,1,'',0,'{\"show_noauth\":\"\",\"show_title\":\"\",\"link_titles\":\"\",\"show_intro\":\"\",\"show_category\":\"\",\"link_category\":\"\",\"show_parent_category\":\"\",\"link_parent_category\":\"\",\"show_author\":\"\",\"link_author\":\"\",\"show_create_date\":\"\",\"show_modify_date\":\"\",\"show_publish_date\":\"\",\"show_item_navigation\":\"\",\"show_icons\":\"\",\"show_print_icon\":\"\",\"show_email_icon\":\"\",\"show_hits\":\"\",\"robots\":\"\",\"rights\":\"\",\"menu-anchor_title\":\"\",\"menu-anchor_css\":\"\",\"menu_image\":\"\",\"show_page_heading\":0,\"page_title\":\"\",\"page_heading\":\"\",\"pageclass_sfx\":\"\",\"menu-meta_description\":\"\",\"menu-meta_keywords\":\"\",\"secure\":0}',165,166,0,'*',0),(312,'aboutjoomla','Login','login','','using-joomla/extensions/modules/user-modules/login','index.php?option=com_content&view=article&id=28','component',1,412,5,22,0,0,'0000-00-00 00:00:00',0,1,'',0,'{\"show_noauth\":\"\",\"show_title\":\"\",\"link_titles\":\"\",\"show_intro\":\"\",\"show_category\":\"\",\"link_category\":\"\",\"show_parent_category\":\"\",\"link_parent_category\":\"\",\"show_author\":\"\",\"link_author\":\"\",\"show_create_date\":\"\",\"show_modify_date\":\"\",\"show_publish_date\":\"\",\"show_item_navigation\":\"\",\"show_icons\":\"\",\"show_print_icon\":\"\",\"show_email_icon\":\"\",\"show_hits\":\"\",\"robots\":\"\",\"rights\":\"\",\"menu-anchor_title\":\"\",\"menu-anchor_css\":\"\",\"menu_image\":\"\",\"show_page_heading\":0,\"page_title\":\"\",\"page_heading\":\"\",\"pageclass_sfx\":\"\",\"menu-meta_description\":\"\",\"menu-meta_keywords\":\"\",\"secure\":0}',147,148,0,'*',0),(313,'aboutjoomla','Wrapper','wrapper','','using-joomla/extensions/modules/utility-modules/wrapper','index.php?option=com_content&view=article&id=59','component',1,414,5,22,0,0,'0000-00-00 00:00:00',0,1,'',0,'{\"show_noauth\":\"\",\"show_title\":\"\",\"link_titles\":\"\",\"show_intro\":\"\",\"show_category\":\"\",\"link_category\":\"\",\"show_parent_category\":\"\",\"link_parent_category\":\"\",\"show_author\":\"\",\"link_author\":\"\",\"show_create_date\":\"\",\"show_modify_date\":\"\",\"show_publish_date\":\"\",\"show_item_navigation\":\"\",\"show_icons\":\"\",\"show_print_icon\":\"\",\"show_email_icon\":\"\",\"show_hits\":\"\",\"robots\":\"\",\"rights\":\"\",\"menu-anchor_title\":\"\",\"menu-anchor_css\":\"\",\"menu_image\":\"\",\"show_page_heading\":0,\"page_title\":\"\",\"page_heading\":\"\",\"pageclass_sfx\":\"\",\"menu-meta_description\":\"\",\"menu-meta_keywords\":\"\",\"secure\":0}',173,174,0,'*',0),(316,'aboutjoomla','Home Page Atomic','home-page-atomic','','using-joomla/extensions/templates/atomic/home-page-atomic','index.php?option=com_content&view=featured','component',1,422,5,22,0,0,'0000-00-00 00:00:00',0,1,'',3,'{\"maxLevel\":\"\",\"show_empty_categories\":\"\",\"show_description\":\"\",\"show_description_image\":\"\",\"show_cat_num_articles\":\"\",\"num_leading_articles\":\"1\",\"num_intro_articles\":\"3\",\"num_columns\":\"3\",\"num_links\":\"0\",\"multi_column_order\":\"1\",\"orderby_pri\":\"\",\"orderby_sec\":\"front\",\"order_date\":\"\",\"show_pagination\":\"2\",\"show_noauth\":\"\",\"show_title\":\"\",\"link_titles\":\"\",\"show_intro\":\"\",\"show_category\":\"\",\"link_category\":\"\",\"show_parent_category\":\"\",\"link_parent_category\":\"\",\"show_author\":\"\",\"link_author\":\"\",\"show_create_date\":\"\",\"show_modify_date\":\"\",\"show_publish_date\":\"\",\"show_item_navigation\":\"\",\"show_readmore\":\"\",\"show_icons\":\"\",\"show_print_icon\":\"\",\"show_email_icon\":\"\",\"show_hits\":\"\",\"show_feed_link\":\"1\",\"feed_summary\":\"\",\"menu-anchor_title\":\"\",\"menu-anchor_css\":\"\",\"menu_image\":\"\",\"show_page_heading\":0,\"page_title\":\"\",\"page_heading\":\"\",\"pageclass_sfx\":\"\",\"menu-meta_description\":\"\",\"menu-meta_keywords\":\"\",\"robots\":\"\",\"secure\":0}',193,194,0,'*',0),(317,'aboutjoomla','System','system','','using-joomla/extensions/plugins/system','index.php?option=com_content&view=article&id=46','component',1,284,4,22,0,0,'0000-00-00 00:00:00',0,1,'',0,'{\"show_noauth\":\"\",\"show_title\":\"\",\"link_titles\":\"\",\"show_intro\":\"\",\"show_category\":\"\",\"link_category\":\"\",\"show_parent_category\":\"\",\"link_parent_category\":\"\",\"show_author\":\"\",\"link_author\":\"\",\"show_create_date\":\"\",\"show_modify_date\":\"\",\"show_publish_date\":\"\",\"show_item_navigation\":\"\",\"show_icons\":\"\",\"show_print_icon\":\"\",\"show_email_icon\":\"\",\"show_hits\":\"\",\"robots\":\"\",\"rights\":\"\",\"menu-anchor_title\":\"\",\"menu-anchor_css\":\"\",\"menu_image\":\"\",\"show_page_heading\":0,\"page_title\":\"\",\"page_heading\":\"\",\"pageclass_sfx\":\"\",\"menu-meta_description\":\"\",\"menu-meta_keywords\":\"\",\"secure\":0}',212,213,0,'*',0),(318,'aboutjoomla','Authentication','authentication','','using-joomla/extensions/plugins/authentication','index.php?option=com_content&view=article&id=5','component',1,284,4,22,0,0,'0000-00-00 00:00:00',0,1,'',0,'{\"show_noauth\":\"\",\"show_title\":\"\",\"link_titles\":\"\",\"show_intro\":\"\",\"show_category\":\"\",\"link_category\":\"\",\"show_parent_category\":\"\",\"link_parent_category\":\"\",\"show_author\":\"\",\"link_author\":\"\",\"show_create_date\":\"\",\"show_modify_date\":\"\",\"show_publish_date\":\"\",\"show_item_navigation\":\"\",\"show_icons\":\"\",\"show_print_icon\":\"\",\"show_email_icon\":\"\",\"show_hits\":\"\",\"robots\":\"\",\"rights\":\"\",\"menu-anchor_title\":\"\",\"menu-anchor_css\":\"\",\"menu_image\":\"\",\"show_page_heading\":0,\"page_title\":\"\",\"page_heading\":\"\",\"pageclass_sfx\":\"\",\"menu-meta_description\":\"\",\"menu-meta_keywords\":\"\",\"secure\":0}',200,201,0,'*',0),(319,'aboutjoomla','Content','content','','using-joomla/extensions/plugins/content','index.php?option=com_content&view=article&id=62','component',1,284,4,22,0,0,'0000-00-00 00:00:00',0,1,'',0,'{\"show_noauth\":\"\",\"show_title\":\"\",\"link_titles\":\"\",\"show_intro\":\"\",\"show_category\":\"\",\"link_category\":\"\",\"show_parent_category\":\"\",\"link_parent_category\":\"\",\"show_author\":\"\",\"link_author\":\"\",\"show_create_date\":\"\",\"show_modify_date\":\"\",\"show_publish_date\":\"\",\"show_item_navigation\":\"\",\"show_icons\":\"\",\"show_print_icon\":\"\",\"show_email_icon\":\"\",\"show_hits\":\"\",\"robots\":\"\",\"rights\":\"\",\"menu-anchor_title\":\"\",\"menu-anchor_css\":\"\",\"menu_image\":\"\",\"show_page_heading\":0,\"page_title\":\"\",\"page_heading\":\"\",\"pageclass_sfx\":\"\",\"menu-meta_description\":\"\",\"menu-meta_keywords\":\"\",\"secure\":0}',202,203,0,'*',0),(320,'aboutjoomla','Editors','editors','','using-joomla/extensions/plugins/editors','index.php?option=com_content&view=article&id=14','component',1,284,4,22,0,0,'0000-00-00 00:00:00',0,1,'',0,'{\"show_noauth\":\"\",\"show_title\":\"\",\"link_titles\":\"\",\"show_intro\":\"\",\"show_category\":\"\",\"link_category\":\"\",\"show_parent_category\":\"\",\"link_parent_category\":\"\",\"show_author\":\"\",\"link_author\":\"\",\"show_create_date\":\"\",\"show_modify_date\":\"\",\"show_publish_date\":\"\",\"show_item_navigation\":\"\",\"show_icons\":\"\",\"show_print_icon\":\"\",\"show_email_icon\":\"\",\"show_hits\":\"\",\"robots\":\"\",\"rights\":\"\",\"menu-anchor_title\":\"\",\"menu-anchor_css\":\"\",\"menu_image\":\"\",\"show_page_heading\":0,\"page_title\":\"\",\"page_heading\":\"\",\"pageclass_sfx\":\"\",\"menu-meta_description\":\"\",\"menu-meta_keywords\":\"\",\"secure\":0}',204,205,0,'*',0),(321,'aboutjoomla','Editors Extended','editors-extended','','using-joomla/extensions/plugins/editors-extended','index.php?option=com_content&view=article&id=15','component',1,284,4,22,0,0,'0000-00-00 00:00:00',0,1,'',0,'{\"show_noauth\":\"\",\"show_title\":\"\",\"link_titles\":\"\",\"show_intro\":\"\",\"show_category\":\"\",\"link_category\":\"\",\"show_parent_category\":\"\",\"link_parent_category\":\"\",\"show_author\":\"\",\"link_author\":\"\",\"show_create_date\":\"\",\"show_modify_date\":\"\",\"show_publish_date\":\"\",\"show_item_navigation\":\"\",\"show_icons\":\"\",\"show_print_icon\":\"\",\"show_email_icon\":\"\",\"show_hits\":\"\",\"robots\":\"\",\"rights\":\"\",\"menu-anchor_title\":\"\",\"menu-anchor_css\":\"\",\"menu_image\":\"\",\"show_page_heading\":0,\"page_title\":\"\",\"page_heading\":\"\",\"pageclass_sfx\":\"\",\"menu-meta_description\":\"\",\"menu-meta_keywords\":\"\",\"secure\":0}',206,207,0,'*',0),(322,'aboutjoomla','Search','search','','using-joomla/extensions/plugins/search','index.php?option=com_content&view=article&id=41','component',1,284,4,22,0,0,'0000-00-00 00:00:00',0,1,'',0,'{\"show_noauth\":\"\",\"show_title\":\"\",\"link_titles\":\"\",\"show_intro\":\"\",\"show_category\":\"\",\"link_category\":\"\",\"show_parent_category\":\"\",\"link_parent_category\":\"\",\"show_author\":\"\",\"link_author\":\"\",\"show_create_date\":\"\",\"show_modify_date\":\"\",\"show_publish_date\":\"\",\"show_item_navigation\":\"\",\"show_icons\":\"\",\"show_print_icon\":\"\",\"show_email_icon\":\"\",\"show_hits\":\"\",\"robots\":\"\",\"rights\":\"\",\"menu-anchor_title\":\"\",\"menu-anchor_css\":\"\",\"menu_image\":\"\",\"show_page_heading\":0,\"page_title\":\"\",\"page_heading\":\"\",\"pageclass_sfx\":\"\",\"menu-meta_description\":\"\",\"menu-meta_keywords\":\"\",\"secure\":0}',208,209,0,'*',0),(323,'aboutjoomla','User','user','','using-joomla/extensions/plugins/user','index.php?option=com_content&view=article&id=51','component',1,284,4,22,0,0,'0000-00-00 00:00:00',0,1,'',0,'{\"show_noauth\":\"\",\"show_title\":\"\",\"link_titles\":\"\",\"show_intro\":\"\",\"show_category\":\"\",\"link_category\":\"\",\"show_parent_category\":\"\",\"link_parent_category\":\"\",\"show_author\":\"\",\"link_author\":\"\",\"show_create_date\":\"\",\"show_modify_date\":\"\",\"show_publish_date\":\"\",\"show_item_navigation\":\"\",\"show_icons\":\"\",\"show_print_icon\":\"\",\"show_email_icon\":\"\",\"show_hits\":\"\",\"robots\":\"\",\"rights\":\"\",\"menu-anchor_title\":\"\",\"menu-anchor_css\":\"\",\"menu_image\":\"\",\"show_page_heading\":0,\"page_title\":\"\",\"page_heading\":\"\",\"pageclass_sfx\":\"\",\"menu-meta_description\":\"\",\"menu-meta_keywords\":\"\",\"secure\":0}',210,211,0,'*',0),(324,'aboutjoomla','Footer','footer','','using-joomla/extensions/modules/display-modules/footer','index.php?option=com_content&view=article&id=19','component',1,413,5,22,0,0,'0000-00-00 00:00:00',0,1,'',0,'{\"show_noauth\":\"\",\"show_title\":\"\",\"link_titles\":\"\",\"show_intro\":\"\",\"show_category\":\"\",\"link_category\":\"\",\"show_parent_category\":\"\",\"link_parent_category\":\"\",\"show_author\":\"\",\"link_author\":\"\",\"show_create_date\":\"\",\"show_modify_date\":\"\",\"show_publish_date\":\"\",\"show_item_navigation\":\"\",\"show_icons\":\"\",\"show_print_icon\":\"\",\"show_email_icon\":\"\",\"show_hits\":\"\",\"robots\":\"\",\"rights\":\"\",\"menu-anchor_title\":\"\",\"menu-anchor_css\":\"\",\"menu_image\":\"\",\"show_page_heading\":0,\"page_title\":\"\",\"page_heading\":\"\",\"pageclass_sfx\":\"\",\"menu-meta_description\":\"\",\"menu-meta_keywords\":\"\",\"secure\":0}',157,158,0,'*',0),(325,'aboutjoomla','Archive','archive','','using-joomla/extensions/modules/content-modules/archive','index.php?option=com_content&view=article&id=2','component',1,411,5,22,0,0,'0000-00-00 00:00:00',0,1,'',0,'{\"show_noauth\":\"\",\"show_title\":\"\",\"link_titles\":\"\",\"show_intro\":\"\",\"show_category\":\"\",\"link_category\":\"\",\"show_parent_category\":\"\",\"link_parent_category\":\"\",\"show_author\":\"\",\"link_author\":\"\",\"show_create_date\":\"\",\"show_modify_date\":\"\",\"show_publish_date\":\"\",\"show_item_navigation\":\"\",\"show_icons\":\"\",\"show_print_icon\":\"\",\"show_email_icon\":\"\",\"show_hits\":\"\",\"robots\":\"\",\"rights\":\"\",\"menu-anchor_title\":\"\",\"menu-anchor_css\":\"\",\"menu_image\":\"\",\"show_page_heading\":0,\"page_title\":\"\",\"page_heading\":\"\",\"pageclass_sfx\":\"\",\"menu-meta_description\":\"\",\"menu-meta_keywords\":\"\",\"secure\":0}',133,134,0,'*',0),(326,'aboutjoomla','Related Items','related-items','','using-joomla/extensions/modules/content-modules/related-items','index.php?option=com_content&view=article&id=37','component',1,411,5,22,0,0,'0000-00-00 00:00:00',0,1,'',0,'{\"show_noauth\":\"\",\"show_title\":\"\",\"link_titles\":\"\",\"show_intro\":\"\",\"show_category\":\"\",\"link_category\":\"\",\"show_parent_category\":\"\",\"link_parent_category\":\"\",\"show_author\":\"\",\"link_author\":\"\",\"show_create_date\":\"\",\"show_modify_date\":\"\",\"show_publish_date\":\"\",\"show_item_navigation\":\"\",\"show_icons\":\"\",\"show_print_icon\":\"\",\"show_email_icon\":\"\",\"show_hits\":\"\",\"robots\":\"\",\"rights\":\"\",\"menu-anchor_title\":\"\",\"menu-anchor_css\":\"\",\"menu_image\":\"\",\"show_page_heading\":0,\"page_title\":\"\",\"page_heading\":\"\",\"pageclass_sfx\":\"\",\"menu-meta_description\":\"\",\"menu-meta_keywords\":\"\",\"secure\":0}',135,136,0,'*',0),(399,'parks','Animals','animals','','image-gallery/animals','index.php?option=com_content&view=category&layout=blog&id=72','component',1,244,2,22,0,0,'0000-00-00 00:00:00',0,1,'',114,'{\"maxLevel\":\"\",\"show_empty_categories\":\"\",\"show_description\":\"1\",\"show_description_image\":\"0\",\"show_category_title\":\"\",\"show_cat_num_articles\":\"\",\"num_leading_articles\":\"0\",\"num_intro_articles\":\"6\",\"num_columns\":\"2\",\"num_links\":\"4\",\"multi_column_order\":\"1\",\"orderby_pri\":\"\",\"orderby_sec\":\"\",\"order_date\":\"\",\"show_pagination\":\"2\",\"show_noauth\":\"\",\"show_title\":\"\",\"link_titles\":\"\",\"show_intro\":\"0\",\"show_category\":\"1\",\"link_category\":\"1\",\"show_parent_category\":\"\",\"link_parent_category\":\"\",\"show_author\":\"0\",\"link_author\":\"\",\"show_create_date\":\"0\",\"show_modify_date\":\"0\",\"show_publish_date\":\"0\",\"show_item_navigation\":\"1\",\"show_readmore\":\"\",\"show_icons\":\"\",\"show_print_icon\":\"\",\"show_email_icon\":\"\",\"show_hits\":\"\",\"show_feed_link\":\"1\",\"feed_summary\":\"\",\"menu-anchor_title\":\"\",\"menu-anchor_css\":\"\",\"menu_image\":\"\",\"show_page_heading\":0,\"page_title\":\"\",\"page_heading\":\"\",\"pageclass_sfx\":\"\",\"menu-meta_description\":\"\",\"menu-meta_keywords\":\"\",\"robots\":\"\",\"secure\":0}',240,241,0,'en-GB',0),(400,'parks','Scenery','scenery','','image-gallery/scenery','index.php?option=com_content&view=category&layout=blog&id=73','component',1,244,2,22,0,0,'0000-00-00 00:00:00',0,1,'',114,'{\"maxLevel\":\"\",\"show_empty_categories\":\"\",\"show_description\":\"0\",\"show_description_image\":\"0\",\"show_category_title\":\"\",\"show_cat_num_articles\":\"\",\"num_leading_articles\":\"0\",\"num_intro_articles\":\"4\",\"num_columns\":\"2\",\"num_links\":\"4\",\"multi_column_order\":\"1\",\"orderby_pri\":\"\",\"orderby_sec\":\"\",\"order_date\":\"\",\"show_pagination\":\"2\",\"show_noauth\":\"\",\"show_title\":\"\",\"link_titles\":\"\",\"show_intro\":\"0\",\"show_category\":\"1\",\"link_category\":\"\",\"show_parent_category\":\"0\",\"link_parent_category\":\"0\",\"show_author\":\"0\",\"link_author\":\"0\",\"show_create_date\":\"0\",\"show_modify_date\":\"0\",\"show_publish_date\":\"0\",\"show_item_navigation\":\"1\",\"show_readmore\":\"1\",\"show_icons\":\"0\",\"show_print_icon\":\"0\",\"show_email_icon\":\"0\",\"show_hits\":\"0\",\"show_feed_link\":\"1\",\"feed_summary\":\"\",\"menu-anchor_title\":\"\",\"menu-anchor_css\":\"\",\"menu_image\":\"\",\"show_page_heading\":0,\"page_title\":\"\",\"page_heading\":\"\",\"pageclass_sfx\":\"\",\"menu-meta_description\":\"\",\"menu-meta_keywords\":\"\",\"robots\":\"\",\"secure\":0}',242,243,0,'en-GB',0),(402,'aboutjoomla','Login Form','login-form','','using-joomla/extensions/components/users-component/login-form','index.php?option=com_users&view=login','component',1,271,5,25,0,0,'0000-00-00 00:00:00',0,1,'',0,'{\"login_redirect_url\":\"\",\"logindescription_show\":\"1\",\"login_description\":\"\",\"login_image\":\"\",\"logout_redirect_url\":\"\",\"logoutdescription_show\":\"1\",\"logout_description\":\"\",\"logout_image\":\"\",\"menu-anchor_title\":\"\",\"menu-anchor_css\":\"\",\"menu_image\":\"\",\"show_page_heading\":0,\"page_title\":\"\",\"page_heading\":\"\",\"pageclass_sfx\":\"\",\"menu-meta_description\":\"\",\"menu-meta_keywords\":\"\",\"robots\":\"\",\"secure\":0}',99,100,0,'*',0),(403,'aboutjoomla','User Profile','user-profile','','using-joomla/extensions/components/users-component/user-profile','index.php?option=com_users&view=profile','component',1,271,5,25,0,0,'0000-00-00 00:00:00',0,1,'',0,'{\"menu-anchor_title\":\"\",\"menu-anchor_css\":\"\",\"menu_image\":\"\",\"show_page_heading\":0,\"page_title\":\"\",\"page_heading\":\"\",\"pageclass_sfx\":\"\",\"menu-meta_description\":\"\",\"menu-meta_keywords\":\"\",\"robots\":\"\",\"secure\":0}',101,102,0,'*',0),(404,'aboutjoomla','Edit User Profile','edit-user-profile','','using-joomla/extensions/components/users-component/edit-user-profile','index.php?option=com_users&view=profile&layout=edit','component',1,271,5,25,0,0,'0000-00-00 00:00:00',0,1,'',0,'{\"menu-anchor_title\":\"\",\"menu-anchor_css\":\"\",\"menu_image\":\"\",\"show_page_heading\":0,\"page_title\":\"\",\"page_heading\":\"\",\"pageclass_sfx\":\"\",\"menu-meta_description\":\"\",\"menu-meta_keywords\":\"\",\"robots\":\"\",\"secure\":0}',103,104,0,'*',0),(405,'aboutjoomla','Registration Form','registration-form','','using-joomla/extensions/components/users-component/registration-form','index.php?option=com_users&view=registration','component',1,271,5,25,0,0,'0000-00-00 00:00:00',0,1,'',0,'{\"menu-anchor_title\":\"\",\"menu-anchor_css\":\"\",\"menu_image\":\"\",\"show_page_heading\":0,\"page_title\":\"\",\"page_heading\":\"\",\"pageclass_sfx\":\"\",\"menu-meta_description\":\"\",\"menu-meta_keywords\":\"\",\"robots\":\"\",\"secure\":0}',105,106,0,'*',0),(406,'aboutjoomla','Username Reminder Request','username-reminder','','using-joomla/extensions/components/users-component/username-reminder','index.php?option=com_users&view=remind','component',1,271,5,25,0,0,'0000-00-00 00:00:00',0,1,'',0,'{\"menu-anchor_title\":\"\",\"menu-anchor_css\":\"\",\"menu_image\":\"\",\"show_page_heading\":0,\"page_title\":\"\",\"page_heading\":\"\",\"pageclass_sfx\":\"\",\"menu-meta_description\":\"\",\"menu-meta_keywords\":\"\",\"robots\":\"\",\"secure\":0}',107,108,0,'*',0),(409,'aboutjoomla','Password Reset','password-reset','','using-joomla/extensions/components/users-component/password-reset','index.php?option=com_users&view=reset','component',1,271,5,25,0,0,'0000-00-00 00:00:00',0,1,'',0,'{\"menu-anchor_title\":\"\",\"menu-anchor_css\":\"\",\"menu_image\":\"\",\"show_page_heading\":0,\"page_title\":\"\",\"page_heading\":\"\",\"pageclass_sfx\":\"\",\"menu-meta_description\":\"\",\"menu-meta_keywords\":\"\",\"robots\":\"\",\"secure\":0}',109,110,0,'*',0),(410,'aboutjoomla','Feed Display','feed-display','','using-joomla/extensions/modules/display-modules/feed-display','index.php?option=com_content&view=article&id=16','component',1,413,5,22,0,0,'0000-00-00 00:00:00',0,1,'',0,'{\"show_noauth\":\"\",\"show_title\":\"\",\"link_titles\":\"\",\"show_intro\":\"\",\"show_category\":\"\",\"link_category\":\"\",\"show_parent_category\":\"\",\"link_parent_category\":\"\",\"show_author\":\"\",\"link_author\":\"\",\"show_create_date\":\"\",\"show_modify_date\":\"\",\"show_publish_date\":\"\",\"show_item_navigation\":\"\",\"show_icons\":\"\",\"show_print_icon\":\"\",\"show_email_icon\":\"\",\"show_hits\":\"\",\"robots\":\"\",\"rights\":\"\",\"menu-anchor_title\":\"\",\"menu-anchor_css\":\"\",\"menu_image\":\"\",\"show_page_heading\":0,\"page_title\":\"\",\"page_heading\":\"\",\"pageclass_sfx\":\"\",\"menu-meta_description\":\"\",\"menu-meta_keywords\":\"\",\"secure\":0}',155,156,0,'*',0),(411,'aboutjoomla','Content Modules','content-modules','','using-joomla/extensions/modules/content-modules','index.php?option=com_content&view=category&id=64','component',1,281,4,22,0,0,'0000-00-00 00:00:00',0,1,'',0,'{\"maxLevel\":\"0\",\"show_category_title\":\"1\",\"page_subheading\":\"\",\"show_empty_categories\":\"1\",\"show_description\":\"1\",\"show_description_image\":\"\",\"show_cat_num_articles\":\"\",\"display_num\":\"0\",\"show_headings\":\"0\",\"list_show_title\":\"1\",\"list_show_date\":\"0\",\"date_format\":\"\",\"list_show_hits\":\"0\",\"list_show_author\":\"0\",\"filter_field\":\"hide\",\"orderby_pri\":\"\",\"orderby_sec\":\"order\",\"order_date\":\"\",\"show_pagination\":\"\",\"show_pagination_limit\":\"0\",\"show_noauth\":\"\",\"show_title\":\"\",\"link_titles\":\"\",\"show_intro\":\"\",\"show_category\":\"1\",\"link_category\":\"1\",\"show_parent_category\":\"\",\"link_parent_category\":\"\",\"show_author\":\"\",\"link_author\":\"\",\"show_create_date\":\"\",\"show_modify_date\":\"\",\"show_publish_date\":\"\",\"show_item_navigation\":\"\",\"show_readmore\":\"\",\"show_icons\":\"\",\"show_print_icon\":\"\",\"show_email_icon\":\"\",\"show_hits\":\"\",\"show_feed_link\":\"\",\"feed_summary\":\"\",\"menu-anchor_title\":\"\",\"menu-anchor_css\":\"\",\"menu_image\":\"\",\"show_page_heading\":0,\"page_title\":\"\",\"page_heading\":\"\",\"pageclass_sfx\":\"\",\"menu-meta_description\":\"\",\"menu-meta_keywords\":\"\",\"robots\":\"\",\"secure\":0}',126,141,0,'*',0),(412,'aboutjoomla','User Modules','user-modules','','using-joomla/extensions/modules/user-modules','index.php?option=com_content&view=category&id=65','component',1,281,4,22,0,0,'0000-00-00 00:00:00',0,1,'',0,'{\"maxLevel\":\"0\",\"show_category_title\":\"1\",\"page_subheading\":\"\",\"show_empty_categories\":\"\",\"show_description\":\"1\",\"show_description_image\":\"\",\"show_cat_num_articles\":\"\",\"display_num\":\"0\",\"show_headings\":\"0\",\"list_show_title\":\"1\",\"list_show_date\":\"\",\"date_format\":\"\",\"list_show_hits\":\"0\",\"list_show_author\":\"0\",\"filter_field\":\"hide\",\"orderby_pri\":\"\",\"orderby_sec\":\"order\",\"order_date\":\"\",\"show_pagination\":\"\",\"show_pagination_limit\":\"0\",\"show_noauth\":\"\",\"show_title\":\"\",\"link_titles\":\"\",\"show_intro\":\"\",\"show_category\":\"1\",\"link_category\":\"1\",\"show_parent_category\":\"\",\"link_parent_category\":\"\",\"show_author\":\"\",\"link_author\":\"\",\"show_create_date\":\"\",\"show_modify_date\":\"\",\"show_publish_date\":\"\",\"show_item_navigation\":\"\",\"show_readmore\":\"\",\"show_icons\":\"\",\"show_print_icon\":\"\",\"show_email_icon\":\"\",\"show_hits\":\"\",\"show_feed_link\":\"\",\"feed_summary\":\"\",\"menu-anchor_title\":\"\",\"menu-anchor_css\":\"\",\"menu_image\":\"\",\"show_page_heading\":0,\"page_title\":\"\",\"page_heading\":\"\",\"pageclass_sfx\":\"\",\"menu-meta_description\":\"\",\"menu-meta_keywords\":\"\",\"robots\":\"\",\"secure\":0}',142,149,0,'*',0),(413,'aboutjoomla','Display Modules','display-modules','','using-joomla/extensions/modules/display-modules','index.php?option=com_content&view=category&id=66','component',1,281,4,22,0,0,'0000-00-00 00:00:00',0,1,'',0,'{\"maxLevel\":\"0\",\"show_category_title\":\"1\",\"page_subheading\":\"\",\"show_empty_categories\":\"\",\"show_description\":\"1\",\"show_description_image\":\"1\",\"show_cat_num_articles\":\"\",\"display_num\":\"0\",\"show_headings\":\"0\",\"list_show_title\":\"1\",\"list_show_date\":\"\",\"date_format\":\"\",\"list_show_hits\":\"0\",\"list_show_author\":\"0\",\"filter_field\":\"hide\",\"orderby_pri\":\"\",\"orderby_sec\":\"order\",\"order_date\":\"\",\"show_pagination\":\"\",\"show_pagination_limit\":\"0\",\"show_noauth\":\"\",\"show_title\":\"\",\"link_titles\":\"\",\"show_intro\":\"\",\"show_category\":\"1\",\"link_category\":\"1\",\"show_parent_category\":\"\",\"link_parent_category\":\"\",\"show_author\":\"\",\"link_author\":\"\",\"show_create_date\":\"\",\"show_modify_date\":\"\",\"show_publish_date\":\"\",\"show_item_navigation\":\"\",\"show_readmore\":\"\",\"show_icons\":\"\",\"show_print_icon\":\"\",\"show_email_icon\":\"\",\"show_hits\":\"\",\"show_feed_link\":\"\",\"feed_summary\":\"\",\"menu-anchor_title\":\"\",\"menu-anchor_css\":\"\",\"menu_image\":\"\",\"show_page_heading\":0,\"page_title\":\"\",\"page_heading\":\"\",\"pageclass_sfx\":\"\",\"menu-meta_description\":\"\",\"menu-meta_keywords\":\"\",\"robots\":\"\",\"secure\":0}',150,163,0,'*',0),(414,'aboutjoomla','Utility Modules','utility-modules','','using-joomla/extensions/modules/utility-modules','index.php?option=com_content&view=category&id=67','component',1,281,4,22,0,0,'0000-00-00 00:00:00',0,1,'',0,'{\"maxLevel\":\"0\",\"show_category_title\":\"1\",\"page_subheading\":\"\",\"show_empty_categories\":\"\",\"show_description\":\"1\",\"show_description_image\":\"1\",\"show_cat_num_articles\":\"\",\"display_num\":\"0\",\"show_headings\":\"0\",\"list_show_title\":\"0\",\"list_show_date\":\"0\",\"date_format\":\"\",\"list_show_hits\":\"0\",\"list_show_author\":\"0\",\"filter_field\":\"\",\"orderby_pri\":\"\",\"orderby_sec\":\"order\",\"order_date\":\"\",\"show_pagination\":\"\",\"show_pagination_limit\":\"0\",\"show_noauth\":\"\",\"show_title\":\"\",\"link_titles\":\"\",\"show_intro\":\"\",\"show_category\":\"1\",\"link_category\":\"1\",\"show_parent_category\":\"\",\"link_parent_category\":\"\",\"show_author\":\"\",\"link_author\":\"\",\"show_create_date\":\"\",\"show_modify_date\":\"\",\"show_publish_date\":\"\",\"show_item_navigation\":\"\",\"show_readmore\":\"\",\"show_icons\":\"\",\"show_print_icon\":\"\",\"show_email_icon\":\"\",\"show_hits\":\"\",\"show_feed_link\":\"\",\"feed_summary\":\"\",\"menu-anchor_title\":\"\",\"menu-anchor_css\":\"\",\"menu_image\":\"\",\"show_page_heading\":0,\"page_title\":\"\",\"page_heading\":\"\",\"pageclass_sfx\":\"\",\"menu-meta_description\":\"\",\"menu-meta_keywords\":\"\",\"robots\":\"\",\"secure\":0}',164,175,0,'*',0),(415,'aboutjoomla','Navigation Modules','navigation-modules','','using-joomla/extensions/modules/navigation-modules','index.php?option=com_content&view=category&id=75','component',1,281,4,22,0,0,'0000-00-00 00:00:00',0,1,'',0,'{\"maxLevel\":\"\",\"show_category_title\":\"\",\"page_subheading\":\"\",\"show_empty_categories\":\"\",\"show_description\":\"\",\"show_description_image\":\"\",\"show_cat_num_articles\":\"\",\"display_num\":\"\",\"show_headings\":\"\",\"list_show_title\":\"\",\"list_show_date\":\"\",\"date_format\":\"\",\"list_show_hits\":\"\",\"list_show_author\":\"\",\"filter_field\":\"\",\"orderby_pri\":\"\",\"orderby_sec\":\"\",\"order_date\":\"\",\"show_pagination\":\"\",\"show_pagination_limit\":\"\",\"show_noauth\":\"\",\"show_title\":\"\",\"link_titles\":\"\",\"show_intro\":\"\",\"show_category\":\"\",\"link_category\":\"\",\"show_parent_category\":\"\",\"link_parent_category\":\"\",\"show_author\":\"\",\"link_author\":\"\",\"show_create_date\":\"\",\"show_modify_date\":\"\",\"show_publish_date\":\"\",\"show_item_navigation\":\"\",\"show_readmore\":\"\",\"show_icons\":\"\",\"show_print_icon\":\"\",\"show_email_icon\":\"\",\"show_hits\":\"\",\"show_feed_link\":\"\",\"feed_summary\":\"\",\"menu-anchor_title\":\"\",\"menu-anchor_css\":\"\",\"menu_image\":\"\",\"show_page_heading\":0,\"page_title\":\"\",\"page_heading\":\"\",\"pageclass_sfx\":\"\",\"menu-meta_description\":\"\",\"menu-meta_keywords\":\"\",\"robots\":\"\",\"secure\":0}',120,125,0,'*',0),(416,'aboutjoomla','Breadcrumbs','breadcrumbs','','using-joomla/extensions/modules/navigation-modules/breadcrumbs','index.php?option=com_content&view=article&id=61','component',1,415,5,22,0,0,'0000-00-00 00:00:00',0,1,'',0,'{\"show_title\":\"\",\"link_titles\":\"\",\"show_intro\":\"\",\"show_category\":\"\",\"link_category\":\"\",\"show_parent_category\":\"\",\"link_parent_category\":\"\",\"show_author\":\"\",\"link_author\":\"\",\"show_create_date\":\"\",\"show_modify_date\":\"\",\"show_publish_date\":\"\",\"show_item_navigation\":\"\",\"show_vote\":\"\",\"show_icons\":\"\",\"show_print_icon\":\"\",\"show_email_icon\":\"\",\"show_hits\":\"\",\"show_noauth\":\"\",\"menu-anchor_title\":\"\",\"menu-anchor_css\":\"\",\"menu_image\":\"\",\"menu_text\":1,\"page_title\":\"\",\"show_page_heading\":0,\"page_heading\":\"\",\"pageclass_sfx\":\"\",\"menu-meta_description\":\"\",\"menu-meta_keywords\":\"\",\"robots\":\"\",\"secure\":0}',123,124,0,'*',0),(417,'aboutjoomla','Weblinks','weblinks','','using-joomla/extensions/modules/display-modules/weblinks','index.php?option=com_content&view=article&id=55','component',1,413,5,22,0,0,'0000-00-00 00:00:00',0,1,'',0,'{\"show_noauth\":\"\",\"show_title\":\"\",\"link_titles\":\"\",\"show_intro\":\"\",\"show_category\":\"\",\"link_category\":\"\",\"show_parent_category\":\"\",\"link_parent_category\":\"\",\"show_author\":\"\",\"link_author\":\"\",\"show_create_date\":\"\",\"show_modify_date\":\"\",\"show_publish_date\":\"\",\"show_item_navigation\":\"\",\"show_icons\":\"\",\"show_print_icon\":\"\",\"show_email_icon\":\"\",\"show_hits\":\"\",\"robots\":\"\",\"rights\":\"\",\"menu-anchor_title\":\"\",\"menu-anchor_css\":\"\",\"menu_image\":\"\",\"show_page_heading\":0,\"page_title\":\"\",\"page_heading\":\"\",\"pageclass_sfx\":\"\",\"menu-meta_description\":\"\",\"menu-meta_keywords\":\"\",\"secure\":0}',159,160,0,'*',0),(418,'aboutjoomla','Custom HTML','custom-html','','using-joomla/extensions/modules/display-modules/custom-html','index.php?option=com_content&view=article&id=12','component',1,413,5,22,0,0,'0000-00-00 00:00:00',0,1,'',0,'{\"show_noauth\":\"\",\"show_title\":\"\",\"link_titles\":\"\",\"show_intro\":\"\",\"show_category\":\"\",\"link_category\":\"\",\"show_parent_category\":\"\",\"link_parent_category\":\"\",\"show_author\":\"\",\"link_author\":\"\",\"show_create_date\":\"\",\"show_modify_date\":\"\",\"show_publish_date\":\"\",\"show_item_navigation\":\"\",\"show_icons\":\"\",\"show_print_icon\":\"\",\"show_email_icon\":\"\",\"show_hits\":\"\",\"robots\":\"\",\"rights\":\"\",\"menu-anchor_title\":\"\",\"menu-anchor_css\":\"\",\"menu_image\":\"\",\"show_page_heading\":0,\"page_title\":\"\",\"page_heading\":\"\",\"pageclass_sfx\":\"\",\"menu-meta_description\":\"\",\"menu-meta_keywords\":\"\",\"secure\":0}',161,162,0,'*',0),(419,'aboutjoomla','Beez 2','beez-2','','using-joomla/extensions/templates/beez-2','index.php?option=com_content&view=category&layout=blog&id=69','component',1,282,4,22,0,0,'0000-00-00 00:00:00',0,1,'',0,'{\"maxLevel\":\"\",\"show_empty_categories\":\"\",\"show_description\":\"1\",\"show_description_image\":\"\",\"show_category_title\":\"\",\"show_cat_num_articles\":\"\",\"num_leading_articles\":\"1\",\"num_intro_articles\":\"4\",\"num_columns\":\"2\",\"num_links\":\"4\",\"multi_column_order\":\"\",\"orderby_pri\":\"\",\"orderby_sec\":\"\",\"order_date\":\"\",\"show_pagination\":\"\",\"show_noauth\":\"\",\"show_title\":\"\",\"link_titles\":\"\",\"show_intro\":\"\",\"show_category\":\"\",\"link_category\":\"\",\"show_parent_category\":\"\",\"link_parent_category\":\"\",\"show_author\":\"\",\"link_author\":\"\",\"show_create_date\":\"\",\"show_modify_date\":\"\",\"show_publish_date\":\"\",\"show_item_navigation\":\"\",\"show_readmore\":\"\",\"show_icons\":\"\",\"show_print_icon\":\"\",\"show_email_icon\":\"\",\"show_hits\":\"\",\"show_feed_link\":\"\",\"feed_summary\":\"\",\"menu-anchor_title\":\"\",\"menu-anchor_css\":\"\",\"menu_image\":\"\",\"show_page_heading\":0,\"page_title\":\"\",\"page_heading\":\"\",\"pageclass_sfx\":\"\",\"menu-meta_description\":\"\",\"menu-meta_keywords\":\"\",\"robots\":\"\",\"secure\":0}',178,183,0,'*',0),(422,'aboutjoomla','Atomic','atomic','','using-joomla/extensions/templates/atomic','index.php?option=com_content&view=category&layout=blog&id=68','component',1,282,4,22,0,0,'0000-00-00 00:00:00',0,1,'',0,'{\"maxLevel\":\"\",\"show_empty_categories\":\"\",\"show_description\":\"1\",\"show_description_image\":\"\",\"show_category_title\":\"\",\"show_cat_num_articles\":\"\",\"num_leading_articles\":\"2\",\"num_intro_articles\":\"4\",\"num_columns\":\"2\",\"num_links\":\"4\",\"multi_column_order\":\"\",\"orderby_pri\":\"\",\"orderby_sec\":\"\",\"order_date\":\"\",\"show_pagination\":\"\",\"show_noauth\":\"\",\"show_title\":\"\",\"link_titles\":\"\",\"show_intro\":\"\",\"show_category\":\"\",\"link_category\":\"\",\"show_parent_category\":\"\",\"link_parent_category\":\"\",\"show_author\":\"\",\"link_author\":\"\",\"show_create_date\":\"\",\"show_modify_date\":\"\",\"show_publish_date\":\"\",\"show_item_navigation\":\"\",\"show_readmore\":\"\",\"show_icons\":\"\",\"show_print_icon\":\"\",\"show_email_icon\":\"\",\"show_hits\":\"\",\"show_feed_link\":\"\",\"feed_summary\":\"\",\"menu-anchor_title\":\"\",\"menu-anchor_css\":\"\",\"menu_image\":\"\",\"show_page_heading\":0,\"page_title\":\"\",\"page_heading\":\"\",\"pageclass_sfx\":\"\",\"menu-meta_description\":\"\",\"menu-meta_keywords\":\"\",\"robots\":\"\",\"secure\":0}',190,195,0,'*',0),(423,'aboutjoomla','Typography Beez 2','typography-beez-2','','using-joomla/extensions/templates/beez-2/typography-beez-2','index.php?option=com_content&view=article&id=49','component',1,419,5,22,0,0,'0000-00-00 00:00:00',0,1,'',4,'{\"show_noauth\":\"\",\"show_title\":\"\",\"link_titles\":\"\",\"show_intro\":\"\",\"show_category\":\"\",\"link_category\":\"\",\"show_parent_category\":\"\",\"link_parent_category\":\"\",\"show_author\":\"\",\"link_author\":\"\",\"show_create_date\":\"\",\"show_modify_date\":\"\",\"show_publish_date\":\"\",\"show_item_navigation\":\"\",\"show_icons\":\"\",\"show_print_icon\":\"\",\"show_email_icon\":\"\",\"show_hits\":\"\",\"robots\":\"\",\"rights\":\"\",\"menu-anchor_title\":\"\",\"menu-anchor_css\":\"\",\"menu_image\":\"\",\"show_page_heading\":0,\"page_title\":\"\",\"page_heading\":\"\",\"pageclass_sfx\":\"\",\"menu-meta_description\":\"\",\"menu-meta_keywords\":\"\",\"secure\":0}',179,180,0,'*',0),(424,'aboutjoomla','Home Page Beez 2','home-page-beez-2','','using-joomla/extensions/templates/beez-2/home-page-beez-2','index.php?option=com_content&view=featured','component',1,419,5,22,0,0,'0000-00-00 00:00:00',0,1,'',4,'{\"maxLevel\":\"\",\"show_empty_categories\":\"\",\"show_description\":\"\",\"show_description_image\":\"\",\"show_cat_num_articles\":\"\",\"num_leading_articles\":\"1\",\"num_intro_articles\":\"3\",\"num_columns\":\"3\",\"num_links\":\"0\",\"multi_column_order\":\"1\",\"orderby_pri\":\"\",\"orderby_sec\":\"front\",\"order_date\":\"\",\"show_pagination\":\"2\",\"show_noauth\":\"\",\"show_title\":\"\",\"link_titles\":\"\",\"show_intro\":\"\",\"show_category\":\"\",\"link_category\":\"\",\"show_parent_category\":\"\",\"link_parent_category\":\"\",\"show_author\":\"\",\"link_author\":\"\",\"show_create_date\":\"\",\"show_modify_date\":\"\",\"show_publish_date\":\"\",\"show_item_navigation\":\"\",\"show_readmore\":\"\",\"show_icons\":\"\",\"show_print_icon\":\"\",\"show_email_icon\":\"\",\"show_hits\":\"\",\"show_feed_link\":\"1\",\"feed_summary\":\"\",\"menu-anchor_title\":\"\",\"menu-anchor_css\":\"\",\"menu_image\":\"\",\"show_page_heading\":0,\"page_title\":\"\",\"page_heading\":\"\",\"pageclass_sfx\":\"\",\"menu-meta_description\":\"\",\"menu-meta_keywords\":\"\",\"robots\":\"\",\"secure\":0}',181,182,0,'*',0),(427,'fruitshop','Fruit Encyclopedia','fruit-encyclopedia','','fruit-encyclopedia','index.php?option=com_contact&view=categories&id=37','component',1,1,1,8,0,0,'0000-00-00 00:00:00',0,1,'',6,'{\"show_base_description\":\"1\",\"categories_description\":\"\",\"maxLevelcat\":\"\",\"show_empty_categories_cat\":\"\",\"show_subcat_desc_cat\":\"\",\"show_cat_items_cat\":\"\",\"show_category_title\":\"\",\"show_description\":\"1\",\"show_description_image\":\"1\",\"maxLevel\":\"-1\",\"show_empty_categories\":\"1\",\"show_subcat_desc\":\"\",\"show_cat_items\":\"\",\"show_pagination_limit\":\"\",\"show_headings\":\"0\",\"show_position_headings\":\"\",\"show_email_headings\":\"0\",\"show_telephone_headings\":\"0\",\"show_mobile_headings\":\"0\",\"show_fax_headings\":\"0\",\"show_suburb_headings\":\"0\",\"show_state_headings\":\"\",\"show_country_headings\":\"\",\"show_pagination\":\"\",\"show_pagination_results\":\"\",\"presentation_style\":\"\",\"show_contact_category\":\"\",\"show_contact_list\":\"\",\"show_name\":\"\",\"show_position\":\"\",\"show_email\":\"\",\"show_street_address\":\"\",\"show_suburb\":\"\",\"show_state\":\"\",\"show_postcode\":\"\",\"show_country\":\"\",\"show_telephone\":\"\",\"show_mobile\":\"\",\"show_fax\":\"\",\"show_webpage\":\"\",\"show_misc\":\"\",\"show_image\":\"\",\"allow_vcard\":\"\",\"show_articles\":\"\",\"show_links\":\"1\",\"linka_name\":\"\",\"linkb_name\":\"\",\"linkc_name\":\"\",\"linkd_name\":\"\",\"linke_name\":\"\",\"show_email_form\":\"\",\"show_email_copy\":\"\",\"banned_email\":\"\",\"banned_subject\":\"\",\"banned_text\":\"\",\"validate_session\":\"\",\"custom_reply\":\"\",\"redirect\":\"\",\"show_feed_link\":\"\",\"menu-anchor_title\":\"\",\"menu-anchor_css\":\"\",\"menu_image\":\"\",\"menu_text\":1,\"page_title\":\"\",\"show_page_heading\":0,\"page_heading\":\"\",\"pageclass_sfx\":\" categories-listalphabet\",\"menu-meta_description\":\"\",\"menu-meta_keywords\":\"\",\"robots\":\"\",\"secure\":0}',249,250,0,'*',0),(429,'fruitshop','Welcome','welcome','Fruit store front page','welcome','index.php?option=com_content&view=article&id=20','component',1,1,1,22,0,0,'0000-00-00 00:00:00',0,1,'',6,'{\"show_noauth\":\"\",\"show_title\":\"0\",\"link_titles\":\"0\",\"show_intro\":\"1\",\"show_category\":\"0\",\"link_category\":\"0\",\"show_parent_category\":\"\",\"link_parent_category\":\"\",\"show_author\":\"0\",\"link_author\":\"\",\"show_create_date\":\"0\",\"show_modify_date\":\"0\",\"show_publish_date\":\"0\",\"show_item_navigation\":\"0\",\"show_icons\":\"0\",\"show_print_icon\":\"0\",\"show_email_icon\":\"0\",\"show_hits\":\"0\",\"robots\":\"\",\"rights\":\"\",\"menu-anchor_title\":\"\",\"menu-anchor_css\":\"\",\"menu_image\":\"\",\"show_page_heading\":0,\"page_title\":\"\",\"page_heading\":\"\",\"pageclass_sfx\":\"\",\"menu-meta_description\":\"\",\"menu-meta_keywords\":\"\",\"secure\":0}',247,248,0,'*',0),(430,'fruitshop','Contact Us','contact-us','','contact-us','index.php?option=com_contact&view=category&catid=47&id=36','component',1,1,1,8,0,0,'0000-00-00 00:00:00',0,1,'',6,'{\"maxLevel\":\"-1\",\"show_empty_categories\":\"\",\"show_description\":\"\",\"show_description_image\":\"\",\"show_cat_num_articles\":\"\",\"display_num\":\"20\",\"show_headings\":\"0\",\"filter_field\":\"hide\",\"show_pagination\":\"\",\"show_noauth\":\"\",\"presentation_style\":\"\",\"show_name\":\"\",\"show_position\":\"\",\"show_email\":\"\",\"show_street_address\":\"\",\"show_suburb\":\"\",\"show_state\":\"\",\"show_postcode\":\"\",\"show_country\":\"\",\"show_telephone\":\"\",\"show_mobile\":\"\",\"show_fax\":\"\",\"show_webpage\":\"\",\"show_misc\":\"\",\"show_image\":\"\",\"allow_vcard\":\"\",\"show_articles\":\"\",\"show_links\":\"1\",\"linka_name\":\"\",\"linkb_name\":\"\",\"linkc_name\":\"\",\"linkd_name\":\"\",\"linke_name\":\"\",\"show_email_form\":\"\",\"show_email_copy\":\"\",\"banned_email\":\"\",\"banned_subject\":\"\",\"banned_text\":\"\",\"validate_session\":\"\",\"custom_reply\":\"\",\"redirect\":\"\",\"show_feed_link\":\"1\",\"feed_summary\":\"\",\"menu-anchor_title\":\"\",\"menu-anchor_css\":\"\",\"menu_image\":\"\",\"show_page_heading\":0,\"page_title\":\"\",\"page_heading\":\"\",\"pageclass_sfx\":\"\",\"menu-meta_description\":\"\",\"menu-meta_keywords\":\"\",\"robots\":\"\",\"secure\":0}',253,254,0,'*',0),(431,'fruitshop','Growers','growers','','growers','index.php?option=com_content&view=category&layout=blog&id=30','component',1,1,1,22,0,0,'0000-00-00 00:00:00',0,1,'',6,'{\"maxLevel\":\"0\",\"show_empty_categories\":\"\",\"show_description\":\"1\",\"show_description_image\":\"\",\"show_category_title\":\"1\",\"show_cat_num_articles\":\"\",\"num_leading_articles\":\"5\",\"num_intro_articles\":\"0\",\"num_columns\":\"1\",\"num_links\":\"4\",\"multi_column_order\":\"\",\"orderby_pri\":\"\",\"orderby_sec\":\"alpha\",\"order_date\":\"\",\"show_pagination\":\"\",\"show_noauth\":\"\",\"show_title\":\"1\",\"link_titles\":\"1\",\"show_intro\":\"1\",\"show_category\":\"0\",\"link_category\":\"\",\"show_parent_category\":\"0\",\"link_parent_category\":\"0\",\"show_author\":\"0\",\"link_author\":\"\",\"show_create_date\":\"\",\"show_modify_date\":\"\",\"show_publish_date\":\"0\",\"show_item_navigation\":\"\",\"show_readmore\":\"\",\"show_icons\":\"\",\"show_print_icon\":\"\",\"show_email_icon\":\"\",\"show_hits\":\"0\",\"show_feed_link\":\"\",\"feed_summary\":\"\",\"menu-anchor_title\":\"\",\"menu-anchor_css\":\"\",\"menu_image\":\"\",\"show_page_heading\":0,\"page_title\":\"\",\"page_heading\":\"\",\"pageclass_sfx\":\"\",\"menu-meta_description\":\"\",\"menu-meta_keywords\":\"\",\"robots\":\"\",\"secure\":0}',251,252,0,'*',0),(432,'fruitshop','Login ','shop-login','','shop-login','index.php?option=com_users&view=login','component',1,1,1,25,0,0,'0000-00-00 00:00:00',0,1,'',6,'{\"login_redirect_url\":\"\",\"logindescription_show\":\"1\",\"login_description\":\"\",\"login_image\":\"\",\"logout_redirect_url\":\"\",\"logoutdescription_show\":\"1\",\"logout_description\":\"\",\"logout_image\":\"\",\"menu-anchor_title\":\"\",\"menu-anchor_css\":\"\",\"menu_image\":\"\",\"show_page_heading\":0,\"page_title\":\"\",\"page_heading\":\"\",\"pageclass_sfx\":\"\",\"menu-meta_description\":\"\",\"menu-meta_keywords\":\"\",\"robots\":\"\",\"secure\":0}',255,256,0,'*',0),(433,'fruitshop','Directions','directions','','directions','index.php?option=com_content&view=article&id=13','component',1,1,1,22,0,0,'0000-00-00 00:00:00',0,1,'',6,'{\"show_noauth\":\"\",\"show_title\":\"\",\"link_titles\":\"\",\"show_intro\":\"\",\"show_category\":\"\",\"link_category\":\"\",\"show_parent_category\":\"\",\"link_parent_category\":\"\",\"show_author\":\"\",\"link_author\":\"\",\"show_create_date\":\"\",\"show_modify_date\":\"\",\"show_publish_date\":\"\",\"show_item_navigation\":\"\",\"show_icons\":\"\",\"show_print_icon\":\"\",\"show_email_icon\":\"\",\"show_hits\":\"\",\"robots\":\"\",\"rights\":\"\",\"menu-anchor_title\":\"\",\"menu-anchor_css\":\"\",\"menu_image\":\"\",\"show_page_heading\":0,\"page_title\":\"\",\"page_heading\":\"\",\"pageclass_sfx\":\"\",\"menu-meta_description\":\"\",\"menu-meta_keywords\":\"\",\"secure\":0}',257,258,0,'*',0),(435,'mainmenu','Home','homepage','','homepage','index.php?option=com_content&view=featured','component',1,1,1,22,0,0,'0000-00-00 00:00:00',0,1,'',0,'{\"featured_categories\":[\"\"],\"num_leading_articles\":\"1\",\"num_intro_articles\":\"3\",\"num_columns\":\"3\",\"num_links\":\"0\",\"multi_column_order\":\"1\",\"orderby_pri\":\"\",\"orderby_sec\":\"front\",\"order_date\":\"\",\"show_pagination\":\"2\",\"show_pagination_results\":\"\",\"show_title\":\"1\",\"link_titles\":\"\",\"show_intro\":\"\",\"show_category\":\"0\",\"link_category\":\"0\",\"show_parent_category\":\"0\",\"link_parent_category\":\"0\",\"show_author\":\"0\",\"link_author\":\"0\",\"show_create_date\":\"0\",\"show_modify_date\":\"0\",\"show_publish_date\":\"0\",\"show_item_navigation\":\"0\",\"show_vote\":\"\",\"show_readmore\":\"1\",\"show_readmore_title\":\"\",\"show_icons\":\"0\",\"show_print_icon\":\"0\",\"show_email_icon\":\"0\",\"show_hits\":\"0\",\"show_noauth\":\"\",\"show_feed_link\":\"1\",\"feed_summary\":\"\",\"menu-anchor_title\":\"\",\"menu-anchor_css\":\"\",\"menu_image\":\"\",\"menu_text\":1,\"page_title\":\"\",\"show_page_heading\":0,\"page_heading\":\"\",\"pageclass_sfx\":\"\",\"menu-meta_description\":\"\",\"menu-meta_keywords\":\"\",\"robots\":\"\",\"secure\":0}',1,2,1,'*',0),(436,'aboutjoomla','Getting Help','getting-help','','using-joomla/getting-help','index.php?option=com_content&view=article&id=21','component',1,280,2,22,0,0,'0000-00-00 00:00:00',0,1,'',0,'{\"show_noauth\":\"\",\"show_title\":\"\",\"link_titles\":\"\",\"show_intro\":\"\",\"show_category\":\"0\",\"link_category\":\"\",\"show_parent_category\":\"0\",\"link_parent_category\":\"\",\"show_author\":\"0\",\"link_author\":\"\",\"show_create_date\":\"0\",\"show_modify_date\":\"0\",\"show_publish_date\":\"0\",\"show_item_navigation\":\"0\",\"show_icons\":\"\",\"show_print_icon\":\"\",\"show_email_icon\":\"\",\"show_hits\":\"0\",\"robots\":\"\",\"rights\":\"\",\"menu-anchor_title\":\"\",\"menu-anchor_css\":\"\",\"menu_image\":\"\",\"show_page_heading\":0,\"page_title\":\"\",\"page_heading\":\"\",\"pageclass_sfx\":\"\",\"menu-meta_description\":\"\",\"menu-meta_keywords\":\"\",\"secure\":0}',218,219,0,'*',0),(437,'aboutjoomla','Getting Started','getting-started','','getting-started','index.php?option=com_content&view=article&id=22','component',1,1,1,22,0,0,'0000-00-00 00:00:00',0,1,'',0,'{\"show_title\":\"1\",\"link_titles\":\"0\",\"show_intro\":\"\",\"show_category\":\"0\",\"link_category\":\"\",\"show_parent_category\":\"0\",\"link_parent_category\":\"\",\"show_author\":\"0\",\"link_author\":\"\",\"show_create_date\":\"0\",\"show_modify_date\":\"0\",\"show_publish_date\":\"0\",\"show_item_navigation\":\"0\",\"show_icons\":\"\",\"show_print_icon\":\"\",\"show_email_icon\":\"\",\"show_hits\":\"0\",\"show_noauth\":\"\",\"menu-anchor_title\":\"\",\"menu-anchor_css\":\"\",\"menu_image\":\"\",\"page_title\":\"\",\"show_page_heading\":0,\"page_heading\":\"\",\"pageclass_sfx\":\"\",\"menu-meta_description\":\"\",\"menu-meta_keywords\":\"\",\"robots\":\"\",\"secure\":0}',43,44,0,'*',0),(438,'mainmenu','Weblinks','weblinks','','site-map/weblinks','index.php?option=com_weblinks&view=categories&id=0','component',0,294,2,21,0,0,'0000-00-00 00:00:00',0,1,'',0,'{\"categories_description\":\"\",\"maxLevel\":\"-1\",\"show_empty_categories\":\"\",\"show_description\":\"\",\"show_description_image\":\"\",\"show_cat_num_articles\":\"\",\"display_num\":\"\",\"show_headings\":\"\",\"orderby_pri\":\"\",\"show_pagination\":\"\",\"show_noauth\":\"\",\"article-allow_ratings\":\"\",\"article-allow_comments\":\"\",\"show_feed_link\":\"\",\"feed_summary\":\"\",\"menu-anchor_title\":\"\",\"menu-anchor_css\":\"\",\"menu_image\":\"\",\"show_page_heading\":0,\"page_title\":\"\",\"page_heading\":\"\",\"pageclass_sfx\":\"\",\"menu-meta_description\":\"\",\"menu-meta_keywords\":\"\",\"robots\":\"\",\"secure\":0}',6,7,0,'*',0),(439,'mainmenu','Contacts','contacts','','site-map/contacts','index.php?option=com_contact&view=categories&id=0','component',0,294,2,8,0,0,'0000-00-00 00:00:00',0,1,'',0,'{\"categories_description\":\"\",\"maxLevel\":\"-1\",\"show_empty_categories\":\"\",\"show_description\":\"\",\"show_description_image\":\"\",\"show_cat_num_articles\":\"\",\"display_num\":\"\",\"show_headings\":\"\",\"filter_field\":\"\",\"show_pagination\":\"\",\"show_noauth\":\"\",\"show_name\":\"\",\"show_position\":\"\",\"show_email\":\"\",\"show_street_address\":\"\",\"show_suburb\":\"\",\"show_state\":\"\",\"show_postcode\":\"\",\"show_country\":\"\",\"show_telephone\":\"\",\"show_mobile\":\"\",\"show_fax\":\"\",\"show_webpage\":\"\",\"show_misc\":\"\",\"show_image\":\"\",\"allow_vcard\":\"\",\"show_articles\":\"\",\"show_links\":\"1\",\"linka_name\":\"\",\"linkb_name\":\"\",\"linkc_name\":\"\",\"linkd_name\":\"\",\"linke_name\":\"\",\"show_email_form\":\"\",\"show_email_copy\":\"\",\"banned_email\":\"\",\"banned_subject\":\"\",\"banned_text\":\"\",\"validate_session\":\"\",\"custom_reply\":\"\",\"redirect\":\"\",\"article-allow_ratings\":\"\",\"article-allow_comments\":\"\",\"show_feed_link\":\"\",\"feed_summary\":\"\",\"menu-anchor_title\":\"\",\"menu-anchor_css\":\"\",\"menu_image\":\"\",\"show_page_heading\":0,\"page_title\":\"\",\"page_heading\":\"\",\"pageclass_sfx\":\"\",\"menu-meta_description\":\"\",\"menu-meta_keywords\":\"\",\"robots\":\"\",\"secure\":0}',8,9,0,'*',0),(443,'aboutjoomla','Article Categories','article-categories-view','','using-joomla/extensions/modules/content-modules/article-categories-view','index.php?option=com_content&view=article&id=3','component',1,411,5,22,0,0,'0000-00-00 00:00:00',0,1,'',0,'{\"show_noauth\":\"\",\"show_title\":\"\",\"link_titles\":\"\",\"show_intro\":\"\",\"show_category\":\"\",\"link_category\":\"\",\"show_parent_category\":\"\",\"link_parent_category\":\"\",\"show_author\":\"\",\"link_author\":\"\",\"show_create_date\":\"\",\"show_modify_date\":\"\",\"show_publish_date\":\"\",\"show_item_navigation\":\"\",\"show_icons\":\"\",\"show_print_icon\":\"\",\"show_email_icon\":\"\",\"show_hits\":\"\",\"robots\":\"\",\"rights\":\"\",\"menu-anchor_title\":\"\",\"menu-anchor_css\":\"\",\"menu_image\":\"\",\"show_page_heading\":0,\"page_title\":\"\",\"page_heading\":\"\",\"pageclass_sfx\":\"\",\"menu-meta_description\":\"\",\"menu-meta_keywords\":\"\",\"secure\":0}',137,138,0,'*',0),(444,'top','Online store','online-marketing','','online-marketing','index.php?option=com_virtuemart&view=categories&virtuemart_category_id=0','component',1,1,1,10031,0,0,'0000-00-00 00:00:00',0,1,'',0,'{\"menu-anchor_title\":\"\",\"menu-anchor_css\":\"\",\"menu_image\":\"\",\"menu_text\":1,\"page_title\":\"Online Store\",\"show_page_heading\":0,\"page_heading\":\"\",\"pageclass_sfx\":\"\",\"menu-meta_description\":\"\",\"menu-meta_keywords\":\"\",\"robots\":\"\",\"secure\":0}',227,228,0,'*',0),(445,'mainmenu','Parks','parks','','sample-sites/parks','index.php?Itemid=','alias',0,238,2,0,0,0,'0000-00-00 00:00:00',0,1,'',0,'{\"aliasoptions\":\"243\",\"menu-anchor_title\":\"\",\"menu-anchor_css\":\"\",\"menu_image\":\"\"}',260,261,0,'*',0),(446,'mainmenu','Shop','shop','','sample-sites/shop','index.php?Itemid=','alias',0,238,2,0,0,0,'0000-00-00 00:00:00',0,1,'',0,'{\"aliasoptions\":\"429\",\"menu-anchor_title\":\"\",\"menu-anchor_css\":\"\",\"menu_image\":\"\"}',262,263,0,'*',0),(447,'aboutjoomla','Language Switcher','language-switcher','','using-joomla/extensions/modules/utility-modules/language-switcher','index.php?option=com_content&view=article&id=26','component',1,414,5,22,0,0,'0000-00-00 00:00:00',0,1,'',0,'{\"show_noauth\":\"\",\"show_title\":\"\",\"link_titles\":\"\",\"show_intro\":\"\",\"show_category\":\"\",\"link_category\":\"\",\"show_parent_category\":\"\",\"link_parent_category\":\"\",\"show_author\":\"\",\"link_author\":\"\",\"show_create_date\":\"\",\"show_modify_date\":\"\",\"show_publish_date\":\"\",\"show_item_navigation\":\"\",\"show_icons\":\"\",\"show_print_icon\":\"\",\"show_email_icon\":\"\",\"show_hits\":\"\",\"robots\":\"\",\"rights\":\"\",\"menu-anchor_title\":\"\",\"menu-anchor_css\":\"\",\"menu_image\":\"\",\"show_page_heading\":0,\"page_title\":\"\",\"page_heading\":\"\",\"pageclass_sfx\":\"\",\"menu-meta_description\":\"\",\"menu-meta_keywords\":\"\",\"secure\":0}',171,172,0,'*',0),(448,'mainmenu','Site Administrator','site-administrator','','site-administrator','administrator','url',0,1,1,0,0,0,'0000-00-00 00:00:00',1,1,'',0,'{\"menu-anchor_title\":\"\",\"menu-anchor_css\":\"\",\"menu_image\":\"\"}',265,266,0,'*',0),(449,'usermenu','Submit an Article','submit-an-article','','submit-an-article','index.php?option=com_content&view=form&layout=edit','component',1,1,1,22,0,0,'0000-00-00 00:00:00',0,3,'',0,'{\"menu-anchor_title\":\"\",\"menu-anchor_css\":\"\",\"menu_image\":\"\",\"menu_text\":1,\"page_title\":\"\",\"show_page_heading\":0,\"page_heading\":\"\",\"pageclass_sfx\":\"\",\"menu-meta_description\":\"\",\"menu-meta_keywords\":\"\",\"robots\":\"\",\"secure\":0}',267,268,0,'*',0),(450,'usermenu','Submit a Web Link','submit-a-web-link','','submit-a-web-link','index.php?option=com_weblinks&view=form&layout=edit','component',1,1,1,21,0,0,'0000-00-00 00:00:00',0,3,'',0,'{\"menu-anchor_title\":\"\",\"menu-anchor_css\":\"\",\"menu_image\":\"\",\"menu_text\":1,\"page_title\":\"\",\"show_page_heading\":0,\"page_heading\":\"\",\"pageclass_sfx\":\"\",\"menu-meta_description\":\"\",\"menu-meta_keywords\":\"\",\"robots\":\"\",\"secure\":0}',269,270,0,'*',0),(452,'aboutjoomla','Featured Contacts','featured-contacts','','using-joomla/extensions/components/contact-component/featured-contacts','index.php?option=com_contact&view=featured&id=16','component',1,270,5,8,0,0,'0000-00-00 00:00:00',0,1,'',0,'{\"maxLevel\":\"-1\",\"show_empty_categories\":\"\",\"show_description\":\"\",\"show_description_image\":\"\",\"show_cat_num_articles\":\"\",\"display_num\":\"\",\"show_headings\":\"\",\"filter_field\":\"\",\"show_pagination\":\"\",\"show_noauth\":\"\",\"presentation_style\":\"sliders\",\"show_name\":\"\",\"show_position\":\"\",\"show_email\":\"\",\"show_street_address\":\"\",\"show_suburb\":\"\",\"show_state\":\"\",\"show_postcode\":\"\",\"show_country\":\"\",\"show_telephone\":\"\",\"show_mobile\":\"\",\"show_fax\":\"\",\"show_webpage\":\"\",\"show_misc\":\"\",\"show_image\":\"\",\"allow_vcard\":\"\",\"show_articles\":\"\",\"show_links\":\"1\",\"linka_name\":\"\",\"linkb_name\":\"\",\"linkc_name\":\"\",\"linkd_name\":\"\",\"linke_name\":\"\",\"show_email_form\":\"\",\"show_email_copy\":\"\",\"banned_email\":\"\",\"banned_subject\":\"\",\"banned_text\":\"\",\"validate_session\":\"\",\"custom_reply\":\"\",\"redirect\":\"\",\"show_feed_link\":\"\",\"feed_summary\":\"\",\"menu-anchor_title\":\"\",\"menu-anchor_css\":\"\",\"menu_image\":\"\",\"show_page_heading\":1,\"page_title\":\"\",\"page_heading\":\"\",\"pageclass_sfx\":\"\",\"menu-meta_description\":\"\",\"menu-meta_keywords\":\"\",\"robots\":\"\",\"secure\":0}',79,80,0,'*',0),(453,'aboutjoomla','Parameters','parameters','','using-joomla/parameters','index.php?option=com_content&view=article&id=32','component',1,280,2,22,0,0,'0000-00-00 00:00:00',0,1,'',0,'{\"show_noauth\":\"1\",\"show_title\":\"1\",\"link_titles\":\"1\",\"show_intro\":\"1\",\"show_category\":\"1\",\"link_category\":\"1\",\"show_parent_category\":\"1\",\"link_parent_category\":\"1\",\"show_author\":\"1\",\"link_author\":\"1\",\"show_create_date\":\"1\",\"show_modify_date\":\"1\",\"show_publish_date\":\"1\",\"show_item_navigation\":\"1\",\"show_icons\":\"1\",\"show_print_icon\":\"1\",\"show_email_icon\":\"1\",\"show_hits\":\"1\",\"robots\":\"\",\"rights\":\"\",\"menu-anchor_title\":\"\",\"menu-anchor_css\":\"\",\"menu_image\":\"\",\"show_page_heading\":0,\"page_title\":\"\",\"page_heading\":\"\",\"pageclass_sfx\":\"\",\"menu-meta_description\":\"\",\"menu-meta_keywords\":\"\",\"secure\":0}',216,217,0,'*',0),(455,'mainmenu','Example Pages','example-pages','','example-pages','index.php?Itemid=','alias',0,1,1,0,0,0,'0000-00-00 00:00:00',0,1,'',0,'{\"aliasoptions\":\"268\",\"menu-anchor_title\":\"\",\"menu-anchor_css\":\"\",\"menu_image\":\"\"}',271,272,0,'*',0),(456,'aboutjoomla','Beez5','beez5','','using-joomla/extensions/templates/beez5','index.php?option=com_content&view=category&layout=blog&id=70','component',1,282,4,22,0,0,'0000-00-00 00:00:00',0,1,'',0,'{\"maxLevel\":\"\",\"show_empty_categories\":\"\",\"show_description\":\"1\",\"show_description_image\":\"\",\"show_category_title\":\"\",\"show_cat_num_articles\":\"\",\"num_leading_articles\":\"1\",\"num_intro_articles\":\"4\",\"num_columns\":\"2\",\"num_links\":\"4\",\"multi_column_order\":\"\",\"orderby_pri\":\"\",\"orderby_sec\":\"\",\"order_date\":\"\",\"show_pagination\":\"\",\"show_noauth\":\"\",\"show_title\":\"\",\"link_titles\":\"\",\"show_intro\":\"\",\"show_category\":\"\",\"link_category\":\"\",\"show_parent_category\":\"\",\"link_parent_category\":\"\",\"show_author\":\"\",\"link_author\":\"\",\"show_create_date\":\"\",\"show_modify_date\":\"\",\"show_publish_date\":\"\",\"show_item_navigation\":\"\",\"show_readmore\":\"\",\"show_icons\":\"\",\"show_print_icon\":\"\",\"show_email_icon\":\"\",\"show_hits\":\"\",\"show_feed_link\":\"\",\"feed_summary\":\"\",\"menu-anchor_title\":\"\",\"menu-anchor_css\":\"\",\"menu_image\":\"\",\"show_page_heading\":1,\"page_title\":\"\",\"page_heading\":\"\",\"pageclass_sfx\":\"\",\"menu-meta_description\":\"\",\"menu-meta_keywords\":\"\",\"robots\":\"\",\"secure\":0}',184,189,0,'*',0),(457,'aboutjoomla','Typography Beez5','typography-beez-5','','using-joomla/extensions/templates/beez5/typography-beez-5','index.php?option=com_content&view=article&id=49','component',1,456,5,22,0,0,'0000-00-00 00:00:00',0,1,'',0,'{\"show_noauth\":\"\",\"show_title\":\"\",\"link_titles\":\"\",\"show_intro\":\"\",\"show_category\":\"\",\"link_category\":\"\",\"show_parent_category\":\"\",\"link_parent_category\":\"\",\"show_author\":\"\",\"link_author\":\"\",\"show_create_date\":\"\",\"show_modify_date\":\"\",\"show_publish_date\":\"\",\"show_item_navigation\":\"\",\"show_icons\":\"\",\"show_print_icon\":\"\",\"show_email_icon\":\"\",\"show_hits\":\"\",\"robots\":\"\",\"rights\":\"\",\"menu-anchor_title\":\"\",\"menu-anchor_css\":\"\",\"menu_image\":\"\",\"show_page_heading\":1,\"page_title\":\"\",\"page_heading\":\"\",\"pageclass_sfx\":\"\",\"menu-meta_description\":\"\",\"menu-meta_keywords\":\"\",\"secure\":0}',185,186,0,'*',0),(458,'aboutjoomla','Home Page Beez5','home-page-beez5','','using-joomla/extensions/templates/beez5/home-page-beez5','index.php?option=com_content&view=featured','component',1,456,5,22,0,0,'0000-00-00 00:00:00',0,1,'',0,'{\"maxLevel\":\"\",\"show_empty_categories\":\"\",\"show_description\":\"\",\"show_description_image\":\"\",\"show_cat_num_articles\":\"\",\"num_leading_articles\":\"1\",\"num_intro_articles\":\"3\",\"num_columns\":\"3\",\"num_links\":\"0\",\"multi_column_order\":\"\",\"orderby_pri\":\"\",\"orderby_sec\":\"front\",\"order_date\":\"\",\"show_pagination\":\"\",\"show_noauth\":\"\",\"show_title\":\"\",\"link_titles\":\"\",\"show_intro\":\"\",\"show_category\":\"\",\"link_category\":\"\",\"show_parent_category\":\"\",\"link_parent_category\":\"\",\"show_author\":\"\",\"link_author\":\"\",\"show_create_date\":\"\",\"show_modify_date\":\"\",\"show_publish_date\":\"\",\"show_item_navigation\":\"\",\"show_readmore\":\"\",\"show_icons\":\"\",\"show_print_icon\":\"\",\"show_email_icon\":\"\",\"show_hits\":\"\",\"show_feed_link\":\"\",\"feed_summary\":\"\",\"menu-anchor_title\":\"\",\"menu-anchor_css\":\"\",\"menu_image\":\"\",\"show_page_heading\":1,\"page_title\":\"\",\"page_heading\":\"\",\"pageclass_sfx\":\"\",\"menu-meta_description\":\"\",\"menu-meta_keywords\":\"\",\"robots\":\"\",\"secure\":0}',187,188,0,'*',0),(459,'aboutjoomla','Article Category','article-category','','using-joomla/extensions/modules/content-modules/article-category','index.php?option=com_content&view=article&id=4','component',1,411,5,22,0,0,'0000-00-00 00:00:00',0,1,'',0,'{\"show_noauth\":\"\",\"show_title\":\"\",\"link_titles\":\"\",\"show_intro\":\"\",\"show_category\":\"\",\"link_category\":\"\",\"show_parent_category\":\"\",\"link_parent_category\":\"\",\"show_author\":\"\",\"link_author\":\"\",\"show_create_date\":\"\",\"show_modify_date\":\"\",\"show_publish_date\":\"\",\"show_item_navigation\":\"\",\"show_icons\":\"\",\"show_print_icon\":\"\",\"show_email_icon\":\"\",\"show_hits\":\"\",\"robots\":\"\",\"rights\":\"\",\"menu-anchor_title\":\"\",\"menu-anchor_css\":\"\",\"menu_image\":\"\",\"show_page_heading\":1,\"page_title\":\"\",\"page_heading\":\"\",\"pageclass_sfx\":\"\",\"menu-meta_description\":\"\",\"menu-meta_keywords\":\"\",\"secure\":0}',139,140,0,'*',0),(462,'fruitshop','Add a recipe','add-a-recipe','','add-a-recipe','index.php?option=com_content&view=form&layout=edit','component',1,1,1,22,0,0,'0000-00-00 00:00:00',0,4,'',0,'{\"menu-anchor_title\":\"\",\"menu-anchor_css\":\"\",\"menu_image\":\"\",\"show_page_heading\":1,\"page_title\":\"\",\"page_heading\":\"\",\"pageclass_sfx\":\"\",\"menu-meta_description\":\"\",\"menu-meta_keywords\":\"\",\"robots\":\"\",\"secure\":0}',273,274,0,'*',0),(463,'fruitshop','Recipes','recipes','','recipes','index.php?option=com_content&view=category&id=76','component',1,1,1,22,0,0,'0000-00-00 00:00:00',0,1,'',6,'{\"maxLevel\":\"0\",\"show_category_title\":\"1\",\"page_subheading\":\"\",\"show_empty_categories\":\"0\",\"show_description\":\"1\",\"show_description_image\":\"\",\"show_cat_num_articles\":\"\",\"display_num\":\"\",\"show_headings\":\"\",\"list_show_title\":\"\",\"list_show_date\":\"\",\"date_format\":\"\",\"list_show_hits\":\"\",\"list_show_author\":\"\",\"filter_field\":\"\",\"orderby_pri\":\"\",\"orderby_sec\":\"\",\"order_date\":\"\",\"show_pagination\":\"\",\"show_pagination_limit\":\"\",\"show_noauth\":\"\",\"show_title\":\"\",\"link_titles\":\"\",\"show_intro\":\"\",\"show_category\":\"\",\"link_category\":\"\",\"show_parent_category\":\"\",\"link_parent_category\":\"\",\"show_author\":\"\",\"link_author\":\"\",\"show_create_date\":\"\",\"show_modify_date\":\"\",\"show_publish_date\":\"\",\"show_item_navigation\":\"\",\"show_readmore\":\"\",\"show_icons\":\"\",\"show_print_icon\":\"\",\"show_email_icon\":\"\",\"show_hits\":\"\",\"show_feed_link\":\"\",\"feed_summary\":\"\",\"menu-anchor_title\":\"\",\"menu-anchor_css\":\"\",\"menu_image\":\"\",\"show_page_heading\":0,\"page_title\":\"\",\"page_heading\":\"\",\"pageclass_sfx\":\"\",\"menu-meta_description\":\"\",\"menu-meta_keywords\":\"\",\"robots\":\"\",\"secure\":0}',275,276,0,'*',0),(464,'top','Home','home','','home','index.php?Itemid=','alias',0,1,1,0,0,0,'0000-00-00 00:00:00',0,1,'',0,'{\"aliasoptions\":\"435\",\"menu-anchor_title\":\"\",\"menu-anchor_css\":\"\",\"menu_image\":\"\"}',221,222,0,'*',0),(467,'mainmenu','Virtuemart Store','viruemart-store','','viruemart-store','index.php?option=com_virtuemart&view=orders&layout=list','component',0,1,1,10031,0,0,'0000-00-00 00:00:00',0,1,'',0,'{\"menu-anchor_title\":\"\",\"menu-anchor_css\":\"\",\"menu_image\":\"\",\"menu_text\":1,\"page_title\":\"\",\"show_page_heading\":0,\"page_heading\":\"\",\"pageclass_sfx\":\"\",\"menu-meta_description\":\"\",\"menu-meta_keywords\":\"\",\"robots\":\"\",\"secure\":0}',277,278,0,'*',0),(470,'top','About Us','about-us','','about-us','index.php?option=com_content&view=article&id=13','component',1,1,1,22,0,0,'0000-00-00 00:00:00',0,1,'',0,'{\"show_title\":\"1\",\"link_titles\":\"0\",\"show_intro\":\"0\",\"show_category\":\"0\",\"link_category\":\"0\",\"show_parent_category\":\"0\",\"link_parent_category\":\"0\",\"show_author\":\"0\",\"link_author\":\"0\",\"show_create_date\":\"0\",\"show_modify_date\":\"0\",\"show_publish_date\":\"0\",\"show_item_navigation\":\"0\",\"show_vote\":\"0\",\"show_icons\":\"0\",\"show_print_icon\":\"0\",\"show_email_icon\":\"0\",\"show_hits\":\"0\",\"show_noauth\":\"0\",\"menu-anchor_title\":\"\",\"menu-anchor_css\":\"\",\"menu_image\":\"\",\"menu_text\":1,\"page_title\":\"About Us\",\"show_page_heading\":0,\"page_heading\":\"\",\"pageclass_sfx\":\"\",\"menu-meta_description\":\"\",\"menu-meta_keywords\":\"\",\"robots\":\"\",\"secure\":0}',279,280,0,'*',0),(471,'top','Delivery','delivery','','delivery','index.php?option=com_content&view=article&id=69','component',1,1,1,22,0,0,'0000-00-00 00:00:00',0,1,'',0,'{\"show_title\":\"1\",\"link_titles\":\"0\",\"show_intro\":\"0\",\"show_category\":\"0\",\"link_category\":\"0\",\"show_parent_category\":\"0\",\"link_parent_category\":\"0\",\"show_author\":\"0\",\"link_author\":\"0\",\"show_create_date\":\"0\",\"show_modify_date\":\"0\",\"show_publish_date\":\"0\",\"show_item_navigation\":\"0\",\"show_vote\":\"0\",\"show_icons\":\"0\",\"show_print_icon\":\"0\",\"show_email_icon\":\"0\",\"show_hits\":\"0\",\"show_noauth\":\"0\",\"menu-anchor_title\":\"\",\"menu-anchor_css\":\"\",\"menu_image\":\"\",\"menu_text\":1,\"page_title\":\"Delivery\",\"show_page_heading\":0,\"page_heading\":\"\",\"pageclass_sfx\":\"\",\"menu-meta_description\":\"\",\"menu-meta_keywords\":\"\",\"robots\":\"\",\"secure\":0}',281,282,0,'*',0),(472,'top','Contacts','contact','','contact','index.php?option=com_contact&view=contact&id=1','component',1,1,1,8,0,0,'0000-00-00 00:00:00',0,1,'',0,'{\"presentation_style\":\"plain\",\"show_contact_category\":\"hide\",\"show_contact_list\":\"0\",\"show_name\":\"0\",\"show_position\":\"0\",\"show_email\":\"0\",\"show_street_address\":\"0\",\"show_suburb\":\"0\",\"show_state\":\"0\",\"show_postcode\":\"0\",\"show_country\":\"0\",\"show_telephone\":\"0\",\"show_mobile\":\"0\",\"show_fax\":\"0\",\"show_webpage\":\"0\",\"show_misc\":\"0\",\"show_image\":\"0\",\"allow_vcard\":\"0\",\"show_articles\":\"0\",\"show_links\":\"0\",\"linka_name\":\"\",\"linkb_name\":\"\",\"linkc_name\":\"\",\"linkd_name\":\"\",\"linke_name\":\"\",\"show_email_form\":\"\",\"show_email_copy\":\"0\",\"banned_email\":\"\",\"banned_subject\":\"\",\"banned_text\":\"\",\"validate_session\":\"\",\"custom_reply\":\"\",\"redirect\":\"\",\"menu-anchor_title\":\"\",\"menu-anchor_css\":\"\",\"menu_image\":\"\",\"menu_text\":1,\"page_title\":\"Contacts\",\"show_page_heading\":0,\"page_heading\":\"\",\"pageclass_sfx\":\"contacts\",\"menu-meta_description\":\"\",\"menu-meta_keywords\":\"\",\"robots\":\"\",\"secure\":0}',285,286,0,'*',0),(473,'top','FAQs','faqs','','faqs','index.php?option=com_content&view=article&id=70','component',1,1,1,22,0,0,'0000-00-00 00:00:00',0,1,'',0,'{\"show_title\":\"1\",\"link_titles\":\"0\",\"show_intro\":\"0\",\"show_category\":\"0\",\"link_category\":\"0\",\"show_parent_category\":\"0\",\"link_parent_category\":\"0\",\"show_author\":\"0\",\"link_author\":\"0\",\"show_create_date\":\"0\",\"show_modify_date\":\"0\",\"show_publish_date\":\"0\",\"show_item_navigation\":\"0\",\"show_vote\":\"0\",\"show_icons\":\"0\",\"show_print_icon\":\"0\",\"show_email_icon\":\"0\",\"show_hits\":\"0\",\"show_noauth\":\"0\",\"urls_position\":\"\",\"menu-anchor_title\":\"\",\"menu-anchor_css\":\"\",\"menu_image\":\"\",\"menu_text\":1,\"page_title\":\"FAQS\",\"show_page_heading\":0,\"page_heading\":\"\",\"pageclass_sfx\":\"\",\"menu-meta_description\":\"\",\"menu-meta_keywords\":\"\",\"robots\":\"\",\"secure\":0}',283,284,0,'*',0),(474,'main','COM_VIRTUEMART','comvirtuemart','','comvirtuemart','index.php?option=com_virtuemart','component',0,1,1,10031,0,0,'0000-00-00 00:00:00',0,1,'../components/com_virtuemart/assets/images/vmgeneral/menu_icon.png',0,'',287,288,0,'',1),(476,'main','VirtueMart AIO','virtuemart-aio','','virtuemart-aio','index.php?option=com_virtuemart_allinone','component',0,1,1,10032,0,0,'0000-00-00 00:00:00',0,1,'class:component',0,'',289,290,0,'',1);
/*!40000 ALTER TABLE `jos_menu` ENABLE KEYS */;
UNLOCK TABLES;

--
-- Table structure for table `jos_menu_types`
--

DROP TABLE IF EXISTS `jos_menu_types`;
/*!40101 SET @saved_cs_client     = @@character_set_client */;
/*!40101 SET character_set_client = utf8 */;
CREATE TABLE `jos_menu_types` (
  `id` int(10) unsigned NOT NULL AUTO_INCREMENT,
  `menutype` varchar(24) NOT NULL,
  `title` varchar(48) NOT NULL,
  `description` varchar(255) NOT NULL DEFAULT '',
  PRIMARY KEY (`id`),
  UNIQUE KEY `idx_menutype` (`menutype`)
) ENGINE=InnoDB AUTO_INCREMENT=8 DEFAULT CHARSET=utf8;
/*!40101 SET character_set_client = @saved_cs_client */;

--
-- Dumping data for table `jos_menu_types`
--

LOCK TABLES `jos_menu_types` WRITE;
/*!40000 ALTER TABLE `jos_menu_types` DISABLE KEYS */;
INSERT INTO `jos_menu_types` VALUES (2,'usermenu','User Menu','A Menu for logged in Users'),(3,'top','Top','Links for major types of users'),(4,'aboutjoomla','About Joomla','All about Joomla!'),(5,'parks','Australian Parks','Main menu for a site about Australian  parks'),(6,'mainmenu','Main Menu','Simple Home Menu'),(7,'fruitshop','Fruit Shop','Menu for the sample shop site.');
/*!40000 ALTER TABLE `jos_menu_types` ENABLE KEYS */;
UNLOCK TABLES;

--
-- Table structure for table `jos_messages`
--

DROP TABLE IF EXISTS `jos_messages`;
/*!40101 SET @saved_cs_client     = @@character_set_client */;
/*!40101 SET character_set_client = utf8 */;
CREATE TABLE `jos_messages` (
  `message_id` int(10) unsigned NOT NULL AUTO_INCREMENT,
  `user_id_from` int(10) unsigned NOT NULL DEFAULT '0',
  `user_id_to` int(10) unsigned NOT NULL DEFAULT '0',
  `folder_id` tinyint(3) unsigned NOT NULL DEFAULT '0',
  `date_time` datetime NOT NULL DEFAULT '0000-00-00 00:00:00',
  `state` tinyint(1) NOT NULL DEFAULT '0',
  `priority` tinyint(1) unsigned NOT NULL DEFAULT '0',
  `subject` varchar(255) NOT NULL DEFAULT '',
  `message` text NOT NULL,
  PRIMARY KEY (`message_id`),
  KEY `useridto_state` (`user_id_to`,`state`)
) ENGINE=InnoDB DEFAULT CHARSET=utf8;
/*!40101 SET character_set_client = @saved_cs_client */;

--
-- Dumping data for table `jos_messages`
--

LOCK TABLES `jos_messages` WRITE;
/*!40000 ALTER TABLE `jos_messages` DISABLE KEYS */;
/*!40000 ALTER TABLE `jos_messages` ENABLE KEYS */;
UNLOCK TABLES;

--
-- Table structure for table `jos_messages_cfg`
--

DROP TABLE IF EXISTS `jos_messages_cfg`;
/*!40101 SET @saved_cs_client     = @@character_set_client */;
/*!40101 SET character_set_client = utf8 */;
CREATE TABLE `jos_messages_cfg` (
  `user_id` int(10) unsigned NOT NULL DEFAULT '0',
  `cfg_name` varchar(100) NOT NULL DEFAULT '',
  `cfg_value` varchar(255) NOT NULL DEFAULT '',
  UNIQUE KEY `idx_user_var_name` (`user_id`,`cfg_name`)
) ENGINE=InnoDB DEFAULT CHARSET=utf8;
/*!40101 SET character_set_client = @saved_cs_client */;

--
-- Dumping data for table `jos_messages_cfg`
--

LOCK TABLES `jos_messages_cfg` WRITE;
/*!40000 ALTER TABLE `jos_messages_cfg` DISABLE KEYS */;
/*!40000 ALTER TABLE `jos_messages_cfg` ENABLE KEYS */;
UNLOCK TABLES;

--
-- Table structure for table `jos_modules`
--

DROP TABLE IF EXISTS `jos_modules`;
/*!40101 SET @saved_cs_client     = @@character_set_client */;
/*!40101 SET character_set_client = utf8 */;
CREATE TABLE `jos_modules` (
  `id` int(11) NOT NULL AUTO_INCREMENT,
  `title` varchar(100) NOT NULL DEFAULT '',
  `note` varchar(255) NOT NULL DEFAULT '',
  `content` text NOT NULL,
  `ordering` int(11) NOT NULL DEFAULT '0',
  `position` varchar(50) NOT NULL DEFAULT '',
  `checked_out` int(10) unsigned NOT NULL DEFAULT '0',
  `checked_out_time` datetime NOT NULL DEFAULT '0000-00-00 00:00:00',
  `publish_up` datetime NOT NULL DEFAULT '0000-00-00 00:00:00',
  `publish_down` datetime NOT NULL DEFAULT '0000-00-00 00:00:00',
  `published` tinyint(1) NOT NULL DEFAULT '0',
  `module` varchar(50) DEFAULT NULL,
  `access` int(10) unsigned NOT NULL DEFAULT '0',
  `showtitle` tinyint(3) unsigned NOT NULL DEFAULT '1',
  `params` text NOT NULL,
  `client_id` tinyint(4) NOT NULL DEFAULT '0',
  `language` char(7) NOT NULL,
  PRIMARY KEY (`id`),
  KEY `published` (`published`,`access`),
  KEY `newsfeeds` (`module`,`published`),
  KEY `idx_language` (`language`)
) ENGINE=InnoDB AUTO_INCREMENT=142 DEFAULT CHARSET=utf8;
/*!40101 SET character_set_client = @saved_cs_client */;

--
-- Dumping data for table `jos_modules`
--

LOCK TABLES `jos_modules` WRITE;
/*!40000 ALTER TABLE `jos_modules` DISABLE KEYS */;
INSERT INTO `jos_modules` VALUES (1,'Main Menu','','',1,'position-7',0,'0000-00-00 00:00:00','0000-00-00 00:00:00','0000-00-00 00:00:00',-2,'mod_menu',1,1,'{\"menutype\":\"mainmenu\",\"startLevel\":\"0\",\"endLevel\":\"0\",\"showAllChildren\":\"0\",\"tag_id\":\"\",\"class_sfx\":\"\",\"window_open\":\"\",\"layout\":\"\",\"moduleclass_sfx\":\"_menu\",\"cache\":\"1\",\"cache_time\":\"900\",\"cachemode\":\"itemid\"}',0,'*'),(2,'Login','','',1,'login',0,'0000-00-00 00:00:00','0000-00-00 00:00:00','0000-00-00 00:00:00',1,'mod_login',1,1,'',1,'*'),(3,'Popular Articles','','',3,'cpanel',0,'0000-00-00 00:00:00','0000-00-00 00:00:00','0000-00-00 00:00:00',1,'mod_popular',3,1,'{\"count\":\"5\",\"catid\":\"\",\"user_id\":\"0\",\"layout\":\"_:default\",\"moduleclass_sfx\":\"\",\"cache\":\"0\",\"automatic_title\":\"1\"}',1,'*'),(4,'Recently Added Articles','','',4,'cpanel',0,'0000-00-00 00:00:00','0000-00-00 00:00:00','0000-00-00 00:00:00',1,'mod_latest',3,1,'{\"count\":\"5\",\"ordering\":\"c_dsc\",\"catid\":\"\",\"user_id\":\"0\",\"layout\":\"_:default\",\"moduleclass_sfx\":\"\",\"cache\":\"0\",\"automatic_title\":\"1\"}',1,'*'),(8,'Toolbar','','',1,'toolbar',0,'0000-00-00 00:00:00','0000-00-00 00:00:00','0000-00-00 00:00:00',1,'mod_toolbar',3,1,'',1,'*'),(9,'Quick Icons','','',1,'icon',0,'0000-00-00 00:00:00','0000-00-00 00:00:00','0000-00-00 00:00:00',1,'mod_quickicon',3,1,'',1,'*'),(10,'Logged-in Users','','',2,'cpanel',0,'0000-00-00 00:00:00','0000-00-00 00:00:00','0000-00-00 00:00:00',1,'mod_logged',3,1,'{\"count\":\"5\",\"name\":\"1\",\"layout\":\"_:default\",\"moduleclass_sfx\":\"\",\"cache\":\"0\",\"automatic_title\":\"1\"}',1,'*'),(12,'Admin Menu','','',1,'menu',0,'0000-00-00 00:00:00','0000-00-00 00:00:00','0000-00-00 00:00:00',1,'mod_menu',3,1,'{\"layout\":\"\",\"moduleclass_sfx\":\"\",\"shownew\":\"1\",\"showhelp\":\"1\",\"cache\":\"0\"}',1,'*'),(13,'Admin Submenu','','',1,'submenu',0,'0000-00-00 00:00:00','0000-00-00 00:00:00','0000-00-00 00:00:00',1,'mod_submenu',3,1,'',1,'*'),(14,'User Status','','',2,'status',0,'0000-00-00 00:00:00','0000-00-00 00:00:00','0000-00-00 00:00:00',1,'mod_status',3,1,'',1,'*'),(15,'Title','','',1,'title',0,'0000-00-00 00:00:00','0000-00-00 00:00:00','0000-00-00 00:00:00',1,'mod_title',3,1,'',1,'*'),(16,'Login Form','','',7,'position-7',0,'0000-00-00 00:00:00','0000-00-00 00:00:00','0000-00-00 00:00:00',-2,'mod_login',1,1,'{\"greeting\":\"1\",\"name\":\"0\"}',0,'*'),(17,'Breadcrumbs','','',1,'position-2',0,'0000-00-00 00:00:00','0000-00-00 00:00:00','0000-00-00 00:00:00',-2,'mod_breadcrumbs',1,1,'{\"moduleclass_sfx\":\"\",\"showHome\":\"1\",\"homeText\":\"Home\",\"showComponent\":\"1\",\"separator\":\"\",\"cache\":\"1\",\"cache_time\":\"900\",\"cachemode\":\"itemid\"}',0,'*'),(18,'Book Store','','',1,'position-10',0,'0000-00-00 00:00:00','0000-00-00 00:00:00','0000-00-00 00:00:00',-2,'mod_banners',1,0,'{\"target\":\"1\",\"count\":\"1\",\"cid\":\"3\",\"catid\":[\"\"],\"tag_search\":\"0\",\"ordering\":\"0\",\"header_text\":\"\",\"footer_text\":\"Books!\",\"layout\":\"_:default\",\"moduleclass_sfx\":\"\",\"cache\":\"1\",\"cache_time\":\"900\"}',0,'*'),(19,'TopMenu','','',1,'user3',42,'2012-04-03 12:19:47','0000-00-00 00:00:00','0000-00-00 00:00:00',1,'mod_menu',1,0,'{\"menutype\":\"top\",\"startLevel\":\"1\",\"endLevel\":\"0\",\"showAllChildren\":\"0\",\"tag_id\":\"\",\"class_sfx\":\"\",\"window_open\":\"\",\"layout\":\"_:default\",\"moduleclass_sfx\":\"-nav\",\"cache\":\"1\",\"cache_time\":\"900\",\"cachemode\":\"itemid\"}',0,'*'),(20,'Top','','',1,'position-1',0,'0000-00-00 00:00:00','0000-00-00 00:00:00','0000-00-00 00:00:00',-2,'mod_menu',1,1,'{\"menutype\":\"top\",\"startLevel\":\"1\",\"endLevel\":\"0\",\"showAllChildren\":\"0\",\"tag_id\":\"\",\"class_sfx\":\"\",\"maxdepth\":\"10\",\"window_open\":\"\",\"layout\":\"\",\"moduleclass_sfx\":\"\",\"cache\":\"0\"}',0,'*'),(22,'Australian Parks ','','',2,'position-5',0,'0000-00-00 00:00:00','0000-00-00 00:00:00','0000-00-00 00:00:00',-2,'mod_menu',1,1,'{\"menutype\":\"parks\",\"startLevel\":\"1\",\"endLevel\":\"0\",\"showAllChildren\":\"0\",\"tag_id\":\"\",\"class_sfx\":\"\",\"window_open\":\"\",\"layout\":\"\",\"moduleclass_sfx\":\"\",\"cache\":\"0\",\"cache_time\":\"900\",\"cachemode\":\"itemid\"}',0,'en-GB'),(23,'About Joomla!','','',4,'position-7',0,'0000-00-00 00:00:00','0000-00-00 00:00:00','0000-00-00 00:00:00',-2,'mod_menu',1,1,'{\"menutype\":\"aboutjoomla\",\"startLevel\":\"1\",\"endLevel\":\"0\",\"showAllChildren\":\"0\",\"tag_id\":\"\",\"class_sfx\":\"\",\"window_open\":\"\",\"layout\":\"\",\"moduleclass_sfx\":\"_menu\",\"cache\":\"0\",\"cache_time\":\"900\",\"cachemode\":\"itemid\"}',0,'*'),(25,'Site Map','','',1,'sitemapload',0,'0000-00-00 00:00:00','0000-00-00 00:00:00','0000-00-00 00:00:00',-2,'mod_menu',1,0,'{\"menutype\":\"mainmenu\",\"startLevel\":\"2\",\"endLevel\":\"3\",\"showAllChildren\":\"1\",\"tag_id\":\"\",\"class_sfx\":\"sitemap\",\"window_open\":\"\",\"layout\":\"\",\"moduleclass_sfx\":\"\",\"cache\":\"0\",\"cache_time\":\"900\",\"cachemode\":\"itemid\"}',0,'*'),(26,'This Site','','',5,'position-7',0,'0000-00-00 00:00:00','0000-00-00 00:00:00','0000-00-00 00:00:00',-2,'mod_menu',1,1,'{\"menutype\":\"mainmenu\",\"startLevel\":\"1\",\"endLevel\":\"1\",\"showAllChildren\":\"0\",\"tag_id\":\"\",\"class_sfx\":\"\",\"window_open\":\"\",\"layout\":\"\",\"moduleclass_sfx\":\"_menu\",\"cache\":\"0\",\"cache_time\":\"900\",\"cachemode\":\"itemid\"}',0,'*'),(27,'Archived Articles','','',1,'',0,'0000-00-00 00:00:00','0000-00-00 00:00:00','0000-00-00 00:00:00',-2,'mod_articles_archive',1,1,'{\"count\":\"10\",\"layout\":\"_:default\",\"moduleclass_sfx\":\"\",\"cache\":\"1\",\"cache_time\":\"900\",\"cachemode\":\"static\"}',0,'*'),(28,'Latest News','','',1,'',0,'0000-00-00 00:00:00','0000-00-00 00:00:00','0000-00-00 00:00:00',-2,'mod_articles_latest',1,1,'{\"catid\":[\"19\"],\"count\":\"5\",\"show_featured\":\"\",\"ordering\":\"c_dsc\",\"user_id\":\"0\",\"layout\":\"_:default\",\"moduleclass_sfx\":\"\",\"cache\":\"1\",\"cache_time\":\"900\",\"cachemode\":\"static\"}',0,'*'),(29,'Articles Most Read','','',1,'',0,'0000-00-00 00:00:00','0000-00-00 00:00:00','0000-00-00 00:00:00',-2,'mod_articles_popular',1,1,'{\"catid\":[\"26\",\"29\"],\"count\":\"5\",\"show_front\":\"1\",\"layout\":\"_:default\",\"moduleclass_sfx\":\"\",\"cache\":\"1\",\"cache_time\":\"900\",\"cachemode\":\"static\"}',0,'*'),(30,'Feed Display','','',1,'',0,'0000-00-00 00:00:00','0000-00-00 00:00:00','0000-00-00 00:00:00',-2,'mod_feed',1,1,'{\"rssurl\":\"http:\\/\\/community.joomla.org\\/blogs\\/community.feed?type=rss\",\"rssrtl\":\"0\",\"rsstitle\":\"1\",\"rssdesc\":\"1\",\"rssimage\":\"1\",\"rssitems\":\"3\",\"rssitemdesc\":\"1\",\"word_count\":\"0\",\"layout\":\"_:default\",\"moduleclass_sfx\":\"\",\"cache\":\"1\",\"cache_time\":\"900\"}',0,'*'),(31,'News Flash','','',1,'',0,'0000-00-00 00:00:00','0000-00-00 00:00:00','0000-00-00 00:00:00',-2,'mod_articles_news',1,1,'{\"catid\":[\"19\"],\"image\":\"0\",\"item_title\":\"0\",\"link_titles\":\"\",\"item_heading\":\"h4\",\"showLastSeparator\":\"1\",\"readmore\":\"1\",\"count\":\"1\",\"ordering\":\"a.publish_up\",\"layout\":\"_:default\",\"moduleclass_sfx\":\"\",\"cache\":\"1\",\"cache_time\":\"900\",\"cachemode\":\"itemid\"}',0,'*'),(33,'Random Image','','',1,'',0,'0000-00-00 00:00:00','0000-00-00 00:00:00','0000-00-00 00:00:00',-2,'mod_random_image',1,1,'{\"type\":\"jpg\",\"folder\":\"images\\/sampledata\\/parks\\/animals\",\"link\":\"\",\"width\":\"180\",\"height\":\"\",\"layout\":\"_:default\",\"moduleclass_sfx\":\"\",\"cache\":\"0\"}',0,'*'),(34,'Articles Related Items','','',1,'',0,'0000-00-00 00:00:00','0000-00-00 00:00:00','0000-00-00 00:00:00',-2,'mod_related_items',1,1,'{\"showDate\":\"0\",\"layout\":\"_:default\",\"moduleclass_sfx\":\"\",\"owncache\":\"1\"}',0,'*'),(35,'Search','','',1,'',0,'0000-00-00 00:00:00','0000-00-00 00:00:00','0000-00-00 00:00:00',-2,'mod_search',1,1,'{\"label\":\"\",\"width\":\"20\",\"text\":\"\",\"button\":\"\",\"button_pos\":\"right\",\"imagebutton\":\"\",\"button_text\":\"\",\"opensearch\":\"1\",\"opensearch_title\":\"\",\"set_itemid\":\"\",\"layout\":\"_:default\",\"moduleclass_sfx\":\"\",\"cache\":\"1\",\"cache_time\":\"900\",\"cachemode\":\"itemid\"}',0,'*'),(36,'Statistics','','',1,'',0,'0000-00-00 00:00:00','0000-00-00 00:00:00','0000-00-00 00:00:00',-2,'mod_stats',1,1,'{\"serverinfo\":\"1\",\"siteinfo\":\"1\",\"counter\":\"1\",\"increase\":\"0\",\"layout\":\"_:default\",\"moduleclass_sfx\":\"\",\"cache\":\"1\",\"cache_time\":\"900\",\"cachemode\":\"static\"}',0,'*'),(37,'Syndicate Feeds','','',1,'syndicateload',0,'0000-00-00 00:00:00','0000-00-00 00:00:00','0000-00-00 00:00:00',-2,'mod_syndicate',1,1,'{\"text\":\"Feed Entries\",\"format\":\"rss\",\"layout\":\"\",\"moduleclass_sfx\":\"\",\"cache\":\"0\"}',0,'*'),(38,'Users Latest','','',1,'',0,'0000-00-00 00:00:00','0000-00-00 00:00:00','0000-00-00 00:00:00',-2,'mod_users_latest',1,1,'{\"shownumber\":\"5\",\"linknames\":\"0\",\"layout\":\"_:default\",\"moduleclass_sfx\":\"\",\"cache\":\"0\",\"cache_time\":\"900\",\"cachemode\":\"static\"}',0,'*'),(39,'Who\'s Online','','',1,'',0,'0000-00-00 00:00:00','0000-00-00 00:00:00','0000-00-00 00:00:00',-2,'mod_whosonline',1,1,'{\"showmode\":\"2\",\"linknames\":\"0\",\"layout\":\"_:default\",\"moduleclass_sfx\":\"\",\"cache\":\"0\"}',0,'*'),(40,'Wrapper','','',1,'',0,'0000-00-00 00:00:00','0000-00-00 00:00:00','0000-00-00 00:00:00',-2,'mod_wrapper',1,1,'{\"url\":\"http:\\/\\/www.youtube.com\\/embed\\/vb2eObvmvdI\",\"add\":\"1\",\"scrolling\":\"auto\",\"width\":\"640\",\"height\":\"390\",\"height_auto\":\"1\",\"target\":\"\",\"layout\":\"_:default\",\"moduleclass_sfx\":\"\",\"cache\":\"1\",\"cache_time\":\"900\",\"cachemode\":\"static\"}',0,'*'),(41,'Footer','','',1,'',0,'0000-00-00 00:00:00','0000-00-00 00:00:00','0000-00-00 00:00:00',-2,'mod_footer',1,1,'{\"layout\":\"_:default\",\"moduleclass_sfx\":\"\",\"cache\":\"1\",\"cache_time\":\"900\",\"cachemode\":\"static\"}',0,'*'),(44,'Login','','',1,'',0,'0000-00-00 00:00:00','0000-00-00 00:00:00','0000-00-00 00:00:00',-2,'mod_login',1,1,'{\"pretext\":\"\",\"posttext\":\"\",\"login\":\"280\",\"logout\":\"280\",\"greeting\":\"1\",\"name\":\"0\",\"usesecure\":\"0\",\"layout\":\"_:default\",\"moduleclass_sfx\":\"\",\"cache\":\"0\"}',0,'*'),(45,'Menu Example','','',1,'',0,'0000-00-00 00:00:00','0000-00-00 00:00:00','0000-00-00 00:00:00',-2,'mod_menu',1,1,'{\"menutype\":\"mainmenu\",\"startLevel\":\"1\",\"endLevel\":\"0\",\"showAllChildren\":\"0\",\"tag_id\":\"\",\"class_sfx\":\"\",\"window_open\":\"\",\"layout\":\"_:default\",\"moduleclass_sfx\":\"\",\"cache\":\"0\",\"cache_time\":\"900\",\"cachemode\":\"itemid\"}',0,'*'),(47,'Latest Park Blogs','','',6,'position-7',0,'0000-00-00 00:00:00','0000-00-00 00:00:00','0000-00-00 00:00:00',-2,'mod_articles_latest',1,1,'{\"count\":\"5\",\"ordering\":\"c_dsc\",\"user_id\":\"0\",\"show_front\":\"1\",\"catid\":\"35\",\"layout\":\"\",\"moduleclass_sfx\":\"\",\"cache\":\"1\",\"cache_time\":\"900\"}',0,'en-GB'),(48,'Custom HTML','','<p>This is a custom html module. That means you can enter whatever content you want.</p>',1,'',0,'0000-00-00 00:00:00','0000-00-00 00:00:00','0000-00-00 00:00:00',-2,'mod_custom',1,1,'{\"prepare_content\":\"1\",\"backgroundimage\":\"\",\"layout\":\"_:default\",\"moduleclass_sfx\":\"\",\"cache\":\"1\",\"cache_time\":\"900\",\"cachemode\":\"static\"}',0,'*'),(49,'Weblinks','','',1,'',0,'0000-00-00 00:00:00','0000-00-00 00:00:00','0000-00-00 00:00:00',-2,'mod_weblinks',1,1,'{\"catid\":\"32\",\"count\":\"5\",\"ordering\":\"title\",\"direction\":\"asc\",\"target\":\"3\",\"description\":\"0\",\"hits\":\"0\",\"count_clicks\":\"0\",\"layout\":\"_:default\",\"moduleclass_sfx\":\"\",\"cache\":\"1\",\"cache_time\":\"900\",\"cachemode\":\"static\"}',0,'*'),(52,'Breadcrumbs','','',1,'',0,'0000-00-00 00:00:00','0000-00-00 00:00:00','0000-00-00 00:00:00',-2,'mod_breadcrumbs',1,1,'{\"showHere\":\"1\",\"showHome\":\"1\",\"homeText\":\"Home\",\"showLast\":\"1\",\"separator\":\"\",\"layout\":\"_:default\",\"moduleclass_sfx\":\"\",\"cache\":\"0\",\"cache_time\":\"900\",\"cachemode\":\"itemid\"}',0,'*'),(56,'Banners','','',1,'',0,'0000-00-00 00:00:00','0000-00-00 00:00:00','0000-00-00 00:00:00',-2,'mod_banners',1,1,'{\"target\":\"1\",\"count\":\"1\",\"cid\":\"1\",\"catid\":[\"15\"],\"tag_search\":\"0\",\"ordering\":\"random\",\"header_text\":\"\",\"footer_text\":\"\",\"layout\":\"_:default\",\"moduleclass_sfx\":\"\",\"cache\":\"1\",\"cache_time\":\"900\"}',0,'*'),(57,'Fruit Shop','','',3,'position-5',0,'0000-00-00 00:00:00','0000-00-00 00:00:00','0000-00-00 00:00:00',-2,'mod_menu',1,1,'{\"menutype\":\"fruitshop\",\"startLevel\":\"1\",\"endLevel\":\"0\",\"showAllChildren\":\"0\",\"tag_id\":\"\",\"class_sfx\":\"\",\"window_open\":\"\",\"layout\":\"\",\"moduleclass_sfx\":\"\",\"cache\":\"0\",\"cache_time\":\"900\",\"cachemode\":\"itemid\"}',0,'*'),(58,'Special!','','<h1>This week we have a special, half price on delicious oranges!</h1><div>Only for our special customers!</div><div>Use the code: Joomla! when ordering</div><p><em>This module can only be seen by people in the customers group or higher.</em></p>',1,'position-12',0,'0000-00-00 00:00:00','0000-00-00 00:00:00','0000-00-00 00:00:00',-2,'mod_custom',4,1,'{\"prepare_content\":\"1\",\"layout\":\"\",\"moduleclass_sfx\":\"\",\"cache\":\"1\",\"cache_time\":\"900\",\"cachemode\":\"static\"}',0,'*'),(61,'Articles Categories','','',1,'',0,'0000-00-00 00:00:00','0000-00-00 00:00:00','0000-00-00 00:00:00',-2,'mod_articles_categories',1,1,'{\"parent\":\"29\",\"show_description\":\"0\",\"show_children\":\"0\",\"count\":\"0\",\"maxlevel\":\"0\",\"layout\":\"_:default\",\"item_heading\":\"4\",\"moduleclass_sfx\":\"\",\"owncache\":\"1\",\"cache_time\":\"900\"}',0,'*'),(62,'Language Switcher','','',1,'left',0,'0000-00-00 00:00:00','0000-00-00 00:00:00','0000-00-00 00:00:00',-2,'mod_languages',1,1,'{\"header_text\":\"\",\"footer_text\":\"\",\"dropdown\":\"0\",\"image\":\"1\",\"inline\":\"1\",\"show_active\":\"1\",\"full_name\":\"1\",\"layout\":\"_:default\",\"moduleclass_sfx\":\"\",\"cache\":\"1\",\"cache_time\":\"900\",\"cachemode\":\"static\"}',0,'*'),(63,'Search','','',1,'position-0',0,'0000-00-00 00:00:00','0000-00-00 00:00:00','0000-00-00 00:00:00',-2,'mod_search',1,1,'{\"width\":\"20\",\"text\":\"\",\"button\":\"\",\"button_pos\":\"right\",\"imagebutton\":\"1\",\"button_text\":\"\",\"set_itemid\":\"\",\"layout\":\"\",\"moduleclass_sfx\":\"\",\"cache\":\"1\",\"cache_time\":\"900\",\"cachemode\":\"itemid\"}',0,'*'),(64,'Language Switcher','','',1,'languageswitcherload',0,'0000-00-00 00:00:00','0000-00-00 00:00:00','0000-00-00 00:00:00',-2,'mod_languages',1,1,'{\"header_text\":\"\",\"footer_text\":\"\",\"image\":\"1\",\"layout\":\"\",\"moduleclass_sfx\":\"\",\"cache\":\"1\",\"cache_time\":\"900\",\"cachemode\":\"static\"}',0,'*'),(65,'About Fruit Shop','','<p>The Fruit Shop site shows a number of Joomla! features.</p><p>The template uses classes in cascading style sheets to change the layout of items, such as creating the horizontal alphabetical list in the Fruit Encyclopedia.</p><p> </p>',1,'position-4',0,'0000-00-00 00:00:00','0000-00-00 00:00:00','0000-00-00 00:00:00',-2,'mod_custom',1,1,'{\"prepare_content\":\"1\",\"layout\":\"\",\"moduleclass_sfx\":\"\",\"cache\":\"1\",\"cache_time\":\"900\",\"cachemode\":\"static\"}',0,'*'),(67,'Extensions','','',2,'position-7',0,'0000-00-00 00:00:00','0000-00-00 00:00:00','0000-00-00 00:00:00',-2,'mod_menu',1,1,'{\"menutype\":\"aboutjoomla\",\"startLevel\":\"1\",\"endLevel\":\"6\",\"showAllChildren\":\"0\",\"tag_id\":\"\",\"class_sfx\":\"-menu\",\"window_open\":\"\",\"layout\":\"\",\"moduleclass_sfx\":\"\",\"cache\":\"0\",\"cache_time\":\"900\",\"cachemode\":\"itemid\"}',0,'*'),(68,'About Parks','','<p>The Parks sample site is designed as a simple site that can be routinely updated from the front end of Joomla!.</p><p>As a site, it is largely focused on a blog which can be updated using the front end article submission.</p><p>New weblinks can also be added through the front end.</p><p>A simple image gallery uses com_content with thumbnails displayed in a blog layout and full size images shown in article layout.</p><p>The Parks site features the language switch module. All of the content and modules are tagged as English (en-GB). If a second language pack is added with sample data this can be filtered using the language switch.</p><p>Parks uses HTML5 which is a major web standard (along with XHTML which is used in other areas of sample data).</p>',2,'position-4',0,'0000-00-00 00:00:00','0000-00-00 00:00:00','0000-00-00 00:00:00',-2,'mod_custom',1,1,'{\"prepare_content\":\"1\",\"layout\":\"\",\"moduleclass_sfx\":\"\",\"cache\":\"1\",\"cache_time\":\"900\",\"cachemode\":\"static\"}',0,'*'),(69,'Articles Category','','',1,'',0,'0000-00-00 00:00:00','0000-00-00 00:00:00','0000-00-00 00:00:00',-2,'mod_articles_category',1,1,'{\"mode\":\"normal\",\"show_on_article_page\":\"1\",\"show_front\":\"show\",\"count\":\"0\",\"category_filtering_type\":\"1\",\"catid\":[\"72\"],\"show_child_category_articles\":\"0\",\"levels\":\"1\",\"author_filtering_type\":\"1\",\"created_by\":[\"\"],\"author_alias_filtering_type\":\"1\",\"created_by_alias\":[\"\"],\"excluded_articles\":\"\",\"date_filtering\":\"off\",\"date_field\":\"a.created\",\"start_date_range\":\"\",\"end_date_range\":\"\",\"relative_date\":\"30\",\"article_ordering\":\"a.title\",\"article_ordering_direction\":\"ASC\",\"article_grouping\":\"none\",\"article_grouping_direction\":\"ksort\",\"month_year_format\":\"F Y\",\"item_heading\":\"4\",\"link_titles\":\"1\",\"show_date\":\"0\",\"show_date_field\":\"created\",\"show_date_format\":\"Y-m-d H:i:s\",\"show_category\":\"0\",\"show_hits\":\"0\",\"show_author\":\"0\",\"show_introtext\":\"0\",\"introtext_limit\":\"100\",\"show_readmore\":\"0\",\"show_readmore_title\":\"1\",\"readmore_limit\":\"15\",\"layout\":\"_:default\",\"moduleclass_sfx\":\"\",\"owncache\":\"1\",\"cache_time\":\"900\"}',0,'*'),(70,'Search (Atomic Template)','','',1,'atomic-search',0,'0000-00-00 00:00:00','0000-00-00 00:00:00','0000-00-00 00:00:00',-2,'mod_search',1,0,'{\"width\":\"20\",\"text\":\"\",\"button\":\"\",\"button_pos\":\"right\",\"imagebutton\":\"\",\"button_text\":\"\",\"set_itemid\":\"\",\"layout\":\"\",\"moduleclass_sfx\":\"\",\"cache\":\"1\",\"cache_time\":\"900\",\"cachemode\":\"itemid\"}',0,'*'),(71,'Top Menu (Atomic Template)','','',1,'atomic-topmenu',0,'0000-00-00 00:00:00','0000-00-00 00:00:00','0000-00-00 00:00:00',-2,'mod_menu',1,0,'{\"menutype\":\"aboutjoomla\",\"startLevel\":\"1\",\"endLevel\":\"0\",\"showAllChildren\":\"0\",\"tag_id\":\"\",\"class_sfx\":\"\",\"window_open\":\"\",\"layout\":\"\",\"moduleclass_sfx\":\"\",\"cache\":\"1\",\"cache_time\":\"900\",\"cachemode\":\"itemid\"}',0,'*'),(72,'Top Quote (Atomic Template)','','<hr />\r\n<h2 class=\"alt\">Powerful Content Management and a Simple Extensible Framework.</h2>\r\n<hr />',1,'atomic-topquote',0,'0000-00-00 00:00:00','0000-00-00 00:00:00','0000-00-00 00:00:00',-2,'mod_custom',1,0,'{\"prepare_content\":\"1\",\"layout\":\"\",\"moduleclass_sfx\":\"\",\"cache\":\"1\",\"cache_time\":\"900\",\"cachemode\":\"static\"}',0,'*'),(73,'Bottom Left Column (Atomic Template)','','<h6>This is a nested column</h6>\r\n<p>Lorem ipsum dolor sit amet, consectetur adipisicing elit, sed do eiusmod tempor incididunt ut labore et dolore magna aliqua. Ut enim ad minim veniam, quis nostrud exercitation ullamco laboris nisi ut aliquip ex ea commodo consequat. Duis aute irure dolor in reprehenderit in voluptate velit esse cillum dolore eu fugiat nulla pariatur.</p>',1,'atomic-bottomleft',0,'0000-00-00 00:00:00','0000-00-00 00:00:00','0000-00-00 00:00:00',-2,'mod_custom',1,0,'{\"prepare_content\":\"1\",\"layout\":\"\",\"moduleclass_sfx\":\"\",\"cache\":\"1\",\"cache_time\":\"900\",\"cachemode\":\"static\"}',0,'*'),(74,'Bottom Middle Column (Atomic Template)','','<h6>This is another nested column</h6>\r\n<p>Lorem ipsum dolor sit amet, consectetur adipisicing elit, sed do eiusmod tempor incididunt ut labore et dolore magna aliqua. Ut enim ad minim veniam, quis nostrud exercitation ullamco laboris nisi ut aliquip ex ea commodo consequat. Duis aute irure dolor in reprehenderit in voluptate velit esse cillum dolore eu fugiat nulla pariatur.</p>',1,'atomic-bottommiddle',0,'0000-00-00 00:00:00','0000-00-00 00:00:00','0000-00-00 00:00:00',-2,'mod_custom',1,0,'{\"prepare_content\":\"1\",\"layout\":\"\",\"moduleclass_sfx\":\"\",\"cache\":\"1\",\"cache_time\":\"900\",\"cachemode\":\"static\"}',0,'*'),(75,'Sidebar (Atomic Template)','','<h3>A <span class=\"alt\">Simple</span> Sidebar</h3>\r\n<p>Vestibulum ante ipsum primis in faucibus orci luctus et ultrices posuere cubilia Curae; Cras ornare mattis nunc. Mauris venenatis, pede sed aliquet vehicula, lectus tellus pulvinar neque, non cursus sem nisi vel augue.</p>\r\n<p class=\"quiet\">Vestibulum ante ipsum primis in faucibus orci luctus et ultrices posuere cubilia Curae; Cras ornare mattis nunc. Mauris venenatis, pede sed aliquet vehicula, lectus tellus pulvinar neque, non cursus sem nisi vel augue.</p>\r\n<h5>Incremental leading</h5>\r\n<p class=\"incr\">Vestibulum ante ipsum primis in faucibus orci luctus vestibulum ante ipsum primis in faucibus orci luctus et ultrices posuere cubilia Curae; Cras ornare mattis nunc. Mauris venenatis, pede sed aliquet vehicula, lectus tellus pulvinar neque, non cursus sem nisi vel augue. sed aliquet vehicula, lectus tellus.</p>\r\n<p class=\"incr\">Vestibulum ante ipsum primis in faucibus orci luctus et ultrices posuere cubilia Curae; Cras ornare mattis nunc. Mauris venenatis, pede sed aliquet vehicula, lectus tellus pulvinar neque, non cursus sem nisi vel augue. sed aliquet vehicula, lectus tellus pulvinar neque, non cursus sem nisi vel augue. ipsum primis in faucibus orci luctus et ultrices posuere cubilia Curae; Cras ornare mattis nunc. Mauris venenatis, pede sed aliquet vehicula, lectus tellus pulvinar neque, non cursus sem nisi vel augue. sed aliquet vehicula, lectus tellus pulvinar neque, non cursus sem nisi vel augue.</p>',1,'atomic-sidebar',0,'0000-00-00 00:00:00','0000-00-00 00:00:00','0000-00-00 00:00:00',-2,'mod_custom',1,0,'{\"prepare_content\":\"1\",\"layout\":\"\",\"moduleclass_sfx\":\"\",\"cache\":\"1\",\"cache_time\":\"900\",\"cachemode\":\"static\"}',0,'*'),(76,'Login (Atomic Template)','','',2,'atomic-sidebar',0,'0000-00-00 00:00:00','0000-00-00 00:00:00','0000-00-00 00:00:00',-2,'mod_login',1,0,'{\"pretext\":\"\",\"posttext\":\"\",\"login\":\"\",\"logout\":\"\",\"greeting\":\"1\",\"name\":\"0\",\"usesecure\":\"0\",\"layout\":\"\",\"moduleclass_sfx\":\"\",\"cache\":\"0\"}',0,'*'),(77,'Shop','','',1,'position-11',0,'0000-00-00 00:00:00','0000-00-00 00:00:00','0000-00-00 00:00:00',-2,'mod_banners',1,0,'{\"target\":\"1\",\"count\":\"1\",\"cid\":\"2\",\"catid\":[\"15\"],\"tag_search\":\"0\",\"ordering\":\"0\",\"header_text\":\"\",\"footer_text\":\"Shop!\",\"layout\":\"_:default\",\"moduleclass_sfx\":\"\",\"cache\":\"1\",\"cache_time\":\"900\"}',0,'*'),(78,'Contribute','','',1,'position-9',0,'0000-00-00 00:00:00','0000-00-00 00:00:00','0000-00-00 00:00:00',-2,'mod_banners',1,0,'{\"target\":\"1\",\"count\":\"1\",\"cid\":\"1\",\"catid\":[\"15\"],\"tag_search\":\"0\",\"ordering\":\"0\",\"header_text\":\"\",\"footer_text\":\"Contribute! \",\"layout\":\"_:default\",\"moduleclass_sfx\":\"\",\"cache\":\"1\",\"cache_time\":\"900\"}',0,'*'),(79,'Multilanguage status','','',1,'status',0,'0000-00-00 00:00:00','0000-00-00 00:00:00','0000-00-00 00:00:00',0,'mod_multilangstatus',3,1,'{\"layout\":\"_:default\",\"moduleclass_sfx\":\"\",\"cache\":\"0\"}',1,'*'),(94,'Slider','','',1,'user8',0,'0000-00-00 00:00:00','0000-00-00 00:00:00','0000-00-00 00:00:00',1,'mod_nivoslider',1,0,'{\"moduleclass_sfx\":\"_slider\",\"imagesDir\":\"images\\/stories\\/gallery\\/\",\"subDir\":\"0\",\"imagesAttributes\":\"Image1||index.php\\/component\\/virtuemart\\/mobile\\/product-7-detail?Itemid=0\\r\\nImage2||index.php\\/component\\/virtuemart\\/clothing\\/product-8-detail?Itemid=0\\r\\nImage3||index.php\\/component\\/virtuemart\\/clothing\\/product-9-detail?Itemid=0\\r\\n\",\"target\":\"_self\",\"style\":\"enhanced\",\"customStyle\":\"\",\"soundFX\":\"0\",\"sound\":\"nivo-szakislider.ogg\",\"soundVol\":\"1\",\"effect\":\"fade\",\"slices\":\"10\",\"animSpeed\":\"300\",\"pauseTime\":\"9000\",\"startSlide\":\"0\",\"directionNav\":\"0\",\"directionNavHide\":\"0\",\"controlNav\":\"1\",\"controlNavThumbs\":\"0\",\"controlNavThumbsSearch\":\".jpg\",\"controlNavThumbsReplace\":\"_thumb.jpg\",\"keyboardNav\":\"1\",\"pauseOnHover\":\"1\",\"manualAdvance\":\"0\",\"captionOpacity\":\"1\",\"jQuery\":\"0\",\"layout\":\"_:default\",\"cache\":\"1\",\"cache_time\":\"900\",\"cachemode\":\"itemid\"}',0,'*'),(96,'Login Form','','',1,'user10',0,'0000-00-00 00:00:00','0000-00-00 00:00:00','0000-00-00 00:00:00',-2,'mod_login',1,0,'{\"pretext\":\"\",\"posttext\":\"\",\"login\":\"\",\"logout\":\"\",\"greeting\":\"1\",\"name\":\"1\",\"usesecure\":\"0\",\"layout\":\"_:default\",\"moduleclass_sfx\":\"_login\",\"cache\":\"0\"}',0,'*'),(97,'FooterMenu','','',1,'footer',0,'0000-00-00 00:00:00','0000-00-00 00:00:00','0000-00-00 00:00:00',1,'mod_menu',1,0,'{\"menutype\":\"top\",\"startLevel\":\"1\",\"endLevel\":\"0\",\"showAllChildren\":\"0\",\"tag_id\":\"\",\"class_sfx\":\"\",\"window_open\":\"\",\"layout\":\"_:default\",\"moduleclass_sfx\":\"-nav\",\"cache\":\"1\",\"cache_time\":\"900\",\"cachemode\":\"itemid\"}',0,'*'),(98,'FooterText','','',1,'footer',42,'2012-02-29 12:25:58','0000-00-00 00:00:00','0000-00-00 00:00:00',1,'mod_footer',1,0,'{\"layout\":\"_:default\",\"moduleclass_sfx\":\"\",\"cache\":\"1\",\"cache_time\":\"900\",\"cachemode\":\"static\"}',0,'*'),(99,'Currencies:','','',1,'user5',42,'2012-02-29 12:26:10','0000-00-00 00:00:00','0000-00-00 00:00:00',1,'mod_virtuemart_currencies',1,1,'{\"text_before\":\"\",\"product_currency\":\"\",\"cache\":\"0\",\"moduleclass_sfx\":\"\",\"class_sfx\":\"\"}',0,'*'),(100,'New products','','',1,'new',0,'0000-00-00 00:00:00','0000-00-00 00:00:00','0000-00-00 00:00:00',1,'mod_virtuemart_product',1,1,'{\"layout\":\"scroll\",\"product_group\":\"latest\",\"max_items\":\"8\",\"products_per_row\":\"8\",\"display_style\":\"div\",\"effect\":\"easeInOutBack\",\"autoPlay\":\"true\",\"animSpeed\":\"500\",\"pauseTime\":\"9000\",\"controlNav\":\"1\",\"arrows\":\"0\",\"pauseOnHover\":\"1\",\"show_img\":\"1\",\"show_title\":\"1\",\"show_desc\":\"1\",\"row_desc\":\"40\",\"show_det\":\"0\",\"show_price\":\"1\",\"show_addtocart\":\"1\",\"headerText\":\"\",\"footerText\":\"\",\"filter_category\":\"0\",\"virtuemart_category_id\":\"0\",\"cache\":\"0\",\"moduleclass_sfx\":\"_new\",\"class_sfx\":\"\"}',0,'*'),(101,'VM - Best Sales','','',1,'position-4',0,'0000-00-00 00:00:00','0000-00-00 00:00:00','0000-00-00 00:00:00',-2,'mod_virtuemart_product',1,1,'',0,''),(102,'Search','','',1,'user4',0,'0000-00-00 00:00:00','0000-00-00 00:00:00','0000-00-00 00:00:00',-2,'mod_virtuemart_search',1,0,'{\"width\":\"70\",\"text\":\"Enter search keywords here\",\"filter_category\":\"1\",\"button\":\"1\",\"button_pos\":\"right\",\"imagebutton\":\"\",\"button_text\":\"Search\"}',0,'*'),(103,'VM - Manufacturer','','',6,'left',0,'0000-00-00 00:00:00','0000-00-00 00:00:00','0000-00-00 00:00:00',-2,'mod_virtuemart_manufacturer',1,1,'{\"show\":\"all\",\"display_style\":\"list\",\"manufacturers_per_row\":\"\",\"headerText\":\"\",\"footerText\":\"\"}',0,'*'),(104,'VM - Shopping cart','','',1,'user6',0,'0000-00-00 00:00:00','0000-00-00 00:00:00','0000-00-00 00:00:00',-2,'mod_virtuemart_cart',1,0,'{\"moduleclass_sfx\":\"\",\"show_price\":\"0\",\"show_product_list\":\"0\"}',0,'*'),(105,'Category','','',8,'left',0,'0000-00-00 00:00:00','0000-00-00 00:00:00','0000-00-00 00:00:00',-2,'mod_virtuemart_category',1,1,'{\"Parent_Category_id\":\"0\",\"layout\":\"default\",\"cache\":\"0\",\"moduleclass_sfx\":\"-category\",\"class_sfx\":\"\"}',0,'*'),(106,'Google Map ','','',1,'right',0,'0000-00-00 00:00:00','0000-00-00 00:00:00','0000-00-00 00:00:00',0,'mod_JGMap',1,1,'{\"width\":\"274\",\"height\":\"350\",\"mapName\":\"map\",\"mapType\":\"ROADMAP\",\"smallmap\":\"1\",\"navControls\":\"1\",\"static\":\"0\",\"lat\":\"40.64974019634333\",\"lng\":\"-73.94954252243042\",\"zoom\":\"14\",\"marker\":\"1\",\"marker_lat\":\"40.64974019634333\",\"marker_lng\":\"-73.94954252243042\",\"marker_title\":\"TM\"}',0,'*'),(107,'The Company Name Inc.','','                               <dl>\r\n                                   <dt>8901 Marmora Road,<br />Glasgow, D04 89GR.</dt>\r\n                                   <dd><span>Freephone:</span>+1 800 559 6580</dd> \r\n                                   <dd><span>Telephone:</span>+1 959 603 6035</dd>\r\n                                   <dd class=\"dd-bot\"><span>FAX:</span>+1 504 889 9898</dd>\r\n                                   <dd>E-mail:<a href=\"#\">mail@demolink.org</a></dd>\r\n                               </dl>\r\n                               <dl>\r\n                                   <dt>9863 - 9867 Mill Road,<br />Cambridge, MG09 99HT</dt>\r\n                                   <dd><span>Freephone:</span>+1 800 559 6580</dd> \r\n                                   <dd><span>Telephone:</span>+1 959 603 6035</dd>\r\n                                   <dd class=\"dd-bot\"><span>FAX:</span>+1 504 889 9898</dd>\r\n                                   <dd>E-mail:<a href=\"#\">mail@demolink.org</a></dd>\r\n                               </dl>\r\n                                ',2,'left',42,'2012-02-29 12:26:03','0000-00-00 00:00:00','0000-00-00 00:00:00',1,'mod_custom',1,1,'{\"prepare_content\":\"1\",\"backgroundimage\":\"\",\"layout\":\"_:default\",\"moduleclass_sfx\":\"_address\",\"cache\":\"1\",\"cache_time\":\"900\",\"cachemode\":\"static\"}',0,'*'),(108,'Bread','','',1,'user8',0,'0000-00-00 00:00:00','0000-00-00 00:00:00','0000-00-00 00:00:00',-2,'mod_breadcrumbs',1,1,'{\"showHere\":\"1\",\"showHome\":\"1\",\"homeText\":\"\",\"showLast\":\"1\",\"separator\":\"\",\"layout\":\"_:default\",\"moduleclass_sfx\":\"\",\"cache\":\"1\",\"cache_time\":\"900\",\"cachemode\":\"itemid\"}',0,'*'),(109,'Search','','',1,'user4',0,'0000-00-00 00:00:00','0000-00-00 00:00:00','0000-00-00 00:00:00',-2,'mod_search',1,0,'{\"label\":\"\",\"width\":\"20\",\"text\":\"\",\"button\":\"\",\"button_pos\":\"right\",\"imagebutton\":\"\",\"button_text\":\"\",\"opensearch\":\"1\",\"opensearch_title\":\"\",\"set_itemid\":\"\",\"layout\":\"_:default\",\"moduleclass_sfx\":\"\",\"cache\":\"1\",\"cache_time\":\"900\",\"cachemode\":\"itemid\"}',0,'*'),(111,'Category ver','','',9,'left',0,'0000-00-00 00:00:00','0000-00-00 00:00:00','0000-00-00 00:00:00',-2,'mod_phoca_vm_category',1,1,'{\"layout\":\"list\",\"enable_superfish\":\"1\",\"cache\":\"0\",\"moduleclass_sfx\":\"-category\",\"class_sfx\":\"\",\"parent_category_id\":\"0\",\"all_categories\":\"0\",\"enable_desc\":\"0\",\"enable_thumbs\":\"0\",\"submenu_style\":\"\",\"column_style\":\"\",\"count_parentmenu\":\"20\",\"count_submenu\":\"20\",\"count_columns\":\"0\",\"count_levels\":\"20\"}',0,'*'),(112,'Category hor','','',1,'user7',0,'0000-00-00 00:00:00','0000-00-00 00:00:00','0000-00-00 00:00:00',-2,'mod_phoca_vm_category',1,0,'{\"layout\":\"superfish\",\"enable_superfish\":\"1\",\"cache\":\"0\",\"moduleclass_sfx\":\"-categories\",\"class_sfx\":\"\",\"parent_category_id\":\"0\",\"all_categories\":\"0\",\"enable_desc\":\"0\",\"enable_thumbs\":\"0\",\"submenu_style\":\"\",\"column_style\":\"\",\"count_parentmenu\":\"8\",\"count_submenu\":\"20\",\"count_columns\":\"0\",\"count_levels\":\"20\"}',0,'*'),(113,'Category hor (2)','','',1,'user7',0,'0000-00-00 00:00:00','0000-00-00 00:00:00','0000-00-00 00:00:00',-2,'mod_phoca_vm_category',1,0,'{\"layout\":\"dropdown\",\"enable_superfish\":\"1\",\"cache\":\"0\",\"moduleclass_sfx\":\"-category2\",\"class_sfx\":\"\",\"parent_category_id\":\"0\",\"all_categories\":\"0\",\"enable_desc\":\"0\",\"enable_thumbs\":\"1\",\"submenu_style\":\"width:910px;\",\"column_style\":\"float:left; width:300px;\",\"count_parentmenu\":\"8\",\"count_submenu\":\"20\",\"count_columns\":\"3\",\"count_levels\":\"20\"}',0,'*'),(114,'Category hor (copy)','','',1,'user7',0,'0000-00-00 00:00:00','0000-00-00 00:00:00','0000-00-00 00:00:00',-2,'mod_phoca_vm_category',1,0,'{\"layout\":\"all\",\"enable_superfish\":\"1\",\"cache\":\"0\",\"moduleclass_sfx\":\"-categories\",\"class_sfx\":\"\",\"parent_category_id\":\"0\",\"all_categories\":\"0\",\"enable_desc\":\"0\",\"enable_thumbs\":\"0\",\"submenu_style\":\"\",\"column_style\":\"\",\"count_parentmenu\":\"8\",\"count_submenu\":\"20\",\"count_columns\":\"0\",\"count_levels\":\"20\"}',0,'*'),(115,'Category','','',1,'user7',0,'0000-00-00 00:00:00','0000-00-00 00:00:00','0000-00-00 00:00:00',-2,'mod_phoca_vm_category',1,1,'{\"layout\":\"dropdawn\",\"enable_superfish\":\"0\",\"cache\":\"0\",\"moduleclass_sfx\":\"-category\",\"class_sfx\":\"\",\"parent_category_id\":\"0\",\"all_categories\":\"0\",\"enable_desc\":\"0\",\"enable_thumbs\":\"1\",\"submenu_style\":\"\",\"column_style\":\"\",\"count_parentmenu\":\"20\",\"count_submenu\":\"20\",\"count_columns\":\"3\",\"count_levels\":\"20\"}',0,'*'),(116,'Category hor (2)','','',1,'user7',0,'0000-00-00 00:00:00','0000-00-00 00:00:00','0000-00-00 00:00:00',-2,'mod_phoca_vm_category',1,0,'{\"layout\":\"dropdawn\",\"enable_superfish\":\"0\",\"cache\":\"0\",\"moduleclass_sfx\":\"-category2\",\"class_sfx\":\"\",\"parent_category_id\":\"0\",\"all_categories\":\"0\",\"enable_desc\":\"0\",\"enable_thumbs\":\"1\",\"submenu_style\":\"width:910px;\",\"column_style\":\"float:left; width:300px;\",\"count_parentmenu\":\"8\",\"count_submenu\":\"20\",\"count_columns\":\"3\",\"count_levels\":\"20\"}',0,'*'),(117,'Random products','','',1,'user2',0,'0000-00-00 00:00:00','0000-00-00 00:00:00','0000-00-00 00:00:00',-2,'mod_virtuemart_product',1,1,'{\"layout\":\"default\",\"product_group\":\"random\",\"max_items\":\"12\",\"products_per_row\":\"6\",\"display_style\":\"list\",\"enable_js\":\"0\",\"show_price\":\"1\",\"show_addtocart\":\"1\",\"headerText\":\"\",\"footerText\":\"\",\"filter_category\":\"0\",\"virtuemart_category_id\":\"0\",\"cache\":\"0\",\"moduleclass_sfx\":\"_special\",\"class_sfx\":\"\"}',0,'*'),(118,'Slider (2)','','',1,'user8',0,'0000-00-00 00:00:00','0000-00-00 00:00:00','0000-00-00 00:00:00',-2,'mod_nivoslider',1,0,'{\"moduleclass_sfx\":\"_slider\",\"imagesDir\":\"images\\/stories\\/gallery\\/\",\"subDir\":\"0\",\"imagesAttributes\":\"Image1||index.php?page=shop.product_details&category_id=15&flypage=flypage.tpl&product_id=80&option=com_virtuemart&Itemid=29\\r\\nImage2||index.php?page=shop.product_details&category_id=15&flypage=flypage.tpl&product_id=79&option=com_virtuemart&Itemid=29\\r\\nImage3||index.php?page=shop.product_details&category_id=15&flypage=flypage.tpl&product_id=78&option=com_virtuemart&Itemid=29\",\"target\":\"_self\",\"style\":\"enhanced\",\"customStyle\":\"\",\"soundFX\":\"0\",\"sound\":\"nivo-szakislider.ogg\",\"soundVol\":\"1\",\"effect\":\"fade\",\"slices\":\"10\",\"animSpeed\":\"300\",\"pauseTime\":\"7000\",\"startSlide\":\"0\",\"directionNav\":\"0\",\"directionNavHide\":\"0\",\"controlNav\":\"1\",\"controlNavThumbs\":\"0\",\"controlNavThumbsSearch\":\".jpg\",\"controlNavThumbsReplace\":\"_thumb.jpg\",\"keyboardNav\":\"1\",\"pauseOnHover\":\"1\",\"manualAdvance\":\"0\",\"captionOpacity\":\"0.8\",\"jQuery\":\"0\",\"layout\":\"_:default\",\"cache\":\"1\",\"cache_time\":\"900\",\"cachemode\":\"itemid\"}',0,'*'),(119,'Random products (copy)','','',5,'user2',0,'0000-00-00 00:00:00','0000-00-00 00:00:00','0000-00-00 00:00:00',-2,'mod_virtuemart_product',1,1,'{\"layout\":\"default\",\"product_group\":\"random\",\"max_items\":\"12\",\"products_per_row\":\"6\",\"display_style\":\"div\",\"show_price\":\"1\",\"show_addtocart\":\"1\",\"headerText\":\"\",\"footerText\":\"\",\"filter_category\":\"0\",\"virtuemart_category_id\":\"0\",\"cache\":\"0\",\"moduleclass_sfx\":\"_special\",\"class_sfx\":\"\"}',0,'*'),(120,'Featured products (2)','','',4,'user2',0,'0000-00-00 00:00:00','0000-00-00 00:00:00','0000-00-00 00:00:00',-2,'mod_virtuemart_product',1,1,'{\"layout\":\"default\",\"product_group\":\"featured\",\"max_items\":\"6\",\"products_per_row\":\"6\",\"display_style\":\"div\",\"show_img\":\"1\",\"show_title\":\"1\",\"show_desc\":\"0\",\"show_price\":\"1\",\"show_addtocart\":\"1\",\"show_details\":\"1\",\"headerText\":\"\",\"footerText\":\"\",\"filter_category\":\"0\",\"virtuemart_category_id\":\"0\",\"cache\":\"0\",\"moduleclass_sfx\":\"_special\",\"class_sfx\":\"\"}',0,'*'),(121,'Categories','','',5,'left',0,'0000-00-00 00:00:00','0000-00-00 00:00:00','0000-00-00 00:00:00',-2,'mod_phoca_vm_category',1,1,'{\"layout\":\"list\",\"enable_superfish\":\"0\",\"cache\":\"0\",\"moduleclass_sfx\":\"-category\",\"class_sfx\":\"\",\"parent_category_id\":\"0\",\"all_categories\":\"0\",\"enable_desc\":\"0\",\"enable_thumbs\":\"0\",\"submenu_style\":\"\",\"column_style\":\"\",\"count_parentmenu\":\"21\",\"count_submenu\":\"21\",\"count_columns\":\"0\",\"count_levels\":\"21\"}',0,'*'),(122,'VM - Currencies Selector','','',4,'position-4',0,'0000-00-00 00:00:00','0000-00-00 00:00:00','0000-00-00 00:00:00',-2,'mod_virtuemart_currencies',1,1,'',0,''),(123,'VM - Featured products','','',3,'position-4',0,'0000-00-00 00:00:00','0000-00-00 00:00:00','0000-00-00 00:00:00',-2,'mod_virtuemart_product',1,1,'',0,''),(124,'VM - Search in Shop','','',2,'position-4',0,'0000-00-00 00:00:00','0000-00-00 00:00:00','0000-00-00 00:00:00',-2,'mod_virtuemart_search',1,1,'',0,''),(125,'VM - Category','','',6,'position-4',0,'0000-00-00 00:00:00','0000-00-00 00:00:00','0000-00-00 00:00:00',-2,'mod_virtuemart_category',1,1,'',0,''),(126,'Search','','',1,'user4',0,'0000-00-00 00:00:00','0000-00-00 00:00:00','0000-00-00 00:00:00',0,'mod_search',1,0,'{\"label\":\"\",\"width\":\"200\",\"text\":\"\",\"button\":\"1\",\"button_pos\":\"right\",\"imagebutton\":\"\",\"button_text\":\".\",\"opensearch\":\"1\",\"opensearch_title\":\"\",\"set_itemid\":\"\",\"layout\":\"_:default\",\"moduleclass_sfx\":\"\",\"cache\":\"1\",\"cache_time\":\"900\",\"cachemode\":\"itemid\"}',0,'*'),(127,'Search (copy)','','',1,'user4',0,'0000-00-00 00:00:00','0000-00-00 00:00:00','0000-00-00 00:00:00',-2,'mod_search',1,0,'{\"label\":\"\",\"width\":\"80\",\"text\":\"Enter search keywords here\",\"button\":\"1\",\"button_pos\":\"right\",\"imagebutton\":\"\",\"button_text\":\"search\",\"opensearch\":\"1\",\"opensearch_title\":\"\",\"set_itemid\":\"\",\"layout\":\"_:default\",\"moduleclass_sfx\":\"\",\"cache\":\"1\",\"cache_time\":\"900\",\"cachemode\":\"itemid\"}',0,'*'),(128,'Cart','','',0,'user6',42,'2012-04-03 12:19:50','0000-00-00 00:00:00','0000-00-00 00:00:00',1,'mod_virtuemart_cart',1,0,'{\"moduleclass_sfx\":\"\",\"show_price\":\"0\",\"show_product_list\":\"0\"}',0,'*'),(129,'www','','',10,'left',0,'0000-00-00 00:00:00','0000-00-00 00:00:00','0000-00-00 00:00:00',-2,'mod_menu',1,1,'{\"menutype\":\"mainmenu\",\"startLevel\":\"1\",\"endLevel\":\"0\",\"showAllChildren\":\"0\",\"tag_id\":\"\",\"class_sfx\":\"\",\"window_open\":\"\",\"layout\":\"_:default\",\"moduleclass_sfx\":\"\",\"cache\":\"1\",\"cache_time\":\"900\",\"cachemode\":\"itemid\"}',0,'*'),(130,'Login Form','','',1,'user10',42,'2012-04-03 12:19:46','0000-00-00 00:00:00','0000-00-00 00:00:00',1,'mod_yj_pop_login',1,0,'{\"cache\":\"0\",\"moduleclass_sfx\":\"_LoginForm\",\"pretext\":\"Welcome visitor you can\",\"posttext\":\"\",\"login\":\"\",\"logout\":\"\",\"greeting\":\"1\",\"name\":\"0\",\"usesecure\":\"0\"}',0,'*'),(131,'Banners','','',1,'user8',0,'0000-00-00 00:00:00','0000-00-00 00:00:00','0000-00-00 00:00:00',1,'mod_banners',1,0,'{\"target\":\"1\",\"count\":\"2\",\"cid\":\"1\",\"catid\":[\"15\"],\"tag_search\":\"0\",\"ordering\":\"0\",\"header_text\":\"\",\"footer_text\":\"\",\"layout\":\"_:default\",\"moduleclass_sfx\":\"_banners\",\"cache\":\"1\",\"cache_time\":\"900\"}',0,'*'),(132,'Specials','','',7,'left',0,'0000-00-00 00:00:00','0000-00-00 00:00:00','0000-00-00 00:00:00',-2,'mod_virtuemart_product',1,1,'{\"layout\":\"default\",\"product_group\":\"featured\",\"max_items\":\"1\",\"products_per_row\":\"1\",\"display_style\":\"div\",\"effect\":\"easeInOutBack\",\"autoPlay\":\"true\",\"animSpeed\":\"500\",\"pauseTime\":\"9000\",\"controlNav\":\"1\",\"arrows\":\"0\",\"pauseOnHover\":\"1\",\"show_img\":\"1\",\"show_title\":\"1\",\"show_desc\":\"1\",\"row_desc\":\"50\",\"show_det\":\"0\",\"show_price\":\"1\",\"show_addtocart\":\"1\",\"headerText\":\"\",\"footerText\":\"\",\"filter_category\":\"0\",\"virtuemart_category_id\":\"0\",\"cache\":\"0\",\"moduleclass_sfx\":\"_special\",\"class_sfx\":\"\"}',0,'*'),(133,'Social','','<ul class=\"social\">\r\n<li><a href=\"https://twitter.com/\" target=\"_blank\"><img src=\"images/stories/twitter.jpg\" /></a></li>\r\n<li><a href=\"https://www.facebook.com/\" target=\"_blank\"><img src=\"images/stories/facebook.jpg\" /></a></li>\r\n<li><a href=\"https://google.com/\" target=\"_blank\"><img src=\"images/stories/google.jpg\" /></a></li>\r\n<li><a href=\"https://delicious.com/\" target=\"_blank\"><img src=\"images/stories/delicious.jpg\" /></a></li>\r\n<li><a href=\"https://www.youtube.com/\" target=\"_blank\"><img src=\"images/stories/youtube.jpg\" /></a></li>\r\n<li><a href=\"#\" target=\"_blank\"><img src=\"images/stories/rss.jpg\" /></a></li>\r\n</ul>\r\n',4,'left',42,'2012-04-03 12:19:40','0000-00-00 00:00:00','0000-00-00 00:00:00',1,'mod_custom',1,0,'{\"prepare_content\":\"1\",\"backgroundimage\":\"\",\"layout\":\"_:default\",\"moduleclass_sfx\":\"_social\",\"cache\":\"1\",\"cache_time\":\"900\",\"cachemode\":\"static\"}',0,'*'),(134,'New products (copy)','','',1,'new',0,'0000-00-00 00:00:00','0000-00-00 00:00:00','0000-00-00 00:00:00',-2,'mod_virtuemart_product',1,1,'{\"layout\":\"default\",\"product_group\":\"latest\",\"max_items\":\"8\",\"products_per_row\":\"4\",\"display_style\":\"div\",\"effect\":\"easeInOutBack\",\"autoPlay\":\"true\",\"animSpeed\":\"500\",\"pauseTime\":\"9000\",\"controlNav\":\"1\",\"arrows\":\"0\",\"pauseOnHover\":\"1\",\"show_img\":\"1\",\"show_title\":\"1\",\"show_desc\":\"1\",\"row_desc\":\"50\",\"show_det\":\"0\",\"show_price\":\"1\",\"show_addtocart\":\"1\",\"headerText\":\"\",\"footerText\":\"\",\"filter_category\":\"0\",\"virtuemart_category_id\":\"0\",\"cache\":\"0\",\"moduleclass_sfx\":\"_new\",\"class_sfx\":\"\"}',0,'*'),(135,'Category','','',1,'user7',0,'0000-00-00 00:00:00','0000-00-00 00:00:00','0000-00-00 00:00:00',1,'mod_phoca_vm_category',1,0,'{\"layout\":\"dropdawn\",\"enable_superfish\":\"0\",\"cache\":\"0\",\"moduleclass_sfx\":\"-category\",\"class_sfx\":\"\",\"parent_category_id\":\"0\",\"all_categories\":\"0\",\"enable_desc\":\"0\",\"enable_thumbs\":\"0\",\"submenu_style\":\"\",\"column_style\":\"\",\"count_parentmenu\":\"5\",\"count_submenu\":\"30\",\"count_columns\":\"3\",\"count_levels\":\"2\"}',0,'*'),(136,'Category (copy)','','',1,'user7',0,'0000-00-00 00:00:00','0000-00-00 00:00:00','0000-00-00 00:00:00',-2,'mod_phoca_vm_category',1,0,'{\"layout\":\"dropdawn\",\"enable_superfish\":\"0\",\"cache\":\"0\",\"moduleclass_sfx\":\"-category\",\"class_sfx\":\"\",\"parent_category_id\":\"0\",\"all_categories\":\"0\",\"enable_desc\":\"0\",\"enable_thumbs\":\"1\",\"submenu_style\":\"width:982px;\",\"column_style\":\"width:160px;float:left; margin-left:25px;\",\"count_parentmenu\":\"5\",\"count_submenu\":\"30\",\"count_columns\":\"3\",\"count_levels\":\"3\"}',0,'*'),(137,'Best Sales','','',3,'user2',0,'0000-00-00 00:00:00','0000-00-00 00:00:00','0000-00-00 00:00:00',1,'mod_virtuemart_product',1,1,'{\"layout\":\"default\",\"product_group\":\"topten\",\"max_items\":\"7\",\"products_per_row\":\"1\",\"display_style\":\"div\",\"effect\":\"easeInOutBack\",\"autoPlay\":\"true\",\"animSpeed\":\"500\",\"pauseTime\":\"9000\",\"controlNav\":\"1\",\"arrows\":\"0\",\"pauseOnHover\":\"1\",\"show_img\":\"0\",\"show_title\":\"1\",\"show_desc\":\"0\",\"row_desc\":\"50\",\"show_det\":\"0\",\"show_price\":\"0\",\"show_addtocart\":\"0\",\"headerText\":\"\",\"footerText\":\"\",\"filter_category\":\"1\",\"virtuemart_category_id\":\"6\",\"cache\":\"0\",\"moduleclass_sfx\":\"_best\",\"class_sfx\":\"\"}',0,'*'),(138,'Search','','',1,'user4',0,'0000-00-00 00:00:00','0000-00-00 00:00:00','0000-00-00 00:00:00',1,'mod_virtuemart_search',1,0,'{\"width\":\"20\",\"text\":\"Enter search keywords here\",\"button\":\"1\",\"button_pos\":\"right\",\"imagebutton\":\"\",\"button_text\":\"\"}',0,'*'),(139,'Main-menu','','',0,'user7',0,'0000-00-00 00:00:00','0000-00-00 00:00:00','0000-00-00 00:00:00',1,'mod_menu',1,0,'{\"menutype\":\"mainmenu\",\"startLevel\":\"1\",\"endLevel\":\"0\",\"showAllChildren\":\"0\",\"tag_id\":\"\",\"class_sfx\":\"\",\"window_open\":\"\",\"layout\":\"_:default\",\"moduleclass_sfx\":\"\",\"cache\":\"1\",\"cache_time\":\"900\",\"cachemode\":\"itemid\"}',0,'*'),(140,'Special products','','',2,'user2',42,'2012-04-10 07:11:35','0000-00-00 00:00:00','0000-00-00 00:00:00',1,'mod_virtuemart_product',1,1,'{\"layout\":\"default\",\"product_group\":\"featured\",\"max_items\":\"3\",\"products_per_row\":\"3\",\"display_style\":\"div\",\"effect\":\"easeInOutBack\",\"autoPlay\":\"true\",\"animSpeed\":\"500\",\"pauseTime\":\"9000\",\"controlNav\":\"1\",\"arrows\":\"0\",\"pauseOnHover\":\"1\",\"show_img\":\"1\",\"show_title\":\"1\",\"show_desc\":\"1\",\"row_desc\":\"40\",\"show_det\":\"0\",\"show_price\":\"1\",\"show_addtocart\":\"1\",\"headerText\":\"\",\"footerText\":\"\",\"filter_category\":\"0\",\"virtuemart_category_id\":\"0\",\"cache\":\"0\",\"moduleclass_sfx\":\"_new2\",\"class_sfx\":\"\"}',0,'*'),(141,'Random products','','',1,'left',42,'2012-04-10 07:11:32','0000-00-00 00:00:00','0000-00-00 00:00:00',1,'mod_virtuemart_product',1,1,'{\"layout\":\"default\",\"product_group\":\"random\",\"max_items\":\"7\",\"products_per_row\":\"1\",\"display_style\":\"div\",\"effect\":\"easeInOutBack\",\"autoPlay\":\"true\",\"animSpeed\":\"500\",\"pauseTime\":\"9000\",\"controlNav\":\"1\",\"arrows\":\"0\",\"pauseOnHover\":\"1\",\"show_img\":\"0\",\"show_title\":\"1\",\"show_desc\":\"0\",\"row_desc\":\"50\",\"show_det\":\"0\",\"show_price\":\"0\",\"show_addtocart\":\"0\",\"headerText\":\"\",\"footerText\":\"\",\"filter_category\":\"0\",\"virtuemart_category_id\":\"0\",\"cache\":\"0\",\"moduleclass_sfx\":\"_best2\",\"class_sfx\":\"\"}',0,'*');
/*!40000 ALTER TABLE `jos_modules` ENABLE KEYS */;
UNLOCK TABLES;

--
-- Table structure for table `jos_modules_menu`
--

DROP TABLE IF EXISTS `jos_modules_menu`;
/*!40101 SET @saved_cs_client     = @@character_set_client */;
/*!40101 SET character_set_client = utf8 */;
CREATE TABLE `jos_modules_menu` (
  `moduleid` int(11) NOT NULL DEFAULT '0',
  `menuid` int(11) NOT NULL DEFAULT '0',
  PRIMARY KEY (`moduleid`,`menuid`)
) ENGINE=InnoDB DEFAULT CHARSET=utf8;
/*!40101 SET character_set_client = @saved_cs_client */;

--
-- Dumping data for table `jos_modules_menu`
--

LOCK TABLES `jos_modules_menu` WRITE;
/*!40000 ALTER TABLE `jos_modules_menu` DISABLE KEYS */;
INSERT INTO `jos_modules_menu` VALUES (1,101),(2,0),(3,0),(4,0),(6,0),(7,0),(8,0),(9,0),(10,0),(12,0),(13,0),(14,0),(15,0),(16,205),(16,435),(17,0),(18,0),(19,0),(20,0),(22,231),(22,234),(22,238),(22,242),(22,243),(22,244),(22,296),(22,399),(22,400),(23,-463),(23,-462),(23,-433),(23,-432),(23,-431),(23,-430),(23,-429),(23,-427),(23,-400),(23,-399),(23,-296),(23,-244),(23,-243),(23,-242),(23,-238),(23,-234),(25,294),(26,-463),(26,-462),(26,-433),(26,-432),(26,-431),(26,-430),(26,-429),(26,-427),(26,-400),(26,-399),(26,-296),(26,-244),(26,-243),(26,-242),(26,-238),(26,-234),(27,325),(28,310),(29,302),(30,410),(31,309),(32,309),(33,307),(34,326),(35,306),(36,304),(37,311),(38,300),(39,301),(40,313),(41,324),(44,312),(45,303),(47,231),(47,234),(47,242),(47,243),(47,244),(47,296),(47,399),(47,400),(48,418),(49,417),(52,416),(56,305),(57,238),(57,427),(57,429),(57,430),(57,431),(57,432),(57,433),(57,462),(57,463),(58,427),(58,429),(58,430),(58,431),(58,432),(58,433),(58,462),(58,463),(61,443),(62,0),(63,0),(64,447),(65,427),(65,429),(65,430),(65,431),(65,432),(65,433),(65,462),(65,463),(68,243),(69,459),(70,285),(70,316),(71,285),(71,316),(72,285),(72,316),(73,285),(73,316),(74,285),(74,316),(75,285),(75,316),(76,285),(76,316),(77,0),(78,0),(79,0),(94,435),(96,0),(97,0),(98,0),(99,0),(100,435),(101,0),(102,0),(103,0),(104,0),(105,0),(106,472),(107,472),(108,0),(109,0),(111,0),(112,0),(113,0),(114,0),(115,0),(116,0),(117,435),(118,435),(119,435),(120,435),(121,0),(122,0),(123,0),(124,0),(125,0),(126,0),(127,0),(128,0),(129,0),(130,0),(131,435),(132,435),(133,201),(133,227),(133,229),(133,233),(133,234),(133,238),(133,242),(133,243),(133,244),(133,249),(133,251),(133,252),(133,253),(133,254),(133,255),(133,256),(133,257),(133,259),(133,260),(133,262),(133,263),(133,265),(133,266),(133,267),(133,268),(133,270),(133,271),(133,272),(133,273),(133,274),(133,275),(133,276),(133,277),(133,278),(133,279),(133,280),(133,281),(133,282),(133,283),(133,284),(133,285),(133,290),(133,294),(133,296),(133,300),(133,301),(133,302),(133,303),(133,304),(133,305),(133,306),(133,307),(133,309),(133,310),(133,311),(133,312),(133,313),(133,316),(133,317),(133,318),(133,319),(133,320),(133,321),(133,322),(133,323),(133,324),(133,325),(133,326),(133,399),(133,400),(133,402),(133,403),(133,404),(133,405),(133,406),(133,409),(133,410),(133,411),(133,412),(133,413),(133,414),(133,415),(133,416),(133,417),(133,418),(133,419),(133,422),(133,423),(133,424),(133,427),(133,429),(133,430),(133,431),(133,432),(133,433),(133,436),(133,437),(133,438),(133,439),(133,443),(133,444),(133,445),(133,446),(133,447),(133,448),(133,449),(133,450),(133,452),(133,453),(133,455),(133,456),(133,457),(133,458),(133,459),(133,462),(133,463),(133,464),(133,467),(133,470),(133,471),(133,472),(133,473),(134,435),(135,0),(136,0),(137,435),(138,0),(139,0),(140,435),(141,0);
/*!40000 ALTER TABLE `jos_modules_menu` ENABLE KEYS */;
UNLOCK TABLES;

--
-- Table structure for table `jos_newsfeeds`
--

DROP TABLE IF EXISTS `jos_newsfeeds`;
/*!40101 SET @saved_cs_client     = @@character_set_client */;
/*!40101 SET character_set_client = utf8 */;
CREATE TABLE `jos_newsfeeds` (
  `catid` int(11) NOT NULL DEFAULT '0',
  `id` int(10) unsigned NOT NULL AUTO_INCREMENT,
  `name` varchar(100) NOT NULL DEFAULT '',
  `alias` varchar(100) CHARACTER SET utf8 COLLATE utf8_bin NOT NULL DEFAULT '',
  `link` varchar(200) NOT NULL DEFAULT '',
  `filename` varchar(200) DEFAULT NULL,
  `published` tinyint(1) NOT NULL DEFAULT '0',
  `numarticles` int(10) unsigned NOT NULL DEFAULT '1',
  `cache_time` int(10) unsigned NOT NULL DEFAULT '3600',
  `checked_out` int(10) unsigned NOT NULL DEFAULT '0',
  `checked_out_time` datetime NOT NULL DEFAULT '0000-00-00 00:00:00',
  `ordering` int(11) NOT NULL DEFAULT '0',
  `rtl` tinyint(4) NOT NULL DEFAULT '0',
  `access` int(10) unsigned NOT NULL DEFAULT '0',
  `language` char(7) NOT NULL DEFAULT '',
  `params` text NOT NULL,
  `created` datetime NOT NULL DEFAULT '0000-00-00 00:00:00',
  `created_by` int(10) unsigned NOT NULL DEFAULT '0',
  `created_by_alias` varchar(255) NOT NULL DEFAULT '',
  `modified` datetime NOT NULL DEFAULT '0000-00-00 00:00:00',
  `modified_by` int(10) unsigned NOT NULL DEFAULT '0',
  `metakey` text NOT NULL,
  `metadesc` text NOT NULL,
  `metadata` text NOT NULL,
  `xreference` varchar(50) NOT NULL COMMENT 'A reference to enable linkages to external data sets.',
  `publish_up` datetime NOT NULL DEFAULT '0000-00-00 00:00:00',
  `publish_down` datetime NOT NULL DEFAULT '0000-00-00 00:00:00',
  PRIMARY KEY (`id`),
  KEY `idx_access` (`access`),
  KEY `idx_checkout` (`checked_out`),
  KEY `idx_state` (`published`),
  KEY `idx_catid` (`catid`),
  KEY `idx_createdby` (`created_by`),
  KEY `idx_language` (`language`),
  KEY `idx_xreference` (`xreference`)
) ENGINE=InnoDB AUTO_INCREMENT=5 DEFAULT CHARSET=utf8;
/*!40101 SET character_set_client = @saved_cs_client */;

--
-- Dumping data for table `jos_newsfeeds`
--

LOCK TABLES `jos_newsfeeds` WRITE;
/*!40000 ALTER TABLE `jos_newsfeeds` DISABLE KEYS */;
INSERT INTO `jos_newsfeeds` VALUES (17,1,'Joomla! Announcements','joomla-announcements','http://www.joomla.org/announcements.feed?type=rss',NULL,1,5,3600,0,'0000-00-00 00:00:00',1,0,1,'en-GB','{\"show_feed_image\":\"\",\"show_feed_description\":\"\",\"show_item_description\":\"\",\"feed_character_count\":\"0\"}','2011-01-01 00:00:01',0,'','2011-01-01 00:00:01',42,'','','{\"robots\":\"\",\"author\":\"\",\"rights\":\"\"}','','0000-00-00 00:00:00','0000-00-00 00:00:00'),(17,2,'New Joomla! Extensions','new-joomla-extensions','http://feeds.joomla.org/JoomlaExtensions',NULL,1,5,3600,0,'0000-00-00 00:00:00',4,0,1,'en-GB','{\"show_feed_image\":\"\",\"show_feed_description\":\"\",\"show_item_description\":\"\",\"feed_character_count\":\"0\"}','2011-01-01 00:00:01',0,'','2011-01-01 00:00:01',42,'','','{\"robots\":\"\",\"author\":\"\",\"rights\":\"\"}','','0000-00-00 00:00:00','0000-00-00 00:00:00'),(17,3,'Joomla! Security News','joomla-security-news','http://feeds.joomla.org/JoomlaSecurityNews',NULL,1,5,3600,0,'0000-00-00 00:00:00',2,0,1,'en-GB','{\"show_feed_image\":\"\",\"show_feed_description\":\"\",\"show_item_description\":\"\",\"feed_character_count\":\"0\"}','2011-01-01 00:00:01',0,'','2011-01-01 00:00:01',42,'','','{\"robots\":\"\",\"author\":\"\",\"rights\":\"\"}','','0000-00-00 00:00:00','0000-00-00 00:00:00'),(17,4,'Joomla! Connect','joomla-connect','http://feeds.joomla.org/JoomlaConnect',NULL,1,5,3600,0,'0000-00-00 00:00:00',3,0,1,'en-GB','{\"show_feed_image\":\"\",\"show_feed_description\":\"\",\"show_item_description\":\"\",\"feed_character_count\":\"0\"}','2011-01-01 00:00:01',0,'','2011-01-01 00:00:01',42,'','','{\"robots\":\"\",\"author\":\"\",\"rights\":\"\"}','','0000-00-00 00:00:00','0000-00-00 00:00:00');
/*!40000 ALTER TABLE `jos_newsfeeds` ENABLE KEYS */;
UNLOCK TABLES;

--
-- Table structure for table `jos_overrider`
--

DROP TABLE IF EXISTS `jos_overrider`;
/*!40101 SET @saved_cs_client     = @@character_set_client */;
/*!40101 SET character_set_client = utf8 */;
CREATE TABLE `jos_overrider` (
  `id` int(10) NOT NULL AUTO_INCREMENT COMMENT 'Primary Key',
  `constant` varchar(255) NOT NULL,
  `string` text NOT NULL,
  `file` varchar(255) NOT NULL,
  PRIMARY KEY (`id`)
) ENGINE=InnoDB DEFAULT CHARSET=utf8;
/*!40101 SET character_set_client = @saved_cs_client */;

--
-- Dumping data for table `jos_overrider`
--

LOCK TABLES `jos_overrider` WRITE;
/*!40000 ALTER TABLE `jos_overrider` DISABLE KEYS */;
/*!40000 ALTER TABLE `jos_overrider` ENABLE KEYS */;
UNLOCK TABLES;

--
-- Table structure for table `jos_redirect_links`
--

DROP TABLE IF EXISTS `jos_redirect_links`;
/*!40101 SET @saved_cs_client     = @@character_set_client */;
/*!40101 SET character_set_client = utf8 */;
CREATE TABLE `jos_redirect_links` (
  `id` int(10) unsigned NOT NULL AUTO_INCREMENT,
  `old_url` varchar(255) NOT NULL,
  `new_url` varchar(255) NOT NULL,
  `referer` varchar(150) NOT NULL,
  `comment` varchar(255) NOT NULL,
  `published` tinyint(4) NOT NULL,
  `created_date` datetime NOT NULL DEFAULT '0000-00-00 00:00:00',
  `modified_date` datetime NOT NULL DEFAULT '0000-00-00 00:00:00',
  PRIMARY KEY (`id`),
  UNIQUE KEY `idx_link_old` (`old_url`),
  KEY `idx_link_modifed` (`modified_date`)
) ENGINE=InnoDB AUTO_INCREMENT=6 DEFAULT CHARSET=utf8;
/*!40101 SET character_set_client = @saved_cs_client */;

--
-- Dumping data for table `jos_redirect_links`
--

LOCK TABLES `jos_redirect_links` WRITE;
/*!40000 ALTER TABLE `jos_redirect_links` DISABLE KEYS */;
INSERT INTO `jos_redirect_links` VALUES (1,'http://192.168.9.31/vm2/theme262/index.php/component/','','','',0,'2012-04-03 11:45:37','0000-00-00 00:00:00'),(2,'http://localhost/vm2/theme262/index.php/using-joomls/extensions/components/users-component/login-form','','','',0,'2012-04-07 11:26:39','0000-00-00 00:00:00'),(3,'http://anaperotti.com.br/templates/theme262/images/vmgeneral/backgrounds.png','','http://anaperotti.com.br/index.php/component/virtuemart/photo/trailering/product-80-detail?Itemid=0','',0,'2012-09-14 17:29:08','0000-00-00 00:00:00'),(4,'http://anaperotti.com.br/favicon.ico','','','',0,'2012-09-14 18:51:43','0000-00-00 00:00:00'),(5,'http://anaperotti.com.br/images/stories/virtuemart/payment/PayZen.png','','http://anaperotti.com.br/index.php/component/virtuemart/cart?Itemid=0','',0,'2012-09-14 18:51:43','0000-00-00 00:00:00');
/*!40000 ALTER TABLE `jos_redirect_links` ENABLE KEYS */;
UNLOCK TABLES;

--
-- Table structure for table `jos_schemas`
--

DROP TABLE IF EXISTS `jos_schemas`;
/*!40101 SET @saved_cs_client     = @@character_set_client */;
/*!40101 SET character_set_client = utf8 */;
CREATE TABLE `jos_schemas` (
  `extension_id` int(11) NOT NULL,
  `version_id` varchar(20) NOT NULL,
  PRIMARY KEY (`extension_id`,`version_id`)
) ENGINE=InnoDB DEFAULT CHARSET=utf8;
/*!40101 SET character_set_client = @saved_cs_client */;

--
-- Dumping data for table `jos_schemas`
--

LOCK TABLES `jos_schemas` WRITE;
/*!40000 ALTER TABLE `jos_schemas` DISABLE KEYS */;
INSERT INTO `jos_schemas` VALUES (700,'1.7.3-2011-11-10');
/*!40000 ALTER TABLE `jos_schemas` ENABLE KEYS */;
UNLOCK TABLES;

--
-- Table structure for table `jos_session`
--

DROP TABLE IF EXISTS `jos_session`;
/*!40101 SET @saved_cs_client     = @@character_set_client */;
/*!40101 SET character_set_client = utf8 */;
CREATE TABLE `jos_session` (
  `session_id` varchar(200) NOT NULL DEFAULT '',
  `client_id` tinyint(3) unsigned NOT NULL DEFAULT '0',
  `guest` tinyint(4) unsigned DEFAULT '1',
  `time` varchar(14) DEFAULT '',
  `data` mediumtext,
  `userid` int(11) DEFAULT '0',
  `username` varchar(150) DEFAULT '',
  `usertype` varchar(50) DEFAULT '',
  PRIMARY KEY (`session_id`),
  KEY `whosonline` (`guest`,`usertype`),
  KEY `userid` (`userid`),
  KEY `time` (`time`)
) ENGINE=InnoDB DEFAULT CHARSET=utf8;
/*!40101 SET character_set_client = @saved_cs_client */;

--
-- Dumping data for table `jos_session`
--

LOCK TABLES `jos_session` WRITE;
/*!40000 ALTER TABLE `jos_session` DISABLE KEYS */;
INSERT INTO `jos_session` VALUES ('79bdc4c26628645028b6e2bd75f63448',0,0,'1347648969','Di1WhApqwS8RkwwAbylapLaT_QDKod0DSi2sNyZRg5jXQ73tqJI0ifyrVdp_JopL292OA_s9yyDdKuKDas64qbx-WDR48N_DmgSGTGFU7dqHkAY6trLKErvMcxbARKzfVmj8EdMkCfJP13Kt2BEpUt6deQ9xO0SpTMT7LYIeTFsaIlC1K1mbbBLPqB_tqtK5XKNUGVFX0wOBFx0Uo15gIU2PVZcWNl0PcL3Uk1hPEeFB9ChPJe9qBMY4fcgdmevT4li87yuuFb8KfehBBxJcwZrk4AVu95siLW23RT1sdOV0r9wcYx1OCwSRzCCFzv_8ELf0_8a6WqhYYj-diMGugHfAyHllWv71agmZDkDMwYvz6eIAsw6RHHFmaWxAZkOcyLVy_kZ2pr1N3BWGKRprYp-25MS4c2Z8XQa4ulA1KeFT29NV1d2FAw6hiFUIPJU52WNOW-qPPZmitriRpHTqcX-_8kRVS04uW1sBjvvoGT17dHfecLge4NKzyH-JHfYiv3dt4vX-HWHVgFHEqUHuUub11tqmETcRvseiGpsY7PxIjl2T9nnjXvITGdWdFSOYFwqem6SCpvh7FkKmY57QFFmuErH4cHHQhXPt8-XUXKT--iLIqjRTtyfUmuprCf4_zgxvEn1TEd8Wc4W8toreyuS16HSoUjNJz3c5H1jk1FK-_NaJkndzoU32mEgyfTsaYqRX7PFTF7oImx0t78OKsb8hsTlSyAe6W9XpjYqbeqXv8t-V-kptMd2gUqcjlOMgR6sUW2e54dmE6MfocedUq6aEQ0EjJcDFHkpSXdp4SFuVHURfGl2HD7FoAjBye8p3nkxgCEtrbslEXClEIoGdF1-6FGP-euqtAxqlCqXYFWYzWKipSAJl6AbO-iDBHpEqJlDENZXhzXVfSfIS-FbE1B5YlirjUeMsol8aLqppFNBt2TlbK5jCjrhCjwoH0cR9twmRiW6ItQQ8D_OXFtifn-lO8UFdI_2jMQ8TvKmz3vZoI1ZVMFroFyxVdykPF_eEHqANYentWz8MR1Ze1E6ixBLMJ61u1Qz2woGNACFF5uxDJk4Vd5_5EPRWDKFTEmAq7RLfPp7BMBWH2D-lsWlx7vtUFC1iUGcWRAx0jpvRtsgo-7FTUHm-1ntDb2siXTWceC1WNpbYNuGVWUoQiHVn1PLcC_VcSik5oU6k-PhXEpKSaOlL47WZA1kRCmHnQ9pO666o6sm5hRrJoWVU-bVgEOfa99zrhAfGg1oOS69PNpPo_vPlUQNWClOizeJKtBGCDq_eUSjc6QDrIjnBG82LPGAujLme3t5Y6xXb9cbF4zo2W4KSB91lXX5s2G3BEoSE2pD-wIsaU1mxURF__ufFrHQC-mo1u4rABAcs5N7gRLHA_RaocPqGU05UqgiJAJvh1rIQS7HimO40fuzHbjWAizExsdTc7eimg2JTgMIZ21WBBRCyny7zOglkhJ50N3-CcmOxW4E8vYPHYzzcqi7ed09VEDOSgB-ZsWDNeiBj3FoW_EaoID4SILUIRqCswVSO_VkovgUBHEDgn-k5B4tW0fuJhRBg3hLN8rBGYcCwLiAiGcVH6aqjTGY-uXsiWgTK1pGz3b_-zGeamLid5zn6FIDU2cI-48XaRR4HOveJs1FjqC6kz725z4jaMUehfH0RgTGzaC4wxrtfSNlxmiJfbiZUmgqbLM2AjL4DpHe7sEZGSyRAaFO6uS-ypA0M_oa8Oj2YS3-Uaqi21dye9UkI_VIp594JEcUcT6t7EDTEyrju6RfTWkC8HuO78BU3HyynVtm53BWV-SK3uLIp39Yu6zIJ7aVCf8BXJ-KM8nwrADr7A4tcPNq0XJcIFbDD8XPSOL7XsQEwSIn3v6EDW_s8GFCbw00u9dcBuuKKQXtDuekiIhAnovkp5mS34GMAgVS8ENC7NCvxgXqLKxzNMDZWxC12RUxZR47Uk82jqcYCYrPg5g_Qdgng7OXNqI2cS-aWAcXpP_GI_OiuztpkYeS7HJlK9IX-6xMS8_dWTAXrQvljCHpCo5L1o_Vzx-ju1p8kzscimZdP6STApsLdp3jINyl7_RdfmrSRJXSz3VmAsx2_ZUkOn_n_4hbzLxQr8BgOTfUwwEUchqnOongpiIeL-xsSg9Lq5JvZS0lmKX99yncYNV68SlzGxoUn1On8-dtZ_Oz5zW6bKZWBsmVed32fr3wcwBRPfTO6n7P5Q2ccUyeYksdE3LmS9OQrYUgCPLh0vPS7AtqmUusv25P1jx5JKBoUaaS2n_Y7WRK81NWvmxWoVEFZ2at6CAsFo4VvVT0lKUbTtnW5LD94yC83GpCfcAqOV4mCBrRABdBD8VXK-6eCQIdflteDM9TCH6__qlbTqLF5JlGNtRU4qbNZLC9VcyCyRenIoBFOGOcKb5ZxTTR8uPy-bmvUEvzWVufQ0J4W9Z8lKsRB1_sKUZX6z1mxHT6m-BUgKeAkrYrSCCTcW3Obe9kuqETf_1Kf9_4DhzGTiU9sTMNBajvd7DQSyjemeQhobApLnlvCX2PpYHc2qKlr_QjaKhWUtnLWzpMp-7D3hNUXhBnxQypsZ8WmXaZx6iqirgbp3qpQbTQEqYjeGhZ2io4q_Jh6A6oxbpYA7zuLgiq0nvT7KeHLeW2FsbYECtIlDgafbelzVBtAVBo2UXApC2OixmL13QoKTEtgDO-ktGhzoMXPXnZ_-afpL1nCQ4EH1JBvEPC9X8HVBXexAdG8V5sk2mHerGCRdruhDvEVmWK59tCuj2k14DMUzXIiYlQLg9uWSx1FtncFRlmx4Ij6gsLSRYHDp1pvlpIQfmHX84HvyaExjLvkwp9jMjw56k1E8NM6A9RRsnexNQ6FITvTdJY4Mr01XkTYWe-nBhMg8UPat3U3rw6JnpRRZOQrFA6yDk4cDFFSxuwEWDFTyaoPY8GpaRf0AtNoDJ2gfkjkOYLVhVSaxSGyuX3B59OJRyy5UA2Wru0mn5QWyKVYOzlxKh4G5An3P1L3Tzu8foaEV5FsJiLxww5P_IlX9M9npYxGH9zIjWiC04gvZ5aEVKHS0UkJBmqwyr8logy8OTvv5XymSAoKL2XTV7u3XH1VJpYf1AvvC0LujK_D1A7r7cPBtebypyu-eiy-c74C8yqi8f6jaR51S5Y8EGpcVX60wNdrgW557_qe3OqfPT6b3KvEFR85skdsWfi_MN-fWuzwQQV-QWllG_I-bnzSpGPrDx65NoQgwmnxDg2z1Ls64JYUwlyec7NFL96quMDsfpqL2yPiddefL-YacqX_20ooaLsBx_BiCprSr8V4Bdhs7Fj4cX1kB5EmLfnh0Ba03Sb94XZJlRsV1wBDjYr6q3DGOpYfNr8KoDoU3jNES_FY-Qgi_sd__4zfVOSoLDJd-NhWQzCwDf369U9k2CedWhwywp6HPN_CK0qfZ-ecSzBQXhc1w0JDZIMIL0misQbBbXRA_Vvbc4hgwGoDPoWt2KuDFc2Rc-2Iz2k_-6EBGUb3rn86iIlGFm0E_0G23SUZbekvHsDve-pk_O2-xgQQofUNdEIMN7M23V1NVVDl9FRh_gqTpkLIUXoi8Rmmm3b-KFll_ulWvmfCiDPuk_V5cRVcgqUpiehQUuMvuu5klOeGQLXFiXDopE51i-ElhS0KsMnndo697EcNbXzOwmXUy0b4rfOk4uyXeD1tzijV3Uks7u2vHoMwEYqNPn8OqufSTPdelf2hA6ORZyr0gf4kqRQ_uDFAC636GT3cQ6rkXKOukAzn5C35UfVMRxDtJ1YmmhBZOrPGBtpLVab4BYFqQWRgc91K_ydrVyMh35qxACMuPSKBtnD6-SGOcCWlDaA2O13j38SInWvU89DEYGb3Nxl7fwuf6Yrk6eKeyOFdKIoHupGsBZGjV_PQLMIXf_pFtldG6UpnNSOhbzqGyZuTXMBQ2giFjlQ0fwYoNXDsYA2pDjRHq335mTY_lUOHzIrsi2snqgj2Iy92beFm58EBAbPeqV1j-EUOgxiUGdUfEdago_Y0HJFwo7te_qb_WcqXAcnS0QHaUCh17pO3JUD1wzQfXFvHMQSJQhR7iRHbN8wUHidip_1mVSKdrlKGgBVDjNGpTy1ROSWJ2ueDkjBkJK1WQGRpqDNi1QeDXlHdSy-laK8FB8frnbwfpCcC2bxsdwFHxouQBlUyd-NWr3eXC-_KS9oFxAv_SENJPL0Hf_5D2Or5tDDXSYyhTOqB2AZr3NpMAdpJNE_qBLDAK-b_qKEz8neK6Hib1bftIjgWKQcLRp2INF96c5T9seNF9YQ7g8a27ccaAnXHk4pXSPBqkb41ozIl2aaKvt6ue2qri9PGSKcvTSq7I-y8SChfNQiM6BEfyWtZvzYrVR3f6htzhELaAHcd1L0Q1hS6sljTBzZSWL7504yMQZZGI3pF2y5nWXg7YxWLF9qpgb4i5_Q-IaG6rDxjLN046otJT20hqD5RiXHwg1SIX-VZhE6O0m5cq6xD-nbG99Bl8aRoJEIA6faw41hCY02SiC3kGW-tI6OPQJ_b7wrqwz5HI9ZHsYqQlz8Nsa_oPXBan8EoInYq7OiI0LwxbCoVCUwmJtT47-zP-Yomgip52SnjUL7tZogEEAdjiU9U-ewDBoyIOjWVgzVGRoK-Q_Nov34xI0r1F5t7gmvwDlZDRn7kBWejV4acQGXbc_WR2ZvXQVevWINbMJBubfdQX0PUf1q7EYgOX9mob0QQxx7CaJX3tij95_ZeqSCuafnDjr0_WTQzSPdwovrquL-1OkeHx1jpNA8KZO7JsClPBNCfRAkLtgEHwnUcT-oZd6ODtTv_Ec2Fj3HkFA88Ov1WYHyiDd-1Z2U2ElxHOkyWza4kzJMaIryVWcdzq3O-aOSfozRs4sbskcJGceKR9JoC_Q0xoa_J149rY0b-swXjsiyiBB9NU0U5KMabeO8lQz47P_kSMR8N20AemW7xnFY_fA63Di1Jw0Z7SwqkP9DIIr3Uv4nGJ1SSiI2hkpuFRzfTTrTPCpjutcxqXqDd5RXMTSbDWYsm5OHkX3vA5ynqNb1TYnSrGeM6PPCCaWmkEz0b87X-4Kqp3jOiqV6NGm8tQ2NoAT4wB1OGhK-pXy_1cq73pxxXAqbL860dOh2bOwo9XYSkf_WlseyC7xY7c_MLKkOaLTL5sujvUo61jgVA0F6M84I2Gn6Q8_bomd0dY_55VQOA8kqpFW2E4KurdfRfEawco46Fab_6hZHKcO2rtQLSg5zTCMoC4sf9Ep5cJSSdeK8l2MryaRWHSF7aTqjjg9vb6L6JnrJdCsenEM89awEdL11EkycYUGWic1qBVWGCGWyAq-hJfQLxmT0MbQ9iNd4708KUmgPY-2FiULfSXJ8hMOhucnv-78sP5lvaV_ZVh3_bsveX1gZ8yQlwsAzYgpY6pRulwlhX9cH2xDCqC6wBzG3IfvdpJ8VmN8dBt37JlzYFkKmkZ-x_Qz6_GGbD8bpObWSq98vw6PsS4Fk8yuAQUB6oe2E3IggMhCMFMf8zPe40dydofjABek7GcGy4Wt10TxotCCIiEHeZ2Md3yaGPVcsQg_1BIY-YgBsxnI3RPmxm0KW40Rhdnlj0HdECjpPF65WDtZVg4H8vfMEJHi7E6ctAW0WqSONLQ0est6-sM4AViQnGIz2b6Ya5sO8kmfNN0mvi5atFrTmQM7fUBodeHLiXAMEKq2iGYXNB5-VQxQkt6qPoHl0ZxPoG9U6cUExPMcwQsGKOZ1FrsIdSfRYoj58KQjeVn4ao6_eF1tQPVNoCOWbH6c3QC3MBscLCHGA9sPM-AsfTPn1ODvaYTgw_ANh23pVITx9afxrlRcxCrzQ3BpV6BJ7MtvGZZ71MmwBWYtWcmhCA9QqHykEkiKMxGAe3BxhnOJh6Otv1IeuNCPjAjHEjUOLi8ZQ1pjfg5eIvOxq6TKElG2HziXX1HqzdVjHQepjHebvYjPmiuBEUldzWQqi6fB92DP6Xatz8fiTbd2Z5zGveH2PbN4_doyEtEirW0c2g3JrJ8UZGEP6VEi_bnwxCw6bi8ArpkxTZb-FuqQBwn-bM9vC6THGlSlyF2DGP4OJu_QJnHH9TCn_ZY8a4nEn7P38xZVDIkPzBO-ZnXyff3_N8V8nqe0R4BX622QUTzy4ClAfqntvQH5yqzyV441QkDZAVqL5xevrU0-WLjSbIrBkzldbdTa89kpDA3VddnHmFRZyZudJHWC6keiJaf7XkswYdgIAvk3N7QrWBKQpUUMGroPntwcBAxJ6z_hXvVxgFvR_SLVdhF5wGryyjaMO-El_8h6prwacN2oRR4bSsvoqevFPvAHQEGQwWQ-O6CiyA6y3dhNyXlk1ub1gk0dZKKz2FBBjkQhGyWdefkJDE4xaTO2UBJmRaN0FW3d_z2VIjZxNAzCnFZJtGAV3L6iipZmWbD-mw7wP1BstSJCSo0sAxBQwf8EgfqvGL84FuGIpDHsWL4mspVMc-P3pbNnF5XGUNCi7NWJrrywuPdhvofXsjaDWFIOL5gscXQDMTR4RMYRWi1T45nKYc7c5RvtJv-cl7mAVXNW3L_Q7YSxMBexUhv-vcCZXldophlKMciNmCt61jP1mv-YjwNtzZxLizr_hRvA-Swl6cJXkX6LBPHtJfCWHygDHeovKc6Q3_hUbnAp0uhTzx3_dcDb8fNQxdX-6Srxf6FmTc0YBX1rBNPJF3DGNSVaulidRRI5_U5MYSaN6lxods0YIzC0mPK3c9CRc9fwNo4mz6N-QBxroGcxevijkwX1YvEvmp3NgRwk2GN5Mhmzlig1xQbLAyj23gger8E0flYPuFbQeRdXQQ2HLLLGL7qQhMkpHaUeKbgF7A4lbA6m_uEE0xotncbyymxcb9jhMmE6Q_pHutQJJ-1XCyOIXN2CEJo8ry7NeJisfL53mL8G3oW1hfYxcrx5cdG4VqROeq_ORtUx8-vO-UFVaolcvHYbu3mnEAsKuceEG_58QO0YWj0S2suAJ_PvM0uTzAgmv5gokuAqw0MrEfjM3rzPob-Xl2XYDFsgaJQItVeAdSMhVdC3N7hmArjoR0XyOtVpRYt6edIeW1Y2eZgpnDgXTZ88gvjRxirzNBM22f-PjczQhTorC66j3jxTU79ZCoC-vAMaQTAS2hlJnrmzHNtLFD0hkWfhHKgVENOzeyS-XyBVooKqEKJWz0bvGDhYb0ydyoFZ7q9cYm0G5fCdd5juai-pnZCN3A6eRG1J6jfXxJnIeLpLmf1bmMUceaVrKIhsErXes44774nd9stdkjs8oynFF6Zj2CKzy3z32H_vjPgCk2N6q-ffPlOPPa59qP5gp1us-2qxxAMr4v-IEBudK3hDqvBBlSRs--svovs3V0rC6JEyglzEJt-rs9dFBmfrs3Do64sltpHUXqZ5rOsbqHesyGK9wK2OVVGeCHIEkMmFqO3da1_jpaPPFVAbUjsuUK33CJnw3v6B-lynI5RV9nNgerDQUGRWeuqkJZv9958U0X12AYq-b_XzmuFob3B_sIPa0esYTbz1W_3qEqSmh3-OLrMUW2orEgSrDOZGCuaIC3QZxYKlMvS4B_APynckTg3-BfNnXOIPKhfwNc-pv57qpi392Yabky4-DlgQ6BsjYG8Pbv0gkX0-uar2cUr9U-lxaceG2PNb_eymZj72NnL_rd5K1s3NvQ06fE5tYrDzX79tHXK9vkeAd3j2-Oe9GVIylm6nBHhLL1247FgnS1b-zI9REh25zqma_H2y-KGczGLMeZCVt07NuN26aWlBqYSFEHqUv1QZi3px-Ay7nn8Fuz9o-CrsKbdZ2lVgdnZqAJcRSA2JSs3IoD6Iyom5cJHnyaTeEF5hHMwijELqU9ZteGEIJuwazRtqYYqEym_tl0PA05LccGmEvYHiNqFnVKVf15EBT0wkA4rdGg4NX0w7AHuieBBsJ8AzGyEncyqnqmWbc1P3nZmrj-yGk5YhmE22INFqTpOlJrZ7H1eIkBSJY8gcLN4SK8IBLKw6lZUhj3SlkXxNImldamdhN7SRgmOfG5dVaFa_k997OS1iDHy_hnx6kz2hT9aP-Ah4RII4sSsJaqhRZFdPXE6Ijcr-kgtwci_tKXEQ6Y2AyISYtZ9rsgJ_JLmGlYHSwpPKwZ3y02vIvqwBpSdlbMMrZqB93MW26rs85O_zj_a51htWOmD6o4JQJB2_ICnXpGDv5O2_XwIZgQ7o2yKgNk40BkEhFmdBblCLL84rUEMSvPTbF8WC6hTnHqmI1G9W31CUlbyaxiszjbilz87pUGiq_HEIcUDCFthFKt3zsxj2M402SPLESiDU4Z6mbt_KNCQF3MVq8BFyc7x3Muk0MdjWZzIwHm0gVnYOfc0JOJCuzeJ6wcJpBirYw-F1ghjkRfWlEeO0PvbkNvnkN6ByEkZDj2wijaWCyhvzLLKO4M0ZkIA_5pfGyDiajybJgIgiedoobv_uVkYLoGLFkLhe2aOqnPxefSGuFRoFPoLJqn9JqTm1sQyQryr6UrZpU6eKgXkI6cbfJrYkV5GgrrjWjhTSGoQATqHuodK4fqfLimWD2sF79sal9LWL9hV5brEXQVPpOd-AQnaoLVKtZhF82HZiADlElvJlLu4mGzII0ns7A7kCz2keDXZmbzJ1BSwGqnO-dirTWPtiCc8sk-R1UIGnLvIJcaKUYfVwZg4DCeH1R6Ww-r-YqhZmywlHzHJMndwAdhmiwlW0sc11vwJAC4LxwUds0H-kMD3EmR52TtARayG3nwXCtkAwElGo_c36W506kXUnp5E4ZtFO_WkuzuwQHdjyw0iqKANQIzbHnz4hjg5PqRLn49AVHOyEaQXuz9dTlhWTpZ547UnEulaS3UCm3E_ZQxtO9QNauoYYLcvU1NHGJDN7IquOIUy1dAA-gf7slsdaECriEetXFGvcLEk9jlyEMP7hVSFul0ShPJ6EwBA-rnQF_vZcuZ155g_qwqA5HDFUE3PK8YbWa8wyepjxPvJKMlRv7ggtjRR-NAvcxQtnGIQlZ3T0W_1MaFnyZZcKPGaWMJz3pfL5Yp21Kn5VKo3D_uTEvod8QBFgOUN_dUGnEUsy-wnmnqYkR15UAoI2P3BeU1agMNuLgNnol94S2-KZ_dBa6vrgQeUqWjKJjUTvHqPp6LPY9HDD_4_0V15F_eYKLr5H_74QhLbPI-8Z0R-GYlxQb3xV0yMXE1Ph8vjVeYwH1coeDobC2kkCUMq60yHWh9XARpPdUtQy96odQZ6SRVvpkJ7wkgo5c_Wi3NoHs79VUDDZGKTU9O6QEyPdMgkM4CfVjOxTXZN6v30RuKWunDWiG3YsCw9h8vr-CqibrIsl2iaOUL8_ORBX1kpTyHQhzf7p68L4YHaqG0ZxdMhrURBDTFCCIeR0DMpE8gqEDqrvc2dxMjzQfmzPeSdVsL3ETjZO2jRFBcwWFsaA_KYrxcXQ7GbREOfhARyZjGDllNiMS5-sj3ltII27t4mdmCibmyEoby5hcwk6mwpcn62x3l9Fl5DUjrfI6g9mIgTt13ISBL4fzLIl_UzybihYoFzzmKPebrjupKWUf0USd6OshoueE7Ox6SFDT0Ved3ow3CbRqTyFvmQMFdXmSBUtHW7iwRLeh4Yn93Ll2ZOFVPlRvGvLkhc72vcf-NvVVttxuwLBlPD_h9SUVbq9M9lJZEWo0M4IB1GvwNk9lMRyVAkEojRJRzthyyUA34Orkp8bjM_AswfxMvoH0T9vP0pBuN-huKk89LrXUeTynpttN2LFU26ewNRI_0l8di3x53hjTRbfhn78_dHsgYuOse9S7ORU2pre5LEOnXL9V3lxfrevgDWSVbdJkjuGmjXCyQNSVJBnoAKbuoOSVqvvrgeET0WjWQwnLtugSlOxo2SaHwPoGRYSDvP3AuoD9hGNq6eSXkoFUhQXyMGeJt-v1jbmbzHgTxZxeat6DRTtXKkF4sCEf2hjpy6PivTq5MjYNPGFHMjJJAWArdJ1326lJYP64DrU1m8yya6QMP3thYmAcyn23dpvUUYI_GbydrXkuleU8xCKJPK5nbGI5RDv_T69FhuO83GrpQdgAsNZDgA-pBKShOaa-j8vlbKoLJG_46wbfdsEsEtL9MOMOZudmoaOjJWDHM_FsS6OGoCOBO7jzteBonZzTFv5u94YhP00WSQMdaTOYEVEUlWbvN_FjT_qTFFe_bf3LKBBhlhPdtYZLpI3cmKWZYI5f-7AA7Cu4zigdxqvc5b8D0hq9CQp_9yW2mwwUz0aQEW4V0Oq9G3ov3MeLUlg7q5xYaqetFbFA5syoH8qbQJmasK1V2NOvV89VAkolpGWdr6Q9obbmnD9xZ3JS_oanOahT8bNLJtMkgw_Z1LaYSOjFZJUNvvpwevpfUD71TOetTiV6f_Wikpgyv8HSxdqFjhi6g75eGVVNrkFNe3zH22QFK8ralXF8kpvMhGt5f5b_mo1Xh3rpSYN5IduqIj63lLwfqzWA_t-wbRaiVcRX0sAKPyo7n2ItsQ0eZ33FOdpWHGRpmdRgvlUgdKpCzBfQcj-7td-WgpTE0A1ss8p1rGXtzVR8f95JXDvZ9m6HVCBux0lzWjINoxpx4g4ZmHyh9osBASi8UY5Khy2yAiff8l7cRvqpKI9QMF298elGlwY472HABMJDZ7BNUZ2gCyNiwmSV2VEH5GTimwnQffD-Az8djI2bkBm8NbdFqiNvBTpQrhRnMkl8xuLf-mJHqopIIGy-VndwRk5qwA7Yl4NpIytJ4lbvjIWRN1p7FMWxw7rnzxzSd2jY3M0Z5k5RocuJyyIN4nI_ObDbmtMtyMVXxnj2XmCGINrTEofuthnMyfcsvxuMh0-dBn_767a7aONy9HUsn-lFXuM6X4OAyjlrXqh_a5dfOylhCw4PDND5v6qm6mCTskBzeO2sPQgej8_5Yz_b7jx0fhxtF5UxYEqj2aUITECnGPjKVKU3eR9S14gu5OO_jxImLRCtdKtdDWSeHmCzQBCvDSCDOCsjDw8yWDBCD89rOiXVAu0rCZDXZ_PAInLBkKntGI162eIVDoM1PnL1E4omsr_HDoJA-zXDaTfWwj7E8UOA2841NHYOuyKcJSy05Z-3No7_JVoegcUYQZ-nfr6VYCKm8mAeOIdUjNljAA2BrBLS5M0OMQTb8pAqnBhgIil9ggjUy3APu6seIwrA5UBle7OOttYgutI3bTpDef_hDAgRWnDkJXo7Qv0VbYmUu8JYuFF6GT0WmExHMDZY9JDGHj1O99QpH4dZBTmrMlD0a-xE9aYGwh6e0EGtWI3QQz_uQ3ubO5miEa3r871skAKaydWWkJaxWTwVBrTkiklOOLA7jfthdYRoduir3xqFpOnmcr71mVjfnA_8uQBcIDmYBwxYPjfKbnHhdPhYcDDRqjAZEYCbSiW4twmAu1ZX0wuP1R-MJNpTJHr0x24PI6TnmT2kJNx5Dzrv4z3exJAdD3QISO8-2UVSRK51nt-XtvkympMEEIi1EmyOe5FY5rb9wgB4LVUfT3t3mGKQtf4DsDl3Jj77S6y8pKbz61deXRxcsvMNjc8kafIlIKGgcM-A4SaXcDVlg98ei_X2BZc1cSV3n4IFw3J8YtvMCupcJvem02FxwwDZzT4FZ8kBwQpJmSCPUEJ12qR3yFZZorNKtIRLL4E1O97hqYlM7AuihJ7ZUxTAk-8RHL4Mz4IrpKIIWphTepAr_5pZhn_cLnXHg47qQjuHcd5gUstzer1E7UILxANcKoU4vfqEh5tztAqxeBobCFyL7Og32BoXcuKBgdyCv0UKptdKe8zXeg6kFZ1eIMuWXpAkOYfk7FK98TQ42RIYneiaSZuATzGRx5DnSIB8YoEdx-fM3dTh_cjETBPcuGc1EW-tphbKmSQUo9Gz1M4XVJQ4bAAKr_0PjhyNWSX6bQvtKaLtZk1gfFaC9sBx2FXWpiNXKpW1oXL0gWWafl4hDIvB-AD1a3M3X7VCyL85q_v5egxr4R8x-O8UAHuv7LPR_Z1SiTbFMN9kbbz4w5fHvVxJrBQO_gEGg1eOCG-zQdd9x1Hewpn4mHAIam_5KWseh03SCeKn4_R219fIimscTIm8iPW5PTVyBU0KQUwqmBYbqKOaVZv8dvtMYIOXOKLDIGMuHdJ9EChOEVshirOKxwEJiBdUVhaoWRrAokc1ePRo81l-e4EnBlA7oCvGJnZkBxNp5Na62eDYveqylfumjFGKXH7hgt2PWtpcTRc4Mb46DpYIhYRvS0RIa4m6J_rC71mUyu-K7GglhD_-FimmsEwI1jTo3lUrgmo-7_yUUWAnja8X8zp39AlTLIC4rTQShh-6CyDjOBsURNnPlsnTYQs4-coLdOAF8eg1u3DoGziFQ9avrxDQ9O4kBbbylFBzO2t4ujSs0DPIdGLUEMO5Yyq6O1Fwd9axelokGPjn56GaxOavqROvhz7GT37WoC0AyFSTheQBtkQXtnD951hy8ihjUkn-M39wsQMJEAWU8j_v883WfZASyy1GOubjv9HFUnIouZzBUtpTiMu68pe7xeS0DX1W-BmA-hst8ljy1_8XWjxCp5jWliUSeDM-PWnpSh_OxSLZ-2D0nJQeCYeOcrElq4LDT1choh20n3NiGjsuPdLWvoEEFPoBsOfjKtyAg1m3jdD5cYbBCz5n71iK0MymqnFUcxDEX1yngnvKGO9gpC1xI1UQq11opR-aYiGPQm-nQ8ujmQdglukDZmZwlg6M5ySfltvkjAuPdfzkvlLeS-xqzgOvX7XtWMCkxlarAnKZK71r6Ow1fhKs10J1q6tLXnblbEpjWL3NR4hBnCWsBayeCbbST88hT-vIQAQVDfIGGnVTyktpX50aaS-XN_CD12u8W13vGnbaYM8xdYC84R5gVrRL0EjV1K15eycG9G_wRpvSyDVD9CMDRvSlMWDiwaTc_caO_Cfemd7b6iVIc81_YbOYryzwDnpJr9aCQfVcki1ie5kPEAW6fBtIn50nlJQflrPtG6sQAeKmFcmPDpx6pmA6aXoKoYyuDzFaeKNaiBrBPKXZj2STERtx-p5xTThNgcx259uU2hTb-qyNylIsjES4FbjMYncda3dKZ76iZuYvFK3kJ3kDqDzRigqjeUWXbwi7_OcX0xjXhrF5tSwZ2F-w5HMIDFgWNelO4dLLPQAKtv8RqXzW4SnG1vsrZqlMYOofkOh1w-82G2XysbLBymSLzsDhplclWP9dtn1gBQC3Doymq45ASQSeluvv4wwCm_iQhEUBZEsEY3X5DMQX3-EtXwxYr3aqdq4rFyNXXzQnjH9ZmyNPuLfFoBsCYFaFRkRt4BbWZJR9THWQrxHupwAQqT92f902pxBsRd9Qfu6OGkHnkAHha-6ThfI0F1XpkZ0ybY1kHJoQfmvLnbC_9qLv6-YthSYk6v3GerP8TgB8S_o9fg6WutWaxL75FBtsfn8gziCxisqbvzsBQMZ8uHXoEu_kjule7mCkOL-F2h9TZcurjoIs5UZCzFDc_ugtNLi9t02wfofoIXh3PVXanrnh4-BQOWPxqPhPd8K6pHqdZFE-4m3RZUiwBtrjb1PJfJJs41EJR3g2TWkd5qBXE9rHMlJP9SklI2CK9cJqKgg4fhJvPM3mCdj6R7ZhOHEeSbXBH6-HIKItlI50Ui9InHJdfho4iWh5sNGRfSUEjaF85itQ36FUcm5_yFVaJ2MDtqu0ZgPM_sThkwiltd9stlbMgweYi7-VdJjaJvPvusuQ5zqTrf43tiaYSNqtMdHhXVwHLmH2uSF2c7ijQYt0qbe7za3_NAbWpwxZbovqc6VtYiUYo3Qxc05--J4LsR8tgC9SoVAuZj0m2g2caFz7RncJgVUYB8Bzy3Hr0E-85dpzZKzgolIV_Zb9OjwPV2j2n0aaOeYdDDdY7aXdXNU-oYLXvXLtWlFf1B6AjXOSO2FCaNaxaWp90OYHO_mrjekGBMo5Uum0zYfqO8h79eoaCZWS88C9_9JWrufCkwx4k_GSOPAoSBmpiPsQBTfTGk9IUdvecOWpTa9Jpxz2727pK_bWrIRYfQ7iJfYUnpHe_ceeYW_GHyNvrlLpy65hFFNDOue9gadO-ruR-JW5xGNW11b6ePS1PfITjEZ9vhdAwqDZ_xkYAGtH4K3zrXZtaJ1UlF7sirO8VOIfwyU8ods84nSB_LxVwbxeic6hSKutsQO01EyYOYJY3-TzvtKpo6dL1uWahrQkbEFa_jtmNTe9ni0GZQzl8HAJjhADHfsPS8y_9ZrFZTy5CYaYJqHSegPRKp45tvHjy2s3tC60yyq4n18F79w17fD8rYKQMV55q-RqUl6byAcw_Ttx6GJB7HTNhFlM92xLv-kiRhNFNs7_mO2Ft9jrad4ehfLKswqRqbvhkRAGhJIqc1D9GPHgVNDnQCy_sMLVYlKGi3BsdPU5eNuU8A4e78STXMzTqJ8kgaxlF6sPzhSycpwW7A5jISXqLwrKNOiGj2f6kJDc0jD1NcDbGPmxbkdy6EbQAXZjzAV6r1-hCRlSJi13cVQTvInVDzScHDHy7zMZxscaSmz1XIt4tnrcqHf6n88131UoIdqx2jz_aRr8kSgc4EDkjW-W11zIVVyGPMJ3bL3P_h9yHzh9KtlhhF62dWfh-a7Uyx2Rb7csQ5Zw7eFIPEurwXc4PQk7j1MchtNJq_tb29m2L_CZ4WLa6WAaiISEfcRVpmjDaQu0CJn1HpXiocFySZTH8-pEK7JzTSMqW-bM_5emeUIQ0IeY5jqzgr16sGkMT6Ud9cguQtgPdp0z6tMcHhy1TPyZze1ia8-lI3O3fH7ELECQFNDK05BokP9SdXWmsnkCQbN7eKzKybzskA2yRKHP5gqWOYTYYaYCG3BOthIOq-jsj3W1ASA2BRROuZHSJ2nrH4mBiTuDTImQCAbLWcvCa5yIWBvejdurHySyuX4V2qqAXHEkKzPNmqmGbt9HqXEJWsYbq-lEfFQmxK4Nuui_RxoMdPLy9Soh2HBcvzwBpSHkgp-Ya1oujYyK8Fb4804uJXjJpP9-v2OPwgoKj8RAmU5HrnhBrifGRovWu_tfPMHLb38hB-5-En-_S1MjqVLuB6TxgDq1_4VIENrt3UnjVfRZIiIufiVZaOwyfgamE4ahJ-sXUHVnu7ED1VuZH14RBl3VM6ZGFPQvXFijTCdyVcGIQzOQrxbxQGc3araHeqt-qsabQrWOnNFAteTK4P2XjEfywW1gMKIrbnvUfUKecwiWoUOdUjE6f9eTMMtPJANzscZ2RviOgba69cVJEQV1oSaQCxbO8fJ_6G4z05rTi8rqEKRA7Qb-cwoK98XG2oaFFwvFUAf5e3FXFsRr_OxsaMyD9bF_tvHXvOOd5B2xoatuCHUCrcVwX6A_ZLk-mlc4UReWJQ_oKD5gXcGj2ln8ujrYPBTSqvaQ1Up1mPylSq4hjGkvhM9v6zQFFYiY_qZQXWb6bjaO2xQGnrfvwC31CJV1ZJQlrViPIutjlW6dCAAK5k7Ha19Srucu8bGYWKunpRQAnWgpFpcjvu7IPPybi87O893VGYp3zfYlHkff6Nq_uArhDCL4jJ8rwFVWYPqm_xLAu-WQ_70Cw2q6h7qTQ6UDOy2Y3RxJRLlGgJUYU8CbvHzoeX5p0NnZHzmpNIK55RBEPpYImalDVu3T5-fGe2JVPx9sVXwdgyvd3fVu7YAcQpF2J7q_8v31AdEN1p4S6r4WlHE6H4q55EtJOzseoQsciZcGdaMJIzM89exSlX2VhFwuF0A-FIlN7M4LlPfFd5iu0lE77ce8EBjx5QiCS0DgSsykb-9nLbxRBU_bLaX-A5LzwFYhsyB0xmIUYdWXequbocdA_Cc0MoufHlBBUreZ24MCOUhBycSeMeNJN4mW4wrwBpADb0rMDIDRaNG8gMJuMSftIuWUjoyilwxYl600T-RowbtTJVaTLYMMLggpWT_SKm5F3msBi_awAPPWCWcJwJOT9p53a-nMe5Uc9KpjzFA-vfQmXS-A98cB6Uee7XXjlgnvV6SfHpM96YJLirIERuLo2SlFgMTt-kwu6oMjLKODPS3Ay4dln8yNaSZE1J3MHjfnmvfxDw2JgX1sof9dTyK-PcPu_pb8MR8wzvLkL8yoVP9Dt2BSruFjr2WwTWSvq8_-74Di4Z39h9d857VBllbb73lzU4udWO_FSLNo3iiNMBNZPpzOnEh1G-QXYOG91Ul3silE3Da63fYRR2LR4mB4rKmYeeg5L4eYWlMyecJAwv3w6p_g-_gXR__a0E6Ya7xlSPoQ0RmvWoH_SgVhXJzaNElfPYq4sMKXRzA0HZYRph7KMH8zuBB2Z9IvStUqR3S_J5x_d4grdGArY-D1B-1PBQ-JrBcpiniiY5OOO9nBWLHsM4LkNfEptx6UvivLjVXkxerMH0Q1VrT7tYXO380zxlbk7v_s1y-7THkLcpbiGd0OkzXwV5nwLSNBD7eXpa321GDdSBVbvCGRAlbIQfTRbLnXMcy1CKrgNJFlGVaXxzZMqzlUdwKjkatK-ntl5WOqR0kptH493FOZowy6SFTxlbWWqgCNFHUKV25Yri9rvZr5OElG_ZGBZNkMCGdTJyeq6bW7ivrwXLhsdOz08gz_IINzD54-KFmM5xBmHLGJHN1Y2J8jCxdrFr2rC8PTdNJwm1Kz_f5Qk3cqwIF7FaVyAKstYUMEVM4ua61fyLs_O1apx0D6JYO8Wo3_2OTEV9i2OaVB_GVxc6H61RRi7CPwqXWsyNJiI8zSBVYEMQalbApYnSOKxUuw5uYXKRM60uncmZwUow2Cf-eAaTdiUsvTkdLuLljZcjSiPQ_HdmgnDGpLMWwdz5OqArF_fiUycAfhpfiAu1Nae9dbDswqG5ilwkE2MyrAThohHv2ZHyM8nqCXbh3TXy8sgd2Dde0yIQzl7wqpxfq_Jd8LEyXWfs7KYfR23mszKeZ22pxEkp7UAgZGp1P38KC-dW0Lh3LTKISAxCmqT6PpZygMUKdwJHsZweUsgmsi7Qat8G8kdM3ErDFKcMIxwTyBzGpYxHYYvovU825YLiNerxTB5EB9RYQ99rigK8_0EPov6WTFOxaR-ZMmE-iW9sn7sgp2SxgEnkKbyNYzFc7xZNXaWIzLl5WOBUIij71waRZjP5tix2zE2dJOBIwkQW4hHSKVRVGpND_OWZAv0sFe29vqtkmhQIoi_WwyTuJ5dC8o3lw1dt8X4or0UW9XR49nm2CGNfwJCzMpDLlFk-DQkFfc9bhZjH_6ZE97DQC9JuQhRiVUdMZBT0yh6cozzKNdxkqCDQqFaVZXN4CYZhHClognzHde2JHEo5T-g3xBvbbkh95Pb1cEql1AfJJLmF9NC6odUBGxh_PTzYFkKey6lVYA0cDYReGSg-CeZDzONnYhaCHcqqBHV-K6wm6AmQjIeYehHTZCQ2PYBb0AuI2GtPuuQ-sTzkKAterxALRmbwOlvnJLZAi4Rjl3rPcaiqOL8s22kv5h8aMYPmCm1Bxd3QfHCSY_QuyEHiYPHwHMLuoGPBjQ6uAKYhY9zO_bStTN2UnP8ANrZHPDgNQ0DfcLldIN8it5yygmlLeJ6tbd0otQg1TuAXtb4ishwbubatOMQ18V435zwa_mgIWCZ_lYZFxAa-k9yGkQdu7jYNXQwEbmFA6sbWYEV69hMkL5yj3ovPaEQ-T0vvxCX1yZkU682DtITdPpl50Q6lsoYuMtnbZJRVngx-GeCRwgczzIx-fVYteb9MnGV-Rb2o4QN7F9yLSsQv6YQsnvyXM9UX-mLNNviuGGHc-6dLxoHcEJ6wpadhgSh7fBQx1ybU-Uq8t0GrXu9zXOnWlT5uj_7McsBVotK9poUwKnTpBCCuaDjU6-PoYckJMklLcxDeZEbmAevg5JTdZ6m8begJpvtYcItlcTGhIXWsIxpD0PhwyCFc7D0jZzdZzY9oU6N60Ri2hiW3qQqCUHvwtOPB0-mNByFGzmhs06CvNYfWtX8fL2mmntTq_sydryIfdYEYjROiFCxK-yTe3nAt-bjQJ5EuWKSYjCHEeq8r1dTm4Jyry8qs8qtPJTKjWL8L1xCs6zq_EvHP6NAQb9sjrnfqL3Wi7h77CLtttKwo_U9Ng6WRarRaBARdr2dKFqloxo_GOuoIsUWx6ZLfOIdEV4FKBmk1O-0VxqcC47kg6zOF8ide29urHeMFVCa4tx9L-8IHLq9-NiTOISBdSuHRhuixv7y-FZVYdOukJPMsxp-q6HZZloAyK9MNJfpvvHlXRJVaG3RdcINKk6C-nCNulkR5IFbiZLLp2y-6uWkGOjRA_-6PO2XIqbwzGHOH8qJlQitAeKjREdmhJ5YEn1CBio2nTIiXv--f69ZUXcUuAqnDj1Avw3O0T-LQ0Mc8U092aog12L_gg9ea2mIKqJkwThnLkQff9dQ2xFS-q3PWMiAD29dyKWTUdqIHg64H-VXCrFFm1XGJbx0zdM_GfFc_lNQ9krB5JodSkSyg4jvqhDUs0IiIOHzqyJye3aSz58SsMxQnog7ecXM-kibSluFDEgjOYKWGFEtN3KlOd120x6qhUhr2vziZ88gKhbmmuE5fqDWPuMrT6CN-k1lod0ZDeVkvQbThYVjF_mllHOOvxNRPR4KQf7MZElVYbCyRHCaFA3PUuHVuN4MGit5h0Ig1XTEiE5znPa1RX4U-naO73V4RawCetZCpL9EE5DvlKVtKnRAf1-3pp3LaCp55pJsj7XcxP3ZVTQRziwpsI8Oqf3g9dpJUzn3qyrLVfnrQU-hK8qMLycenIMguxhtIZirjDVeFOYUa4i2x3PsOYDYPMMtS9iehnhD8R-YixYDiLy_X-NlOgZAa7U5ILiCIKavZGXdhMI8WkuI13zgFR-puBOdhT4pf4ZpFdt1aU1DVGA5ih35mjbxRcyn4EgOXu2jX58_R0Vhku8AIA_DFqbedaQjGh13M7xABMwOee8cUSQdCUWPFB6n0y712PMWaRxEJ7Fclo0nnhzYcKz0V0vVF4R9coNDbS8QphiDgmrnr1U_t9xWwHkozNk6Zzdbyol1HIAtaZzKGqK__q5o43Zl_BidoL6lKaMkQCc22WQS-FfX0pYZeZkU6ZW33Jirysumsa6ZsdLkZ68B8EYaitfILd1W1BzaXrk6L9FgDQkQtabmm_8zHGv1xoRdlhsxliVMuaI-V0EZkeegyYfOQdlE9Mx5mSMRpU0N_s7IJMpb1ri7tpMB04YsJo3EG28gAAV_IvEcRKXmlgcd4_12ORB6f0P74fC8AEmOi3kgJHAdsREW-EaaP6yqM657htVe6-XQv4_XzSBk1q-oFTm2IzMP6OVC2Mc_kT2pyvfwjSSm6izqTtNQBR2i2iQeQJGrFEM3F8c4WonQRWqPCdNwZYr7umNtAs7O8jrGUyb68lRYWBHxhgjK9DNSTDTxvugc05cYbJn7bt9x61NB8-DgI2j4LDAYQEcEGTQDKHpR4kzLuXYyQfmM_UMLf7e0_NFEBtAcHmpS8A4R9SzXt-_bH4Ahqvv-_Bz-ALiEGq8Yt-fpqSDIZzzQdPlqaasQwjGvzPk9t0GS9jPh93oPT1NBKI8VuR_sGKGgwvaoXnIFwd4GGfTgBYwPwRXo-FgstuPFtUk-70T45YTWDBXS9kuvM81cHtUB8anUF3MeSLGcKg-Oj32SNNhbTd75Hg9Z7xYlSVR8zG5rwD_iL-634u0eLqiyjzmeu7LRr8riFqesv6LRm62ATYCevErv4Er-orIO8Iivmg6tPVF05EXhM1L_-9chNysuHtYOfT85aWIKKNVJESY9VMgcwSS4EPyMnQ0DI3h33DdsaU0gWmw60J83NQ5mVHA2q9h235YuTkrmYNXLMBGLHiWt84zEeJz2aeEH-zyk15KzZzvxWgS1JKYst_FjuMRqbw75ps-JTlqtclwD4jyo_mSBAWyvqiddQL_9EuuSOp7ucTr8E0s_0BEEiNq72MLl6vHvWBtqjxiT1hAdTIxpA3aRDVIgXhgiwRyfBYrEhG7l2ds5L_lMvc7CuK36FahgtrkxyJQ1fN1O_aQr7xvzhhjmsK86BRvyMb1AcLeL2Wp67F7vorX9R5FqxOSH1P2SaYefPi-H3GWfzj3eryka78JT69aCdqqF2lhhfHJWDASyDPd3r5h3zd0wnjSk2qRBtkBQnqUwzC597W-6Z8d7jHtQX228oriA1MXqrIS7QAh2ngsbERv5XiPh1P6cXTAekJHrATiMVRr5HKYDPkvFJCQXbKWfh-EDgXIxFBgpxA6s4lKVpEP77QgXUQ0ori9rzfoIlNVB5q4ItPGJRbI2nDeDab3fywtO50fA_MDlFYZA_3QCb5ZRSxqeSHCtfQXRen2qyP3pI39_nFPUnYd-Ft1i222XIVJoet8zSbSuZXbYBfLSmCfvHnp3NYE2lbrEnRWdLqPqNTsu1008ZKlVtO2tKqPi4y2JLyoraxs3bpfaqAXDrVB4VrqLG7f_qaJy-6oHGDq3hGOezK53wpaBujHjlW74PR0kPTv6cZILNVKCTN3C9KqiURzykV0kZwC3Gxn6_To2skDUimY6ZMVCaXZqsJI9VgLmSdED4JRVqNnP2xnFEC5l0Yw9fxU4fbzk8bUDpRtudwkz3fNuwxVqKF3sFzyc9KV6rc1fbwz2u-gdvwunmkTHC-LAkN0YtIb0n50kpSqc-0Nmmd9JfjpnCGTV-SoGQUyMYMFBcvYS2psAIVEgUEVZfEezHJcsbh-dnegZUsk4HD4lZCw71A8XM8JPbluFlbIzc0BhGWK93vCk1tf_Sm1QIu6R2PkVw2vQ4gouC3QPT8_nn-pHgiuTWLrvSC5OhmLhtnoT5qFji1_xAGKx_Ax3HjVIUpdjgg7EmzrIFz0skKeXWgCtm_CNYfMICn_Ews-MWI1S2CcVKZs_Q-EeeEC-VThVAGSe3gfqVBGpeITiKjrDO6AK_sbfwxwLKKXRqr52eXb594sfXuM7GEkabsXe-nNUyOmYvMu7HM7hFklkycVwOZdORF4mqT7G9u2J_LlPoymFKVrhyeEVvkB0dnL0mvBUAKBwtwBC8b4KqeCdEmCK61_B7WMMIr8alaVOoiLlzZlu_uUJWXXhRhm7ky50Fm4_tDsNDL6r0HLf4DBsIsTl2ndvDlaeMx6IM-hCoFykEuxymbQ9lzVW0vSjVMR6xm757JuYeMlP_L0UrGf8fwfZ8sHVhCpGqwvGbAPO6XMrdFZXJfAMdDVzYrgliHt48ZtQxNzDbU6mIyVP04Uo0g5cvrg4kf_T5-zKFdjjIa3RVNqWjqY8cU9VWbhlWI45_TBjWlAB0dzN-whnERo3wuvuYmpLXur2hzgb1wtykbHdcP3yEn2HT3oOFVzjDX-vq7w3sf6W_ri5ReffP2Dsg9SOTzkRVW-99LrZHxUgdX9Z8-ueXSStwmL6_o_3LQDWwO5nxXiyUNS4WB7zT19-13fjuIttqDzO_fsueeI3l3apAh1R48tpUwO_Nge_bGdFQDgY3Ghiyn5tVNgwAJdQfhXNLZtFU2FtGzNNjKLatDcwvmsg2aeQDnYUh_lomOBIRWhBJdTsEgb-eOkM8DUslwe_F5UPC3yLCW_yeNGx3tY-2FA64QCswIHCVbxhqkOruShQwGEBlwTGx6rKUJpMVwoW9JAFLYACluRhxkni5n47ap8fpaLV-5ez-IvY_Nco09iWJX1vUBMQJy2-C7hPODTAuC-WjB_akG5TBcSwrHjnJjgAGHi41K06Da1C6OreZPfoh-ujoN4RIKnqo8GoBaCwYy2E387wQf3HuWRWgaBxMylF401wXtL_JW-KHtRZ3OV10NhAjBcRCx0H30QMFnydgIYKRxRVgwtGO8TtDOD1_SQ6UoYzn_SA5kLDxioSEaOrMwhuWQpClcUAapxRfrxB0-rKwhA94sRfvWiC-YXIxUvHZ_3NqexghF8QTubl0kcwEfb5L2ZEg42B3b11pnq3tXqpGuHuBdjzqx6yd6jg9qAtoZeLYX_7-rueGYC11H_UCkM-OlIYQo9lO1O4kkKN8MbCZen8qCbA7Si_DyPChPGAlIlXOdy2utoZ0pGzKRuOOo27cMXySZy51F0RkB_C9ceen-Yp8Y9s5xOhKtdvWhSRz07DChEdbNjHe0WITuAcYdlOvyT5EP_A2Q81p5b3BQ7kRsW4JmDN_VD6mVxZa2BGedx-UHSz7uAYJfWWqO9fOOGj3XwiTRCI2e80PWLw3YuWKeoY7nd2OS_MnpAuK0sQ6M_DjtrvrIxqcVeL5YwZ8zc3RE2ES4aESMnMsqGgYLLB-M8F42W3sekdGhcQM48Xrat3677G8-fVIjVpWQoOao5AjDFvTROZqs772V5R8TWGSPvY2ZSjUFDEa1nHv5eRPk8YX6iv61elZ9mWD2BKlaczP2nAHbBewomzGY7BuvWLgOSnoXacWINn0RiDitDcNmBibcHSVsEQpARdULdiip_Jb77k4VeWODQ-BEiOHVec-GqHFPtMeawflXxVBlxw8oUxKClPKwS3snU1oCuBRGPuWPpYMJ4STS1Vl0ZZzPbplRAfvdM465cEj_fHT5XYJ21Wibsr3Fir5fF1tRt0lZw0rDa9jVoHN6dASf9s9o1yft7SVjU-ear0w1o6-g4I8cRps7M-QhZDK7k3EhfqvKvzdk_U15WZZ5knCg2z04rVRg0eqZwz3bJUGLgObSbtIDlHx4yZEU_uonm28X9GA8r1yOA0wXWPXmTVPhBeGWqTqvRHYwRgFP4TSMLHhyzWNImr6xE-dFh3RQc9WIe4jFFyToDYQ5ejQDL3VxzOSCM1XLZy18hcI0J4z0bmetR9JzDZq9AbRWkKOd8pMzU75BYzuLWGVwHyddESrLBpDA2cnB9zSk3tIqt-p_k_DVL1hLfryDvR-FdR7Tne_cz87ZMqTu-c48gcexpZiGD6nGt5D5N9CmGicLwufkHe2uKRh3TVDvGCupLk5C18C6u8dq2nD9lcajn0f3pwEd4lWGrHQ5edLjKV4xtZQbMWs90OM0H_6gxLhSDxDGbgJTlZKTNaLA9VWA4Hpm_dMKz048x4lBZhOwx6eEQmD9bA06KYvu-9WfIiR8pGAaLP861cdpHjELWmad6EUVxyZ9qaJBN5W1HyY9QCWpd-YUTSKyHPo37-LZLfEGs90kKOx767EjR21zn8zQEgqRwzjeeuzaNlDcFUHkUHz9l4sgnR5Ak4eUC0XcGmVJHo-qGQnDJKlS9YU6g1LFPJehkDOOxxnyua2JQ3LMpEFEhNK4WHccor9OjnfiLZ7AE2l5Nn4ifm5DRqJJniovGx2P_1tODjzTTwZw1ZJSdPs4GyLc1YgUy8NmsSbXygoNwubxnqdOQTzdP48omjcJO32HaUIUxSSDZiF0vK4yR5XlzoxlzZKhb7t0LrtzAXFgsyewuePNsPwF4CQYIajJO0SdO3BtSxtebvLdJmN66s_LgAeiR9FJls_V_aXA7Cq2u_wDUlI12vbW4Ny7FcekmS3aUTCVxCUy0G4IXtWDaFTrGYeOXQZNF7uuJBDdOw_ursugmiBaFY-xdCDlhQr4dVOAvSgArG_zyyX3-N8agB_INkcjecTfABgPV8BYhXuxShUdDzyTW-gOAQZpPsQwk8NXy94sB_oyO9MLX2e2cMcwN-aowqtrw0moZLxEWnVLB4igS2LZiV-yu_0dGZjsD8zJ8ZfdMppmlPo9yYxZcziAEEMfctqd8WZZn6AmeHnn2Ad31U1Q3CNN9BMipN8cWegli4rZjya7WxPNBDqiGdjEAoyrkI2NFP03tdb29we5dkpdQuI5UIhytNnoMUQooFow0DOlen8hSAaTpjYGIvU5tAj6ZnoIjqQZBMYgAe2cR_A15gbXg5WBd0fkav8llJ3nq2IfoOuqEg0rZQ7N4cdc-mB15Prc5px-mD3LrUx2m7MHYxJnpoBCAa8dppNb_Yq1KMwN9nFoHgBKGuSmlnIB_ePGZbkXewTKF6r7VDGu4uYr3kZHaHqpcHvgTWhnYHClpRrghy45GfbJZRzf4ECjQrGAouBlwD5ggLHmnt2LRMhWuZO-CjL0srMmsySjzOQZfuXvcvtY5aI4uwZOYISOYV-4JYhoRauZ3anQ56z1kcIHQEGlhYstggQV33gPyj-ZGdA-cMEKyVH73QmYw_cKsc6WgXXc1qnTYPXAEHsmeGyKfMXpDbO5Cri8Tu9Wv27PwVMsTvHl-5xh7o86vB45hf6JbWVp7pFDSZTUPyIiXNBDxORbihquaZ9s_-TmJsnZ9oimHycg9flhN9cj1A2R1UY-gOemcw4gKiL3dH8SzRZXjc1wGY6DQA9pFhC_TGLtz0NFFFsvMGDyvxrfSKh_hwLksnHeeG_YTVTHdfygv9S5s8cwGQg-my6h56DvqgdDVq2k23dIhjT90CKZD9ApPgqm7o83FZCSbtMoCYT-_N64W98bfjn8VVUyZ77kE1yibujXENkwrDbtqPyOK5ez2DXaY6p0PP3F5HzOWEOe20_xQgTLcc2kSBsN3SvYVdxpU223uS5hq0cY5ttyN1Fm6dW9zKLuFRaemXtZ3R8o2ZpMJICHvr_B3vp39_XlQwkvtWl-GcrX9rVK4JDiG6U27d2_X7kfS0s23NGSGAin7R3lfhFJ1GmK-_klRhre50hP7xgC5ZM3tdAfcf5kgEhjLAtmtS_9y0uWkHR5wQadQPskiiUbkkcqbN67Tqugt7ZB-fGAXLHuO6TwKfVzolYDQ673pbRMVwoFM41fQaCFNVufKkhXAJNeV0jbwhVNACkaYfpueo0BT-xUSWhj9_PrsNI9brdCpOZfYrJbpBV4bt9zbDdgeGGuUCOKVbAov0xp5wIzlmK6mRcFHNfs8HxEJwHrGpvOMEfFHJnK2JmUuFE2P1OQNt46FezlkunkvdcR-fF-fYHFybpCxugcP3kBa7_MSl3TZnHHbhcLWayP5yscalE4s5CkzqUpzYnpKgSQ76rIEj8hPttUc1n_YgCmtB_SfTHw8iOh8JUJFyLcKd0-VbTsr2Uej5tZawqv8AotAG5apJpMftpfXBUo1B60gyoRILkQtOQRgZrKNfmkouif8Wvu2XCxFWpBb7fe7FaA_OvsTY-zHb2gdd7lvWMzZTyU48-SeJKY9aRslANAltFazqqok5JcU6AIG8aVs-ARMkDSdYPM88w875kihBS1Js67H8DQ88z3u5IFP9WLd_jRwwPnI7auu4pnHdDuPnVP8rcViYcntqKhTCIwiJjTrL10Haxc_UzzMz-lZJeN34bsYUDJY4dsOxy7ZTW3Hm4q0Gx1IhrshzouN4CxJhvyGVI45wBHnteoJxftlKlQAkYG1i-sYTQMQIb6RgDzggNayU_s5I0jMhi3vVIorRsEmabZRI9kjxM86RpcCjZH8O4qj0MJIj-vHNQ72sD1yPHxEhI8A8LHLQcz2s3dcIcj9KHrMHpjR5edu6Y-awLHPWKPD-DIFIvhqfjGqJqvga4vv0ELH8xnhE-b-rKQSxMtN5GXnalb1N4wTjX7qnrUCf1re-4VSUzscXH-ZgnakzT-LcKD7pRzzCjV6-x5DOGBeiFYgJuM-RjVpX8bO1Rgyzqk40huwwK4ycIr5nndLaZnXKQacZ-wuqxqky9RdKBwE0x79JiKvavz82HBXS5PPx4gNEWWGGyvJz5UzUXR5Cua8QbLheEtDspWX-D3HYvDuF0RL_TmQ5cN9fWb2v51jcGVp9PWKdpBwe7QII2Dmy-vkadaGdj1MKlshaCFk4xylqjyePLUc4EMkirLWXjHY3h8emqXgCAXK3oXvp8SIaRfC9YwopDImSbmkFKaScRDpy6yGSEK_7FVRTC7HLnh7X3GKe0IcgxBmWmevjS0TcirtjzO0QBIhDSxGYsSPxKjMtIo_IoJ1otkOeiMPoXlOqCEwOPVPdJWubjvw_kIQAuMa9_uguUJtxghdVh7FmKqWEyCN0V8hWF7VqilG8O1hGIyIVml9LggEbBQIkB2umaI2V-0sxSDfTLu7MWp72lQ-S4ccoULGYDfyEeAvWbaujj5GOpYCV-rAcpumXjwHTB6Q3Cv_rPqsmVezpLC2EuA2u17Wr0ctBK0C27y6t7sHTCOcLWBVZxNZ2ZCuo1w0xhpSoWzHzfUBROmqIgVOtviOyzSpGLxAF3OY7vX7KMAdmHp9WBzZzckqAeAupsJTvZG1Bad-if2Ooi12orCoPcQK6X6Om1oaC3rmFFdouBmp99tf0TPb1bK2n60_IfhiuhIO8O876qNsCzep7LyffsqczWoCdjNvtxzoGjpYqPohZL8ElIXYaLL0BxjyycJ-hatsvyhOx6_d3_qGHawNA00l3uMP8hqMB_y_cKQzjWdhmcXvKFAzVqAa9hIFEfCxN2vLlbDmiZ-1XRr67VEngJhLKmGzt9fcBSu2bqVD0XfZUxnldxEe4gC-8xDSRQaiiGCd4P0OH0WjYUb5qt_HzaMmDa0WGgwGENWwd5SdMckFnzf6jg9GB9JmYoNNrn5BK6xgElnw7qlSJvdmekVyjOmAC9KhUaGD6sqYEpgOXhjId_Z5xXwxy8JV54-ZCZ0eSkzwQNLz9WQ-SKlJcSTj4BIHsBDRFgdVcLjXxOv_oFB3P0oaOpHddFbR3Mgh6foUzZjFh8ogJDmJbkAPazFkK2lxtQkuc6JsgEUUC10v4HMef4zT6ly11nCijB-BUU6CvQn9kfAInH9mxZL_hD94IPIf1l5VOJK5-zuW-Db8KjJH01bZsKybXPxCRrupMPbjJmeWCbrUHdOJ5NrUQ5fkDeRvKGC9Mf3i0RFODzZhYfNSsLQ_tvInax9Cck7V1WosHQijMEV6wequMo4T5P230r5pC7h0VUPvS7STLfHh_XREMG631dRpx6n0GHKKCFXsSZgn6KcaEd70xo2twKpMoDikk4cGsxrBHsPgGOk7AYywlJt0HH2APRIKVRqU2H0pdH0ECuP3oj7gzjCv-wqmhm54HbqGOkzqBvgJtQMrw37Ugp-gulZya0Y_owlag8KTGdVcRgZM4oiItf3h0uGfsm1eoylRpqdhsfK5hIsrU3STMPMhbbMMEbNDTZWxYtroFyRmGshpuAMqsI1CcZtV_MJS5Qb54YyQPRv6UWqLU6URF5vLC4W-jq6EDAOPqsw2DDUOS5VxTPm00vg02W7pIpMVQD1woXaR2VqSm__ukVpWs9gWt1DmICJF38btcEJpyo5K3iJhLijslAKSZxKaUJYfVLLZf2S4F0T-fSL4JtTSJB0H_7plM7cVnf-k83qh5_EnbpbVbQS4PITktPxNUpvYaz2z13DPVpPVGUsOHbTXZ3mcZBV52MHnCcIVyP16kLzT-OjI0Q4lR1oN4IJGmLSyllNT7JusLLZk8Le4ZRH79nIUE3oAC_SXiHMGOg_T5orUaaoG4yrcMMSusHxmqJFAVYYbj6Ro3amQLt5K-fu-Y3lvxFi9STix1xM35YLSIUIj1NyFwrRI-mWSYPb1L-SFyx5xglIR5uLDQGhFH6Jxal4tHpX-Z0hkA0IEf0pw-3i41IvmYqZ0jpIVP-i61NvtUS8KHKXVXNMdiipEUdpCxkVoOppKUX5sEqIxvwtCuq2N-Ww3IMHhJlkVOGufUwFbBFE07vm0BfM8pm436dm2f5sXZOxeIlipDx_B2e3FNd9s3x5yCk2KO8Q1sKvgF6_3M_u0aDVKOSB6vqjDUFYxGrxsarE3NYXlOGYgOJX5UhzAHOdH6fntEX9pvKuXrtlFTemF9YLjcb2EZTJrgDmPV21RRfL06ATqcol6e2spCZNqTDRrNoEwxqJV2URLlsgFHmR6Bn4PpsVH-TAI6zuN_Rn43TIhO3sDqulVUpvHqGnA9SAl3qE-hz454ykUvzEWJ18TSca2wXuDXkJT95lxFE3GIdBGrOiOLf4Wyl5RGe4G_Ynv2M7-xZqjQ_kUK54L_sLduzNxCYKXGPenPRcs2Re8OaRd7KqHs8mfm3e6hiky8rNpgNMqSJbgsGLqDr2Cic46y9jxDMdP65yW8FJ_1loPlRm1z68-YaFug1-TiQ5usC2ulOhH4A0ZeRgbQaO-f6mCDo2ecga49FOW1seZcxSBgxcgahuBjfYzrl71XBzKHVcJVVal6jDzfz8OZEtifZcc3p9fJrDv6jWhyezXdnx_Zwe4HVaSo5EwH98TdRcGNrXHJR5bjEtGHlVzhWV1x4qx8G-hTCGPzoYC9T37snSaMnBFKuglgOj4l2k9S5Z4NPWks_gyIUsoZvBh5KTwo8MWqqzLg2fpFbZvqssjuQ7UtiXD6VbGfg7ifMTilSKBe6EJok369-q86W74Dm_lUHJHaKTuTd5IXlY3F1LJUr9DN4leGZyOLmhoilfRvSra2WkVrIi4YPZDRpun1LfRW4cSCGzG6VstFlPc363bZGarRWc7wmwr40cCjC2tloxlXDxXEY_DU9qP6D2wc2rkqNdsk9heOIkiPLcFNbhtuuJdbbqNeAxRbatWZzfESCArwp6C-aqJhTDW9vNnpn072ovBMWXjvVmuL7-S1XFdoT9PIa_E4ea1xZwI4LbwWQsAq3JcpG6C5AV_bE-GCEzv-kYnL_QUSa211ZfoVLqKX1026RqvJOJlvOYM7QinHVEGL5ljXy6qxiNURJXnWr0el-_D_m7j1kRpE8XmcsC2MkOiUREsFancxxGgG4m_UzQT35FrFotR2kwvhPseVZDgUCphQBVkvWVmMjj8Ov48nHoAnJQGNd4E5QQifjOjYQ5PkoWzMaxQtbayFChWk2LIrv4WaJqUVEQC02FG-_1A0qWGM-XNF9d50iGKByAh2t3j7nfOJxX2QmebGpjm6mEJdQ47LFxrrLQGA0bJ7MUIYEgqqJOrXxm8_D_cXUo9Fk5ycGC-pQI5tp7lbPf3bJgy2d-Qr6wYao1k7bc_Ss63fGmCr9kaL8NIj6rBAEXHTmHccUfeZ3CihkaLemXWvhydjhvYhO3T1-GgXV3kbJUE0yBtvgBng8p7LtTM1H3NSDWBHFgwYUrXh599BOSSbsK_hjyRzZkKxqLlwV0SOAt6EdIU5tQSmExOFHtPOgPIZWp9UKrIR_q8WkViwaQRdxp2WHElU4bCvn-1N8N8B7h7tGTPGV7yZgiBPdQNyB0luDH5nRN7BQXqZcJHnN9yYPg0PiRDvh-WLChSeCw8DJOdBKP3G6vJlEnHHLq9ao2QxlloS90yG29ck9SpSjrj9oZWPTAjcav_JL9Q6rp2JJ0aDfSl7wC8o3xvBvwbGwl4KU38u6PbHODTG9_vka-UyQ8fUpqufHEUjCKO8f-5GxIylwIh7nACo1AYxSErPOwCwMLrwxYnvThmtHvhtk1_JrmHl7wQOMqfH18Ib5b91iWVIf87Zw-ZP1OqPaUhmLF7XhFM8Ar51swGXeFlristm1zxdZkk5AM9pW6UIqV2DCTbH0YdlOAn0tQxzYC9xewG5rN6PI5mjz-1mL32thZMbBhlPdpK6MkLeKgyx0fz42knpA9OQ7NbnfbNejcvKiDWlBcfAkhqJrYop_wDp4AsBZmxrdQAxCg2B24eWdYRHIZn9toi0m843jcCBPrEjKDP7SeRa0uj0gUCypL_LC_e7NKEEexpVYSVXYPsyhu3TltbtdJJuVvHJGGmEzjamO5xUNLe3MAyY3GMZsIw31vSvuX8lDKTgeQX49cU9ZxGk893ISfMSLrQwb4qXGBcT2ZhYn5pvBL5gtzZeFRelCfo1oklnVA-sSbOVXtJtwD9tpwI0BvE43Hb0fBxtXRnP0R9OerYjWKXVfAs4yxQvgqqyBuDgwRoPxPHaEfvgVJnz0YOj0PMnop7hKO28FRf8R6UFXlKdh74Ny6D0TxxKhkb43iNYhF9zLhx717oc3dpj80Jy3_qaGbGX_gd_OzW8CxLNRyACwY_ijpi88KO_H1pWvYxBaRStoD3n1b-g7kSSrBplQ5TY96vO5dblRBMZ0Neu5CSUPWk8FrrMOHSYIfuzOUiorK63W_e1bmUt-lkZ9v5hTASMVJPeaeIYVH9j5AvC1t8NrT26LjfDLAVEX84mpeFEFDneEZD4HAlmsOFZ8YiPrX7zda2SSB_5iTpfaiqL16YJpKFkCJXysB50hbIk55hl-J1FCIOD2IbkQt9wd2KbRgxSi3Rq2aoi5-WgY6fdN_iiv_TfQIxpEPJKp4ShqupCC_1dC4fJOJg4cHMi2cT94RT518dSbCRgmjQTlNghojkCLdv_F8s0TQRoIB1uHrNMNnwVprVRLNVdPDC7f5snN7APi37kA8S4NcEXU8jnGAR7hc36_PeOYqZlHJu8gWkW_zpNI7c18hMFWogeDslc03FVLSG1nykmdjDfGBBbttyPuA8o4fWwwWBKpWab9aNqy5FU8T_OsK0muhseCdTCNMdak9axP5yuTTYZPANEMk64N8jlqKBhmHRgkouRV9lHUNDTSknxm4cCjrJlObYp_JVP-A_9qh8Ix0ssM2loN-8isVlNv71_RHVNfu3qwLD5AVgQasnDWA3ASWlb0oEyDDQuIELZAFOjqaxfP4W7dNETv82hOdtAbPhUC_DOwBTPF-iGw4NPgFOhstVXbhLDHiUBX02_a3MD68IjpANOsifx8CF9xmeBzAilKQni1M65AVMYLfEv-7L6nRI1YfK2OZGBw54trHm9_Y8fCKgkyy8DK-kZYVsOCq6m-F1yA301NXDmuVPd9d9LWiH8QKACrcNyw3QgsYFIu8iO8P0vLSgw1ENV4fLXmlLnjfJLMcfvz3jof6YJKnZeuIGpk1kMnmLwecj7-gCJB7LGGG5iUTaCeIUo3IR5na2cHQantNiLk8toacxjbz_7adqRkvpBmv-WyTd3eg_m5IQk27A7VbXnzjy3C95JrKEDfBELb-d-5v443R4kWgBA_Ma922o_9Fow8Z9sjJnbPsbrsPoEMWujGTBFiOFb2jzMvRpzL_kZBKB8dO4LY5fXcZD7JyW0yecX5uRf5bfGxnDbCtre8DZOWCl_jAqLkkO4gn7Cmq9HVgftfaHMZLGeFfg5NZMQrNarrpTileVQrGxiKjgzN56XF_x4vyDPubZlztfbY1c3rBDz1A1-kdGs65Ul_fDtnbzhPFTx0gdWZvsPJJB5GMqnJGwMu7oV5PLSJvJgPArQsfW3u9-IEkVrzqTJcueTUdIjsDd90-vhKQjOgNT1a5ofu5OUxek88rRhkKSnWF40bWZvXEOETYz25AE04uU8ok4lpys6r0B4SyKWgI1S1GzeO1Tvl0uIUlf3JrFGA-Hce17V6RmBq3B32sVbBjqEvpNpQ-BAOSgWIZiZnP1Exqk6Bm-WVz1zhvKFZZDiqdYYsdidMYsDPusKq1ISTCfT3uLPu0mVyWq5RRatMYKdIe_31gLSUcBNPorBg-488b-iS5aCYYpgZFFJwY21Oze7xwtQFXniC9w-t2qgLn05fIgCix_MuDXFej0cjoYg3t5wryj1eUFw4ZGWnLxg87esXyrDbDz6dlY-LdqKL0KtkNzMV3u_De4NAXecpHQGs6PNbLWdrJfjNLJjFU9mkP2lGuoqB76YLvH3cMCyDp_VyAFuVIsgalYDMxFlg9Hc6fbdtuNceMFvpZYxfh2OD7YImXoTyZJBdDM1dJrw87Xh09qJSnQuo-gpa9ssbEcMoXOj3qkOkhKYf0G5HDUcPciG9zECkE2BB9rZUXusK47tcku1eS89quB1ihmRmJb6eoM8BIpbHl7duj7ooZQHr90_ftNr0M29O_faIVSun0hWyq1QMIucxWgG5egsfEQeiB7fr2qaxjcw96cv6t5sQsUSK5j0NCR4OKTiomNFgiukch7km2oAr30xBOP4b6f8FlIkeApO1s5r6O65x-9S00baZNhujnjy90YtKIOJAVcrhDTwwr5HetfNHGmBTjTN84s5fHBqaE7p3DEo_dgbc_Nv7tUpiJi90rgkzXnc1w8xqKtL9C3H1c347I5koxWi_ee4AFCfHVo9zJTtxZ4Kl6n_ej1-xExotP1b0VmZRqVVOGsILR9_HnF26NfRLNT-VG_PufxX3Q4sYXyNSvDMD2VVpEMImH6phUKyXYVJSth0vCPYE4mc_UM1JJujrpjRzzLtEaVnPSvd-2YmdHZKIbbuhSb85gkDreAXnBrydBMHMKGVcABUkfDMSiMrLoIJFijFtccQK9mH3czd4wHscs7kU2uqPi_LZYKNcQ0pO4FDS0jbTyhqT5TCr5C9V0zhsEq7IUy1axyq92LH4UWmEZ_IVMGGdiP1nPkIWG0riGlNRLbi6YdeMSpEAkrTmsNMQKH3VDyHJQPv9QXP6w5BgggyQGlORrZVZ3BRqS7qUfDEiRib2d99HNiL9Bm73Q5JVZyMtrbhU6SK0owCFL71SiWuy6NH-yLf7ooOZPhd9Yi7FhfL2q0XxSihRXOctrGgl4yB-AozzmeM7Zi6k3MnsM6ImZ2r14vzLKqEhEQmlq6KPYSys8LkDMFKBECRmWTMtSr1vCpqnibFulNbpJqdxE-BAPNek9CCDNGfddTvAo6IxZwYvSm99FUhESaT4X9s01kw298IOJQbunSgWi_6_UnTYJ_he3Mf-dve2gY0kbB271kaEzNZJWeJ489j1-r3BE_qW8m_XjEmLPuhk5tAP8zzZD_WG2HQr_75zuiP07579UNTuN9veVamdDUDliv6kGnSzYEJOmQm0Jy_hLB7luZcLATmINHYIf4V08Z8e6aWl8t3PUZ4wRZrm1cktpYCl8PlH_A5r0Ihs6ygIaNQCpAFeGsN1nfNmuitAEa5GwlRSlYbMKzXtfFVftcUyr5uxqTsaw4SfFRR8sqe8cmR7TR8PWfX2yElZqkL7MYB4GoIom6YOzOB7Ovav8mKtRp-uUCEXJCIVa8NeEcIXiD5aXx9aA0tGuj-uFxBp-vdod0rT_mN0gWQvte2NjrGnHyhSJ0nu946a9HYrNp7beQ7SiCCxN2cZn3Pa6ozTXR7SHRd4_8tLtAtbSmpy9j26EQEQisVyyugmG69C65PWZMeigda3R-yVJ4ZxcOZRyI35D7FGK-hKFvkAWTnz7xS1xpEVR71n1Z89PpmAJtLtU13zgK67zpxCB8j2nZitRBa4qwnQ0emL_6Lyv2NgCSgNuMk_gfRsAelfpxeUKeoEAZRz_Fl0WxaiXT0gV6YvDDsuoyxtnWJLOXHVzJvW_4HCK-AN6gtFyYszDNJx1SjERVg4B4Z8Bwbqez93rSa-Vf-zxQM6UkG_hRZGeX42jYeAXRfRVa1Atjol6MNx8u0gYyulXds-TK1PXoL0NBJwhU1u1oHTfp6Z_EBzEIWNRIjAuH2ymRjJBXjBZGm5Dtn57LyvfsZawWO0pKLxDYaqnfDE9e3zY47zPFDOqRWxNQ54ZvcHpDEN2HD4EJhG65MJnucvJlqaNiNE4-7mPk16S2c6nptOli8JmtU0YyZBcMdW0C4LWi0aXBLfSnuc38r_28qnHLZ45VyW_xViLozSNCesp6hwu3PjEhTyW-cCL6gY0ZjRARvaE440mQ6TJCfGGggK9Ax_-eeLypA728XeEnp6sRmSLnFDAdKfv7GFa-XYWnXd7H_V8-LUFWK0qj9Vu1kOYY9_lJAYn2gBNJH6Vcxr7sIdqG7d6LjANS5tF0r9d2104opHgvf5FClVPv0eDk0QPNb-lfepEPCH3wRX8dI_ZXqwAF_hISFjUsikplTQltc5CuhFp6f66qxpgNcZV3eOZTmEzPrZOlHyK7zZb32A-qJSoGGFgABQqZW9m98U8X1uPdzTD6P4Nj016vh1OJw0zjscjDfERAfFounJnjraux40OIOIJQmLuACVLyJddrFi_uXb36n12dmQ7rLoKIR6BAuvvNVWgD6UoC9eH6arEqoPXIoayxQrY2450I-ONldw22ir2BteCwY9YNg11tunnhCF8AOrd-We3iRTHoRVAOekA7Ss1kg6Knc6k_3z-k2CuA7u4NzbQRZYFWYBzxT3HVNwt5fjdeo7aan4Fvp2DNOw4sAuRQayDEvyae1XQSpcC_a0nCb3qmgKpXO0AtTPYTiev9ihMQTD4A5pJ__aE3e-_I_-z0UMwccvI-x296fNYTX8z3Ei8PWMs8wMBolm0zSmGCEXoclj-EOkerVqna2P2BqdZh_BjfBm2EG6p4SsfXVeBNViw6sUuFk02Nl-0NnfAXH3Hh2ISrOjgT3avfagXVomhjqggD5okcZClLsci2OO9qh1tsBHllUYW1XyHyIVsM0Lr5fvtTeLVxF6jzP7osNuld9bbNpsH5u8muAqjwqL9wae8PF3ENbTGOs2NsW-fSTfF7e5I_uEIZ_G0SSx4ZDh-BZAcQnVV_qaGGN6YGFsDa6N03HLYqv0vxxo9meLr-uN96K_Mhi45mLO-9DgxtttgNOsa9hg1xjDSiCYJUv6yeCjq_85k8jNlRN4VWSQ-7j9kVgayaLyLptK_SJE4orO2MUW4HBObcSk7LGz3TfOakFMUgFxpmAo0mNvng8160GRoCFzMWKxeyMGavWoJyCMUQoStixV7w-SNBIk1UkS1ysPyyRgkxYIrOqtFuBcbabqrAefFLCKa925wE5APvbLAMQXOuF5LfMDLL4eFE7r9GFzeFxb9D5qC-6D1lxOrSxtz0gI1nJ1m61eyG31DsntJWeZ2N2j1U6eN6O7QZ0zAkaKe5_DNhooPdldsrfimaIupFLtD9_W4ZxRlDE3SOneKCfQgduTwwNECOUBwKRDO_n-xvDblOH7wiTitABjCI5ky9uP9tXxsagCA5xqF9Z1xw2nN-yGKcg2ysBnUcwyQntrmUAATIHaJaF83wCsu3K40ksFmzC7boS9Ptma8aPfOlvhnkxIbhq-DJowBQ2n1YoAUNTrNKexhQwnVoKj8cj24M1vzmPFWq_Ce3pDwnXHj_qx1vH9QuBscuWZbpC6kfS1_G5Y-8a_2YJS4jhxQgA-mJHwou7-SVIBx7VwHwTM2Y0c9iKL5MMDr5c_GcAXFHputGFxmV1utvQtGvFAnGh_IGwzQu-FFcmOf7vTTvTiKESUe9zVo-f4NGNpwwn8KCkR0Nf5omaMb0KiV9pD70GgjZxx2uDS-nOO-LnNjj8LU0VetG31flR5eNzDw3Ti0Z8Xk9r4slAZpw_VZeioz30rRNnsAxEE6MX6WlyhAKMpz7XVgWQYv_vNWTUDFex5GkXL7sEUhmZOXogot8FLzcD93kcgCTEeRbLCHV0cdPuCmjrs7xBJNQvJs5KVLKR-MgFeFidpZkAKJtF1aXeYZQGECcrojn3rZibRyYpL0yWJJGaS3wVpBiVLxdcQc0If6sXarHDf6hA2wdgdtc17xr6TKopIU6sDbzw1GvnMkhPGlHXjRnBn1jZO3c2bjdYJ2Nj9TisrtiqJvdNObLTe9YOddU6extBULR5I3vQlxs9xLoKlZeXs2CzVW0bwTIwXeC1rdWJhNp4nXKpL2Ps967JvxXWpLNlvfaiAtQbnDVUKdqKtJiz5ZaXyoH-m3QL2NJJigo4ompDohAYAqO4aBWq11lG-AfH5PkyPIjs6L0_KIqFzZUccJ-uANLcmcE9sNIu8r_X120q4yBJNjyY6A-7PRnED_NqcWJBfdDWO9uvnRc56X6iSQg3Ps82IN6RmTxLSqTbJGC6yMlnJ3yKZvdGdNSew2ZMpNAOX3IIdYXA38Vyj9dGj45zxVa_2qwkLOkzxV9xuRxbFWufMSnYLh0KBaiXeaS11TzdnYg4Eba25_aBP-gvwJ3vqjyb8O90Ktmq0jDnm76UCmYJ7g2LGFe8LtEdrg5jLs7n5HUz4ZV1rMmO2yZekLCt515AM_QTd6hjJHWyEdSes_0qnNTMd3fiaZSYWbvxHyjHWIN0AFShV1hWrP8uKCK2qpQwO-dvESyTKe-6eRJMpdxMtjXZGE29gkC7JN5yZJzSsKoLFDOFl14kyv-7elaKznOoTz_YmeIrhi6nVdVLBDJVjRpwxrUkTX7_as15jyFGFl1iw4BziF6gDG3N_wTYm7EJnHviQoPFGxQk7Bcz-tH-G-7yw9q8ua6f4zXVQDSIEVaWZFtwVl-lB6s9UWcUK8cbRYf8hMvNaNC43bAuzkLnewSaDz87MAStAA1EQH2sx01b3DvJcqwwQLqTywwHsz9K-3iE3LINfAMCtJh7UvZhO9q7WfXVLjeLhRDU_Gp6Z_CbWqESIMosN5CGMRZL8eU6ld7aFy0nUlHwlGGNleFSWuRY4GubUVgfYbHoUlU5C24mO4k-6gtECpVGaxQn9yqluMZIcfQ49qdBmtNNrTH4Z6BUQfMwNz1ba-o0SkBd-ey2leyJyhMEDEPv2k5SzJh4Ypn1ef5saUNRpL-OEp6_nvpW-prSz7gk08A1cBPCOb4Tx5oU7EKs3HCkQtMiU2MwIYyAiR30rOEXiymTs4c3lzzNIuJgO88AAH4lRHB9AB_RK4kQwPk2nQNStvn_JJLvUQNmjyEn16MrOqvnvaLC6XInV5D-8a4yQpY4EABQHI4AaocxpaivxRd084Q2JBgWk8iKQZ0tuZCc8ePoqV6z14VHU9LJ_zDcvsw48_eZpMwzW5rLRoth50iJHaz4s7bWpFC4DdQ0vAEOZFD2COVvpjZpUprHLT6_4Iv61XpB6P04HZw8A3EGrXZXVxpmQO_LL7NFkgVS4YvEQwu-WrAlKnKYRJ_g_hQmNL-ihdpSsFno9FjWMq-OJh2Hl5y3QsENdUfrHBKmbY0yjenFQr1zX3YcNhZ8cerUIhZcers7Fr8YU6POBYGrokEnVVhUkQ2eoyF8FA8l8gtGO9Cor3pVPxL3B38OsbCrtS1osTALaTuyIitV4en2bXefSROYlWoi3kjdtLQ8kJAiGMMUV7MFqLfL6pTSta_lNdsh11BlDDDNXmjG2xVM2ybbNLbQhvt6Avsz9nmYoTJvkwJCcaRL2G6Yw6Zd5hBwPq1JHIbA7HJDF00RRh8i6WBMOVXsHHv9rdftcu5KS1wau0tQcw3vNxe9Zt1p7VrqTGSuXBikHhNnZOY3vlj432tlxuqqAhFQ5g26DyBihW2Mqj3vJj5wuBGc4iF0HgFraLYMW1sqEpr5M_7kILGktawt7FG_1l4vnbiBZDa1j5LlPNjBbBrEpK_IwcwMrCLLqSi2WU60USjdJlCxTg-SSMPPEWC229kbZe4tiJFd-747nq1f-3YxiHtERchy9wK4c8Z0RUESPktrmhlE1opyL4lxDO_tX6TkrL8Yyg1sCjmpiRXZ4ikAcmcwdxHliyACNnG1KkKwzk8zXO-kQC2T0Ui4svKUWZMJOE-5SFdz6zgeJ4lnN1vQ4f1sBpINhWg92bZutNQBBLLpS2xuyYYoJ08T2Agh_7q2ptZ6B96bzO9p7niOE7MyEY_UgWpbfyylh42IGs8Rlgd3VJ4XuK05unFDJK7MCCSDpDdKwo8h75_N3HbAblXTzfVNiViJBUwoZCYHFjuMx4ljuNqAzmTj_jpPuEyLV58ZGwRWJSghFwgY_zBw-zGEibLX_vGUP3rolbsU5QCM0j5dCxqmy2ro4sa_Gu-Yr21erZnRQa5nWRjHxNHmdERxCrBbimOhAMyy4Nkj3LlBNFKPNO2hxsYCy3teahiv_h2xRTQD4T8qihHBaxUH4MN_HQ4CzgkssPKvUaQxzNkoz96Xb6Kp7SI9zT1c9_faWm-POdPAqaWWN1H1xceoBQZda-eg4qNI5wkENker3h-1ZxgZlXwQEO-ULS2LhVYxUgoIdPqOa9g-VgrfMkdJ2kVRm8x7CSd96tjEBdSnNv59pab44gOlXQQbqKrPFiPjOXBt8QW1w3uJ-vZixBEUGYiAR3SJS6GEEftpxYgq_gJDgZBY7BhlKGbA5vKOiq9GfuRJD_RFW_OMvue77QV_s_NvIsWa_OVtuIEGAwxzo8b-J0LpYo_BCvGcLxzTNohqY_sKfnYYCqHXl9VgiAo5BMDa3Rl_y6JtMPO0oxpBWSvQ0fFeH-ExROk9NcPCSF5EsKizAcUm5kT8LJkminbM1P4AC8Y7loiSPYROStfXkj_Lebci8sGSYZrSfNWlAXGYI7U48mMfdzx4Rvr1Y2rkTPxuyJOmsSUriXL6qNpM5CQGPRHBTzknB8Kg7am89RjD7aMDnFPMDSxvq1IAGVXBvwOculW7RqsFbykJUJwPCvo4LEj7yj0AsOST3TzSE5UmjxexqlnuPz3wzjJHbluCFsEWHf8nCIyVpn9uG6Bqzki0zF6awhsL-VMT_fmn3hJJswQB4n1dRjHf3BZyLkxtIpECVG5V9gXzii7machJQustgXJayUHrowON4IYY2-PwxbaAsfHbgVIEUddu7lFlwHGAE6OBFoVXwxnrrGNC6Zm41C9IZ-Xx5I7C5olALid_8DDVFAhtFb_L5R3VSlTqn9u2Sy_tXdwd-WBmxCrlxr2YYzRIaXZ-M-Bipsmytiz9ZC5bLqHAKqSQulRmLpXUDb9yH_n9sENroilcUaQTmq6ZbVYT4RP7CwwoUjgLmGTshhDaH4DwQ44rnWdsbb9_JX6s2ZqRbuDq0UWFFNnD_zZL-_wtLVb9OWwHQUANw686m95gHzMzvCKAJdMyYQzaUL0JJZ-35rRPEU2r5kEx-zvimVbzjcKtvV6LWjmlqGC3h_z8gPGD7GCHRsqB_gbnlJL2y2olAtV-40NFyYUvhFQoQ6DpruL_7LgmcT593-OG3XFkQZXd3np4mQAHZ808ABFPmpm5yy77K6sUh6GKnTA4587pigQIjcpLbFM9lqBqBHXhpHn3SE2uQiaQuIZVWjOiNdUH5Y3ayeX8paxFlW0OYMKAZC_Wrs6optKtqpnuPTYgDrqGWKBD8ODDC7WCVVZ5pUQD3o5k45Kd5JUJsr-e4N-K2ECA5pEBHKpRpGOOzbEN06fo_UcL6TCUYgjC3DegW0Y1rwdI0j4Ks5ltcZ17kPFoS9hmML4eP1RN8W2cqt7UN0PxsU8v1AmEch20YTPahn7b3QXDuldxBWobTL7k3v8aY4ddSiby0RvZPrZ0ftA1QoGaX9eJhwD744_PypWnhf6LmWnv5hL-oX9QWu9R0HIhoduOKwefg_OjB9TPv20MNvUqgFzpeiWtUyPkjNS2uIspoOjnAaCPhQhgv4Lqo5PDI0gMst6b7r73NoZQbCq-fzAJmMlOwsM4PrwKALiWEnA77IJgvhsL1mtnqmcXluDRMSyj_L5yo2CTfPpd3c7fbgP7EIBBoscXlxJ4OJ5nw_vqivxfDD5-aVjgQvH6pTKoFfmsroeIACeThbMoTEV1hIoRtdrR6SMgvt0fzphTCkJIwIibC-Dmk6s2Uu5tJZwL59luvKgy73PtnGHzRT-nVCB8ODqnXXpbLVF5Osh2avqeuWoinUc-49iLRHN5t-FQky__SLSoWRsCUkI7yOvB7_EXhmjG6HjQ58FZ-_rezhePdNDO8zmJOk9naPJLTkYMXFx13pmQlkLbQXAk9nOUGzJs9pMz7psF7WTeI94vc6MIp34q_aOQf4EEzj6BrtqvxBmc58S0is606OHF8FCOO7vXkiB72L7-ald5TkcPpmSCrUHECalVr5y182AjmcwTnMwIDbHiz9HlHxVd9zHSL1qkjkl0RTxQVqRDQu4AfvAXTVPLObYiyhnW0AGC3xdYpw_cBispcA_gcf74DGkdxWZkncDlrooHVxzDBqAedpEENgHjwCripS9i5-bHeaf2Ios8QNOAa1mw_6jsMDCar_w8v8nR8jjK4cPCC6g384aoZyF13vF0yLdGOk4DYHALRjtNyvpkHyUf2aeJkSzPFmph40V6-9d0JMnk-4vBsYzDFHVzk9ysE5o7-29yojXsU1ruzMDBlxi3mPjcklum2DQNnu1rOYLFQyE5GQ_ja14OUCOGhPKXR8QDMnwbKvgzV3TtrGCFZRtTbR0b4Gc7K7w_f4yWoaGIJJqTtqHcS0EWV4U9JBDOI-gitLutb47u5LjGE0jG_KmeKUqFboKrUe-Wy83A09G2pvwN26IfB35kvvfR8hks0lxIZs5PSY-MJycjEbNDLEWiwn3zCH-WbUDCkkf6KUeuD9tRWa16BUILXUs6KE2xJUEDmYD-E_nYaBF4eSXBPdXDXD5acKO38cZFHEdvP34FyY4SmN7-MPjRGi22cKOFMxPEX__7OIW3Rc3arA4ojeTzvK1lXS4iTbMoH3cIKaoJf42ycXKpZ005xl2szkIku1dRB6-UIiH-hZ5ay_7THvfTAbupyryomYiq7Gga-lmbOi0arBk05bIlH7eWBmjj-R2D2n3hEU1_Wy3UYzAMYg3KqzXNvdPDOxfa3XTbfm77gNf89-I3UQowZq4zCkI3bbV501iTFb4Ms0_EceM1vldNtHaN5P8LOpx_qERQCmN89W1WC0rtWmclxPupVAAkzmkNj4Pz7vebtMqhAAS2rXz8Uky9C0AlJ7FOmoqZkW207Z6z-eLgoNCRwAbeviJcBF4cKfXkKBoPBFRM1WywZw0apKqoLbHdrJKODMfDM4DAZ9PR4EdTgPNIekObXIOVKo0oxdUVVJDKU_yR3EEV9_feLgAzjvWFHaia7yWUv6_2sql_yItjz6XS4pkPesG7nqz5Gep30YFRzWRCG8evcFI8K6mTX0I7sqeQeMu3RpuKw8widNNu_MluZtsMq41Cbo0fYr3kim7eIQOQbajCUZXFeuCOE8nCWw81IZUzg53Z7P__fAs7r0XYgvsT7mlp1q0weY7ETcwWuI0JyDJqAZOQzevPlrhS90w92WEjh2Au0Z0T5xQH04EVi6kcpQR2gNQUIGnu8o7y-D-SBVz2eQgoD8uMkXusVXeCJaHmgO8MEEpCXLqYQwnwvkvQylvzfEtHJTZb0r_-Eh9tFv8vKeZYmhO9m8fCRMwribtx',43,'felipe',''),('pigk63jifm95kc48o31v95tjq4',1,0,'1347648928','yZ42F6heOoUZeWquATMCCgHeZAOhodZXzPTRARD-D9XOvvLW7qC357u0ZvfdDp3DqF8_ATWe7UliaYlSpNiLxelhJhlOjlCusWrkHS_E2iOtAhDA0_k96Vmvawlt9RxEVHRxefW-mNgmys39MpDCAOIpgupRwEY2kYW7zdwnBZbHr85mm7iXhanUpZqV8ygQGkyS0ftZ9olpzsQEUPOzUKfkn7zAruuYAVzaFhU5NPtawDI2uD5NK-Z2GKgfq-L1yfS6MeZ0pCk3KGhI0R_X78KerMoCDnPAE3uh7VGabMurCC6IeXxoZSAiyxT5QtbsPxBi6Bk1pNtaGGhI5zdd0l7DRkPlf6QolYOdml6b2KGd60HSVqAHebQrj90PbpRoZz9AScYklrbKNxprJoZg1RHW4L-cDBfCd3Pj6B6aOgIt37zyhdFepsU-W6aIV_0jYpsa8CJ9fUNyo96Ul1yjuPrwARufOQJIhOV9-XLY2GOpyFivO9FZrQiibs7lJicyNsQusIHhDuarEKUu4nnMS5dk0QPQDjESjhqCSqOqec8KSH3w417hN64iFWisAQUxhndnXJdOEzYbdxeAmtiJ5GuwfEHIbgf2nsC989DgANzOcWt33ZgS6DMnDOYNmArhYn4JglBVBFe-aFlU0R7-8Cr8at6CPp8WVg3VUy9W8sC52jRJvu1zCDDeUAcXCf9bt_p2RdyvuWXE_OUT1q-55cXSTSYSHEMZkHMhmwLb3O87YNhVERauNOBUkIeRKgJzENBUPCdXgBRjMZbXP7rvYDeysnCTSpWqVg5ysyR5_pKODbkKQTrZcDKo-SaXa28QI7-vx0S3gwQhcTw4n2CTWrgzoDf7Ph3DUOsEgikoN3l0_SLh4y0RMW-dzipnlnxWKX8bnUHiCj2o2n1z_B1uopYj5S8Eo9qi2bKcjKrXjIh5BGthYi64bXdJPaY62B0T6AyvCdH2HYxK8XNCBLrq0NC-SQSwd0uMlCLLyBJ9N5Oex36HP_eKVqg5Plfci_2AKA9dIYHfKmg6o93JGh9us33uPBqsUtZjaVtgHy8FAyHNPzW7MTjBK_-IJqXPk46RGwu5QbTiToief1urKkN0Aex1wv3QE6jaGLppkyP-U30m1-2EFqWTLxKvF2pjGTFzJjSWzSUI0LzQEsqzxxJW2Z9_7-9bho0VaLO7yUW5sspL6BO_9-UZqlve1tBepGk6wGrh3h1jTJ33yCgpu28GzeJG4DORpdISMmL9YTJEzSH50DMFeZS6unfJiFW8-aFLNBnpHcsktnDsL2NFAo1XpqtHXja2U_kyhodqSmsmqYMWOieoOddgfJX7Zub0XDFh70mfVEg7TFuNRKIEeqpNgnfdcSGJV4MkdnSM10PERE9qSMLGK_0yO9FMSVia5akRC05cTrpMwpalJB8xLnoXm132KDuu9TdT12D8WPKG7cI0sP-ZZrPdF8gK6n2MWr-G6kJwlkraVsA8qpgbGx0TbrjYt6ns_Pg8XvTEy6tifYEb4jbPHd7RapOu8D8aMwJ0GS3S08JzEiOIiLC7S5JiBymUorwVzsk8_KN62GUWI58sYfPniWsnOKPoo9PvuzZISZbf8yATyHSwhuZwJDZo2R3NhddvEsoSQMbjLqCEruH-_a_CZKIHQkZr8dQv0pQjipwfEmmCVhMygowjKFqhJicm3NL8mm64e-tcVmnnPAD470YTjQOHoewvn-6uK-kx_rNE-VH916Q8rIJEXGidvB6cQMxW5sPD625wKdcQRxwYjcZZ7_edQtxNCGGbmGKidVm-gL3ey2zsZsKQQ_lSrL4iUJU4HBzjkFj2zAAzAtI4tuWP380Ob530L0qnbWRemh6Dj7BQwaNGcia6alMyycKoMAtKLVroxPbiuCGk2nCpit_aZ2nNfLBUtG_9oee2JKEyUBoVuAPH1qaB-Dpd0mEZ2nHXlvRhS6-nGPd4_1k1OfjyQzdeGqig_c4qOfsPvuOQHwG37md1F58f1bea71VVRvMG8DB98vg1AF7gQhXo3N6bvXxATpdHBL5s8tjQVzqGPFENi1rb6KRnn2Hjx86TWhJMCsEIwbm9Hmci8IZ8jwfV9nHbVjqEr5r4xKpx97ZThYDWoVa4_dsWD9tVdUTDRzuXZMx7Y3gAqk-mMv1LiTI2hJcBj81aAKoO3MhQfWZaii_ud5Bmz9bCNaD8kt5u1wPJZqVjpDu9_FADR09PhpbImYjixDPFweNqVI75oYicYQTnx_tivs1YFNq9GdPRXZXPQGYoTQfQVSNM-Rtyf2spNIuCLqTNpcHTSsi6W2MJydBsQy5RI28vtdBgrx669UbKkWPvRyPPaU2295_lkGWLYWWfRLzhIpmKbrqJOdCqRDxItkH3OBm56NovZ8ffXbpQA_7xJTgXoe-mlrqZtnbdJe_wBe4VpQz1zK9oWH16GUBORAluUPUzcVl5fUIg-FKTZ9OB-87qtPr-9P6yHqJg6_3ZuoLuMpf2bAmB7Z0vvfwwCsW6pjNRx6pEYrDX9UeBHqQS7PLIYPTt0Ws-OrFCyOvtVeGDNyCSkAzBHl3X_DAjCTl4ET8ScUy25fULPdsUkFnZCJtqkEfSyPVY0diTiaaoy2Pm16EMasNbMBtHC6p30GU5ZYEWUw7JJLT2G6mm3udQ5g_My9ErEvN4jLZLJdaX2OaYUwZlDlDfr8xHjONvkUbWZ3NAfI6R0bYABdy5FY8zd6vMKFgrer7goVB5srG6s19wBD239BA0Je0xNTTE94Ubq3UCIpDviYexIVeNPOLouW8in0_u0FT72jgqEXiGhfIwbWLqjVmbJEojgAkHY8RM1y-eJNT9-o2TCnVLyjSpEsA93Bd1O8Z9da7p3uv90aeaE2v5C8Ttct34qs9LhTTywYqYYWAAKH-EzVmERq4D_qTZtuP6UyXHu7qQK6wJYy053_UMSGRSvtC5OlsZ4sNelt-il9RKtjJj52_IszguFRJXG7ouQsNv0A3HVSB_SqUVJRucASqXuSlIJWVHfXa2s5t00shCVyP8seKolwD0aVlNaYq5d0VxKCHW8bEUDs_Qd4YArL3LRZEQHlyyYrz8ap41m-y70ed5dnXB9l2QIJefx9ns8NmgZ-LQ32Cyjsch_0zReqDw7TgLAAM2SapZR2MhiYzkWABMzy8lYkqXnZKbjHwwfkwF0gPSEsSmD4Nq0KX8tHX8FCT7VJZ-YExdceLTXm6EizCPl6yxIymeKclT5sHEj0Elyqc3r846gaGD9_w3e9UIGsoZ9IAMS4eNNO3ZrDZVp70Xu--n_xanZH5cy72vTxFj2HdnFxX4Id3gYIxgeNB9_GG5LlPp3Ri7XInHfLctNUKg962IBLJxmmBcc6kIjg1YTDn9YCtopKFENoiP_vHkw1BExKLRhm11r36BLvg1i9hjByfe3KN5mR9K13oNVf_-fc9W9LTxEKBFd3BZ0yn-QiTCj7-TNue54TCWWBB2DdyGS0FhishUoI9P7tXomWzSEJSP5m0u4ZXu4T2XgNnGzg4JDSoAkoWQbPGuEtypatxtnzIIpdWTz8Kbumg79YDy_7t-z0qFlTn9zSG6UPRwFWuJPSspjEpflJtiiZnuwTGXLPKSwB3GJa9KX5TE6gy0njNuJSEcs9R1VQl0QtMgRb6juKmWmPgmPvvbSorRW6jLcl2JYi8288SNnbe0sUmaKSlW0Dll9ScU8lyaK-h3h9GgM_ESWDzfdH2XIh34P051k76An5HzqKbsmDdgyuy-BcFPgoMltaT6naOAsEqIozJFW8Neuk9EljJduO_n8DuYaT4x51XZVD-zc9Y1IDNhfD6WHG4n1cnR9VjcgevnHESQxftak49dCbEf9LxDcwRUimx0FUZjg4nvIVsZotP4YlY63RK95i-EEZ4ZICvQsy5VLTN8HmDivNXQ-xd35rjuOjYvZ2TaVuPjk_CeibxI8OfejFK-idPXK8R4dPDm-B-GO2Utondg0S1cZ-IoPz_dE9hCwRcWUHPMdVmvSMl0evwjvgR5iZuEb2v5anv9NsBfcqHH62e8Mb46kWa9TgXUJd2N0rx5RIA-jckaf3GbCZk5qfRURzRJX-lf7-3h4W4ZN964iTQo7qziFK4Xmnro7NMxtM-p7K_OJzI7XbF-8lz5iPZpuctxb5AIU97bPSYwVHmriTjzkUo-VsseTCa1iN-QKG2fSmDIrRr3J17RZUhL2_4Ap-0QR8UGvLZPElkeqn1px7EB3DC5sGymQVsZDZb6fzQLmegBLeIsl6i9NW8Qo_0ibDBcqy2ZOVG7xk8Ye0kAA4XMjnmDFh1gka-knJAjrgOhdi2Wm2Tvsyn6aDiePA1FyDb2GvZUL4CS0tIqfWJ_em6r6uEJE3bglfPiXWgmy2H5jtWOFXtUsXhDAKSkQ_MuvXiGjc2GXbZOl8qeBjcC7B4EbnVIiu-9Wlr8ywpacnPSJFH1xp-3EG4mhW1iyY1lHpDs0-Jr4IJcnPGNmW4w7x5GaKtkP2Psvp40g-4Ks7JeqJaPTDfozw-V9NdaHeVoE0K4c9sjRflv-PkvbPucXzMrX8bBdwpfIQQaeaRxPxByk3nAAkojI_K13FAGPfP6ux_9pJZe_jLON_tVSP4NzYsAhXXZjNJ52svwYhjUlewSKn403FsQdmU5uZCQbqYDFZCFO4VQeFeFPV_qREAeitUEupq5YiQYUL5tQBKNPkt9qrzeBFbai6Bbd-6iOvQFF0GT3YodnleSlRFRH4NPYdVvnuvHOIZPd0-6s_xZOaGqqHmPGTDoouByodwHbAS4Tet2obNEoCokOeJ2x_mzk9_iSKPKX5hYeK12D7cmoVCkSghSvoKSD0NDaFAuOIR-iY_j5VEWrd2SILwq9fXm337WEySftkuHFP8tt2uncO0LBwyh4HnTPZLlpUafacKKRQO-P1N9vFhX07cVcPxdiu_O_fwyq1uW60s4GrzVE81SjK6E3HpBAqJYicn9VZ4jKSrLDqoClJy5jpE6Sr12jMCN4jkpyhDzOSUF9a5maX1R1o2cDANL9Pl6ONuifpZf8Sjvw7KC0uDYgPcrEbofemDeXLO6vjVso_qE6pYJTSUtelx5dvXIxNXRx5MjcrZ90ribvfXYrX82vp0o8Q2-xQUBH7udC9rMKTiVRC0Kel8ffn63MRsM5zPdodBS3PYZbwcABmG6UUBnpYYXl-yKz59VHB8szxGeP5O852AQ6uYey-9WYlIYBgwcfrzgdIIvgHHBF8Jc2otGY-pRFrY3l_7Re_4DChQyfKSBAtInFAi3YumBF9kO_pTiGArEg6TQIIOtLehgfuutSovFeleYpiWhSb_ZnYmAAL6wNraG_CmESfzx8HxruODTE2w9_guFWQlvd_8vjLLxWcA8cbghxs5sQJ3LvA9BzSuR33n6wutLCIOzxJjIwFWEge1hkvnLfCLukMuaeH4uNPQ8Ymib41VepNoDhpQm3ocyqcOyaE930eeEsLb4sWgiEXNbwWFvRnMOIgddk_hby48EgHPGD1OGJHD--GN2TxEP-jEwNWhA5MYkcIZp3iQTJq26_mYEZrNn4p_Y8JUoGozvCOD3t9yzuovKqT4I42UPJmVTuHwk1qj8HNEeX_EFId1VLSo9YVd72kdO_UXZ0G3PSs_wSs7hc_EnSNBVmu4eqPva4c6WLnJCgvbddpTgf0Nj1fjc72afh555NorZFkznkslRO_HZXg9HS06IexLKJfoO6O6XDNTOVSPm0qyOcMFbIu9y_T1VE-THUva0MWvF7fNa9fk5p6ovIrttQgE2CkE4QUvxobI9eClAGg0MeR8JUcitxP1UNYOmu-wOl-heZQ_C3RJnvdLlN_ZGcA13SS3lWpSSDues-WL-FA4iEDTOo0dG2D71xV77v914jbtHyn2tDcQob_m3s-sicizvZhsvdny7Nh0lSGXg0b6ND9MqC9H4VTPjRc556k2dvcxJ6TNDGKUIeENot-FL7thdhwUASZLBxfp5mV5bWEDEu5FDb5mdDP2Ff4QuvxSMbtlC7yFveJLuMJuBev2oVlS9qPZFLYKw397VikbGEAegZEOTfpG59KJUQ4QwGqVen0txisA8gG3_zbpZGkDTFg7Lanl9Vg6vLK0mM0nrc6ZfnTx0YSJ4flATLHvnZiLiLX5yPg4WcN9HbeltMI1hv5ZbUV_HNyWKOUVQ_uX6ZH0M5AShIMnYMdyNsxBovVQ6qe4Y8jkx3Nfz8ZLBcqkTmVrAyAbE2weiSqNWsIUvFTjt0UX4jlICpqedwvSo6HOgBdcSTUYU_TfnADF93NMR1fGPVtJ0nZSaIbsqCQzStwYsV3vo8MaHM78f2zeSrmukGpxm3wuzW2PWZRLup7dlyic1bAequ6HNDeJl4NhnwI6prFELPdwod68KGEKJeRlTm4I5UEIf0BqqRNJqN5FfH-5DPhsCbJq9uyvH9OCMeqBy3ikepOEgMlOj1U92LISZh3ki1XIadWejGLF83fTlbtqdRMEa9afPyQdB_TUaEZ_g4TO_lZukxNqwRONoRLoBEh7DUOVUbW8BG4zDC0OTx9ajtMyndbKsiVB-mDHNjshglU2PI9VlEmNODLyGVuu5vBbiOkn7qyeXUMZ9MoYQffsS23JU6dAFhm3ax4Ip_sRjeFq1NSWMVJ0s04BWThVo6lFKiCMJzLGedyy4fzpm6Gajw1Cwi8DLu6f82zX4r4ulGeHCyrlY01ESNBCg3OdAKMZPMzno8ZXOW4heWtFJU81C0r6ecs5Ft8nfmABHRTW_bdidVyvESq8ZDXIgE8dYmyeOf_50Y9gm8qvjHuMlofXKOhrrjHQh2aeRCdFUFNo0LSHmZVj8-jzmsSQ4VFCRev0JmoV7kktsNKxl5iSclTgz-bVu7r_N3BSbCAGpj2N7DYaEIthTvHwQyp_jQZID-7Xk-ce8nmGpJRFDECvDf3K74twGOnSJVPjVkyQDHj0CHD62AB4QAg3zAMrAdVyvp0Y9CXRxvLRuUa_MmA-eW98ZqvwdFUDLBuTNVnTouGJC9GFVKcS8MAK6-Lx4neXzhyRr3QMKRu7n3v0u3lDndE3rV1XEe0wmobd60X8bz6nClhbEYtoKR3jfOc8dFvuHzsCKJSRdXhmpez4qNANGXZ-A0MQ1LZY1reHMoPO9UwxAVIM-R__7uDLZnQ2h3tRmxUOGlRYZ5Qm9kjrhfse3-BeCDUy6BV2cZXVLXhKOzmCVxHVptpCTbPurltVuMRCddwvoPxAFsNc_zTiHcV4ZNj3Az3v1BgDmo0RL8478Dr-A4T2x520nKuN8KzD79xLY63nZm0tltM2DY1gj098gSQFrL6Rp4sm0ZFSHl0Y4NYQTo8ObK84aVb3iBd0BMBH17a8YcGD_9baVHL5aOUR-SpgQDkD_OycLML6GdMjm0lkcBRhmWfbMK0ZaLqFSt6XmI5hPi0Ucm9a6OtMxDFxgNtrXcmdBXnxMxzqngvTepgGcvIyU6nycUIlO2CpOJeoMTCpZcaYPnmFzWNxuGPoCFSVycyOjxWq77OmAWsq7TyHOa1DneMpcaxD-6q6qkTYROZKMVNvXPfPIh1a71_wMKTtNGhCtu6rgx3wz1Uwggbva9E2rXlEqN2vjVku8NOlQ9lS7Qm9Jiv89ZGXU43BmO8rohvGLFrvFk4knc9pGttvk26Pag-kAMtLkU92kMtG9X3Pi6mPT6a9Zp1EemmbQKQwqk9oVWFoylHYk_PcuO9JqNXTEENzx_Kbrpm0xNQux1joe668rbMHw2G24QJj9CHdj7CiN3iPQ24oNk0ll6VKWITJOLwDMLNc_WEqrVvtTuH7aeuM8MwdEWO4Vk-dxGF59rPrAPzOwEb1v5Q7zkGfRybNSJ0CQZq8J6via6nn6i63F2QgJebovHHWaYCWmrp0Le_NdsYgln7Es4mv72yq132Xlzto5iT6i8m6sO_kUdldFECGHVG0ZK_qbwxM8FITQHrD2o18OgSfXvxzfKDuf21mOKs_4fNR7z1QnqFhask9s7UJx6vd1X5xFb-qhBaoN0ZGI77qLhdG-KMRGO9AN7Fpd6uN1R67sbfjgAdvazQanQp7jLFLcxrjlShTZi_X3pTg0rChlCSMqMjZRerTiUbhE73tGp_BzcGGQIZBV6fGmMW1lSMcSbkv7243OaeYf-EPsh-VWAr2oKMkqpTcMAEhVsUqeoxdRF0zqvmlMyhQtviXOBR63W_PNbwz41zq7DjO6a9gEbBjpCow93S57LRtyValLy41ystlyRn22c8WEVWToV_pUtfIYDAVGaKZIxmb8RruuyOo0QoYkIR_WAQu8K7LB-KyIgDMKK2BNfiQmQQJTA3Ou4hbLoHGMn6pEjVZQ87Mh_z0qiZB4Dwfh2Nr9JJN-iu3p_VwMpvmBp6wKdfi0XBYiETdH-mZTIWKGWLuiYFvWpwgiR_C2xNyIPdpt-JA1D3ZaJJnSzQyHSCZHqMcnVv9oenNcJIDucxcq-ESpu_CIqxm06TuTJbCqcpMRKMky5CDyAcdXuWcW1VAv_bj9xvjw5-lHUxUnLuEWE7PWcFtNzQ_8vdgX63T2ErKSuLK9wqcH85fUEZRYL6Jobu6SaDRF2wKCdfmD74A9hJocG_v4p1Jd0HW3i8RC2HfN9VV34wyKzjfbY5wR10082lkZEcbeF25EaF8FJzkGNWbRSPUtyOT7hblpq2Rc1PhUDbqmB-DT5Ng4uucvuED-5JxNCsn1rEFSE9GgPqOTX--wLwmYvngOB9u54wFqzY6AelXmgWOiZUSXTPp7y9n2E0jYrVWDcaUZ3U7zvwxqJUcwjgHSiEslpqJvZgex6SR4W1HAZR_MHzsIpmauzleCv1p7S92n8sOxn5fl45NKuINaZvZ4Hvcq6JIkKaNA36lu7zCj9c1SS6bUKan4YUH-VV2b3oN9EY2mVCqop4qiouRklcTIK4BE5iw6AcIZXQ7IQTOar8m_f9gOY2sFDdU35DWfzDYQ24RUsCq24BEwU5Y3xNYaNyyEclHBJOw8Zvb80h85Mn1cw2NOj3CZ032TkHXEJdeJrVQFV_MOPzeLxgcp16729mGsjx2TXG4e4VN9JmmV3b8OqqTllEkZRUbaFV4saZUdJ6z_v0QeY0tPJYmRcA-i8ktlc6azeILvrrRNjbraIDZWvALCguWrdq9Df7MMT-teQcKWu5agQo92DzGe7mfChWNmJ9iNLFxgoSHL9OKCv6x36-LrxoA8t9nu0lMDEv8o0YNFOEAhbyjUUIuo8PHOp0el0nN-3pD_gUI9Z8YM4hW0d8hHxmMnnKk1GWm7bZzNEti1NXcZjXBot-rXNZCYIf3LxlO2n_X9pnD_h7wZouDAnyDNQ083FEozhetf8joJjPazWBogglXZs67Bl4NTTBifhdVt6h-hla6ioFoCnCpZXMC6TDt-WLVXTN8LTzd6D0UzsqP-W3sVeTR2rYyXWIhZp9QWzCi3HqOC1tJLIggKPPzkqqqxf49eraO1Q7fndo34G4kNE7x3GyYeHWvXE6YOa0AzRkPR-flklUzcUojPEQ-Wcu2aftcwOpaSvv0KTViq_HL-zpgTdn6uIptOT_0G7kV5snYksLONSULPRrOUg5oMiCVsBJhLXARaXZO_0kB77lGs59j6544XWKrQHD6ZQy89RtWyLzhYlLqmuVhJfC5rVxHgFqCwsxsp3Q1Rn3KOTMnxtSlgMMO0sCaWbIXKoRHC0ELUS6QnjRdqANqqIdYBk6VbM0-3xfblfJRYCVw2NoNtk5vHlaTbmHb2dCAO2G-PSXy0gMlumD5lO7wx2Q6JwQ_TFJzbm-IlxeD9JS__CfmBdKgCgiBiO32lwl3C8Z_qRrpSqjE0R0gIB_BHKVdQydO-EUeKOkvQIIzd7fWlhzWK4UxOx-d9YQ74IHZ_25Hx7A0Kca2ToMIogJobqCXf7R5ezQqFsOk_9W1o3LaOFdVBhT2vkt4_ofOQyn43nJD8DbkRy3UKpAOOFEWnAZVud7LylgstbTi4H3V4NUXluyZtX3lety2OU-Mdf3kdmQ72RD0zHSWvlml-YlRbw1hY8hrp_0yjr2NZxrZo0B2uJJYyBUAQiajmzbY2aWnt-VJLECt-f0TNATjbQtk7d4twQeaulPYf4M5Ak_6aprjOdhnHTyl8y7SD_-FqJn9RJof0MAJyhPsfsQxmpUXEC-Dhz2kYWxh2JOe5RAEeBlUgQtC9tRh52j0z6z4unNGHRL2VwGEZ-ueWiBcLGMeL8mnLMjPgbh0P8_85A1h-4RBjgFe1e6aEjMbk59TU0JvPSdRgClCNghBiP-Qbeip4luvd5ENlBOsFhTbiTYkX3R3Yb5h-9vbk2QtkKHM6jpv_Ngm8Ze9Akko9GPNge9wyZH1uz-ov42bCCOQMGi35odYOUXnGpl4Eky2KLBeTlDS6GnQugW9E4y6cX8ISg4h_7t0y7TTl8H-BBuC_ktLUuWN7uVggR6Y06B18dxh4PJHs_g4kgPzlRTTEAaNbJ2iv5a_MGT1uyKo9vcc_EEYVA5U3CKQE4zXlosoTiVwDrGL15YVLX_pPX41sXWRup1p8Zz5R0i6SoMc6wnnX1l1fwdzhAWy5oe-JGPLwLvHAgXuPxZBmK1JsVx0ZGS05447-rFFeSTglKM5H2iGq9cYlU8mrNV2POppiDmtLavWsZqXXqswKzWEusXY-miJKm5m5ZXrgO_sAtnDXwwI_UzGAf-s79lg5a_3dfg4q-ek9BdrIJSt5-RGAZKYh-TjJGCPJxHypZsyLkf083Gd2-WHRRDcCHQuDUYbaLNbFk63WH7V3RsuhWwv7ZKzFyLOq_DYC0B93OoGlyMsSORbTAkwJlBqNFwrIxkjH8Q6LW1Sh8pa-AM390eNMuPAfcx9Kd_o1w7MeneFlYjkCZF_mSuG1q2okgMoIlV9tQDQ8bhzxB2GjmM9qPm191GNvMnmRrrtZNVOmgWJVmSOyBgO9nOC6FHIubvWD-N0sWH7GQTYSrwWoHBbC1-_08Jw5TyGqdRnkG_h4Ca1npFaHcFnRh3P_CXhhH4JBb0MthXdM6YrvuqYzO8jCm7cZgOTWFwoGttO4BIo5MZ5OYZ40u3LE09ebYpKFAlB4yLq9w79hlUhBY0UC6btz6TJhcP7L57G1651qAe8d6L0HYNQKl-r53PokgOAK7fDA3ZAg2CSni7dfz6w5QlhZnJnhv3TpPp3R8mx9C3RSHJauWmtYHMJMWTPuqPMPh-Ulr50v0yIq2I-NUiVMidLKVqtFoFHC0klb7w3NVqvSxuvSnqc8jYIHm0kIT0j2GxvxzWv4AtUlKXnI3K_3BkUtvExUHgfKXgF663jFMEUILtHyLheANmTpR1WM2o6JCLmrdihBpX1q2tl5o_ruR6_DROksuEgaNCpDpgaGfFREmIKpoz0L7j30KZYiLxe8KMnnh8gOs5sUYT1VgV0y8A3aeNxfCrIzeGvYvk7uGtiy978BhaQMwgbd5z02VfJ0gSX1ljy26qI4dgNKbUO9Ss4b_g9i0Nv8zKajE_AJK1ki1Y8E',42,'admin','');
/*!40000 ALTER TABLE `jos_session` ENABLE KEYS */;
UNLOCK TABLES;

--
-- Table structure for table `jos_template_styles`
--

DROP TABLE IF EXISTS `jos_template_styles`;
/*!40101 SET @saved_cs_client     = @@character_set_client */;
/*!40101 SET character_set_client = utf8 */;
CREATE TABLE `jos_template_styles` (
  `id` int(10) unsigned NOT NULL AUTO_INCREMENT,
  `template` varchar(50) NOT NULL DEFAULT '',
  `client_id` tinyint(1) unsigned NOT NULL DEFAULT '0',
  `home` char(7) NOT NULL DEFAULT '0',
  `title` varchar(255) NOT NULL DEFAULT '',
  `params` text NOT NULL,
  PRIMARY KEY (`id`),
  KEY `idx_template` (`template`),
  KEY `idx_home` (`home`)
) ENGINE=InnoDB AUTO_INCREMENT=117 DEFAULT CHARSET=utf8;
/*!40101 SET character_set_client = @saved_cs_client */;

--
-- Dumping data for table `jos_template_styles`
--

LOCK TABLES `jos_template_styles` WRITE;
/*!40000 ALTER TABLE `jos_template_styles` DISABLE KEYS */;
INSERT INTO `jos_template_styles` VALUES (2,'bluestork',1,'1','Bluestork - Default','{\"useRoundedCorners\":\"1\",\"showSiteName\":\"0\"}'),(3,'atomic',0,'0','Atomic - Default','{}'),(4,'beez_20',0,'0','Beez2 - Default','{\"wrapperSmall\":\"53\",\"wrapperLarge\":\"72\",\"logo\":\"images\\/joomla_black.gif\",\"sitetitle\":\"Joomla!\",\"sitedescription\":\"Open Source Content Management\",\"navposition\":\"left\",\"templatecolor\":\"personal\",\"html5\":\"0\"}'),(5,'hathor',1,'0','Hathor - Default','{\"showSiteName\":\"0\",\"colourChoice\":\"\",\"boldText\":\"0\"}'),(6,'beez5',0,'0','Beez5 - Default','{\"wrapperSmall\":\"53\",\"wrapperLarge\":\"72\",\"logo\":\"images\\/sampledata\\/fruitshop\\/fruits.gif\",\"sitetitle\":\"Joomla!\",\"sitedescription\":\"Open Source Content Management\",\"navposition\":\"left\",\"html5\":\"0\"}'),(114,'beez_20',0,'0','Beez2 - Parks Site','{\"wrapperSmall\":\"53\",\"wrapperLarge\":\"72\",\"logo\":\"\",\"sitetitle\":\"Australian Parks\",\"sitedescription\":\"Parks Sample Site\",\"navposition\":\"center\",\"templatecolor\":\"nature\"}'),(116,'theme262',0,'1','theme262 - Default','{\"sitetitle\":\"\",\"sitedescription\":\"\"}');
/*!40000 ALTER TABLE `jos_template_styles` ENABLE KEYS */;
UNLOCK TABLES;

--
-- Table structure for table `jos_update_categories`
--

DROP TABLE IF EXISTS `jos_update_categories`;
/*!40101 SET @saved_cs_client     = @@character_set_client */;
/*!40101 SET character_set_client = utf8 */;
CREATE TABLE `jos_update_categories` (
  `categoryid` int(11) NOT NULL AUTO_INCREMENT,
  `name` varchar(20) DEFAULT '',
  `description` text NOT NULL,
  `parent` int(11) DEFAULT '0',
  `updatesite` int(11) DEFAULT '0',
  PRIMARY KEY (`categoryid`)
) ENGINE=InnoDB DEFAULT CHARSET=utf8 COMMENT='Update Categories';
/*!40101 SET character_set_client = @saved_cs_client */;

--
-- Dumping data for table `jos_update_categories`
--

LOCK TABLES `jos_update_categories` WRITE;
/*!40000 ALTER TABLE `jos_update_categories` DISABLE KEYS */;
/*!40000 ALTER TABLE `jos_update_categories` ENABLE KEYS */;
UNLOCK TABLES;

--
-- Table structure for table `jos_update_sites`
--

DROP TABLE IF EXISTS `jos_update_sites`;
/*!40101 SET @saved_cs_client     = @@character_set_client */;
/*!40101 SET character_set_client = utf8 */;
CREATE TABLE `jos_update_sites` (
  `update_site_id` int(11) NOT NULL AUTO_INCREMENT,
  `name` varchar(100) DEFAULT '',
  `type` varchar(20) DEFAULT '',
  `location` text NOT NULL,
  `enabled` int(11) DEFAULT '0',
  PRIMARY KEY (`update_site_id`)
) ENGINE=InnoDB AUTO_INCREMENT=3 DEFAULT CHARSET=utf8 COMMENT='Update Sites';
/*!40101 SET character_set_client = @saved_cs_client */;

--
-- Dumping data for table `jos_update_sites`
--

LOCK TABLES `jos_update_sites` WRITE;
/*!40000 ALTER TABLE `jos_update_sites` DISABLE KEYS */;
INSERT INTO `jos_update_sites` VALUES (1,'Joomla Core','collection','http://update.joomla.org/core/list.xml',1),(2,'Joomla Extension Directory','collection','http://update.joomla.org/jed/list.xml',1);
/*!40000 ALTER TABLE `jos_update_sites` ENABLE KEYS */;
UNLOCK TABLES;

--
-- Table structure for table `jos_update_sites_extensions`
--

DROP TABLE IF EXISTS `jos_update_sites_extensions`;
/*!40101 SET @saved_cs_client     = @@character_set_client */;
/*!40101 SET character_set_client = utf8 */;
CREATE TABLE `jos_update_sites_extensions` (
  `update_site_id` int(11) NOT NULL DEFAULT '0',
  `extension_id` int(11) NOT NULL DEFAULT '0',
  PRIMARY KEY (`update_site_id`,`extension_id`)
) ENGINE=InnoDB DEFAULT CHARSET=utf8 COMMENT='Links extensions to update sites';
/*!40101 SET character_set_client = @saved_cs_client */;

--
-- Dumping data for table `jos_update_sites_extensions`
--

LOCK TABLES `jos_update_sites_extensions` WRITE;
/*!40000 ALTER TABLE `jos_update_sites_extensions` DISABLE KEYS */;
INSERT INTO `jos_update_sites_extensions` VALUES (1,700),(2,700);
/*!40000 ALTER TABLE `jos_update_sites_extensions` ENABLE KEYS */;
UNLOCK TABLES;

--
-- Table structure for table `jos_updates`
--

DROP TABLE IF EXISTS `jos_updates`;
/*!40101 SET @saved_cs_client     = @@character_set_client */;
/*!40101 SET character_set_client = utf8 */;
CREATE TABLE `jos_updates` (
  `update_id` int(11) NOT NULL AUTO_INCREMENT,
  `update_site_id` int(11) DEFAULT '0',
  `extension_id` int(11) DEFAULT '0',
  `categoryid` int(11) DEFAULT '0',
  `name` varchar(100) DEFAULT '',
  `description` text NOT NULL,
  `element` varchar(100) DEFAULT '',
  `type` varchar(20) DEFAULT '',
  `folder` varchar(20) DEFAULT '',
  `client_id` tinyint(3) DEFAULT '0',
  `version` varchar(10) DEFAULT '',
  `data` text NOT NULL,
  `detailsurl` text NOT NULL,
  PRIMARY KEY (`update_id`)
) ENGINE=InnoDB DEFAULT CHARSET=utf8 COMMENT='Available Updates';
/*!40101 SET character_set_client = @saved_cs_client */;

--
-- Dumping data for table `jos_updates`
--

LOCK TABLES `jos_updates` WRITE;
/*!40000 ALTER TABLE `jos_updates` DISABLE KEYS */;
/*!40000 ALTER TABLE `jos_updates` ENABLE KEYS */;
UNLOCK TABLES;

--
-- Table structure for table `jos_user_notes`
--

DROP TABLE IF EXISTS `jos_user_notes`;
/*!40101 SET @saved_cs_client     = @@character_set_client */;
/*!40101 SET character_set_client = utf8 */;
CREATE TABLE `jos_user_notes` (
  `id` int(10) unsigned NOT NULL AUTO_INCREMENT,
  `user_id` int(10) unsigned NOT NULL DEFAULT '0',
  `catid` int(10) unsigned NOT NULL DEFAULT '0',
  `subject` varchar(100) NOT NULL DEFAULT '',
  `body` text NOT NULL,
  `state` tinyint(3) NOT NULL DEFAULT '0',
  `checked_out` int(10) unsigned NOT NULL DEFAULT '0',
  `checked_out_time` datetime NOT NULL DEFAULT '0000-00-00 00:00:00',
  `created_user_id` int(10) unsigned NOT NULL DEFAULT '0',
  `created_time` datetime NOT NULL DEFAULT '0000-00-00 00:00:00',
  `modified_user_id` int(10) unsigned NOT NULL,
  `modified_time` datetime NOT NULL DEFAULT '0000-00-00 00:00:00',
  `review_time` datetime NOT NULL DEFAULT '0000-00-00 00:00:00',
  `publish_up` datetime NOT NULL DEFAULT '0000-00-00 00:00:00',
  `publish_down` datetime NOT NULL DEFAULT '0000-00-00 00:00:00',
  PRIMARY KEY (`id`),
  KEY `idx_user_id` (`user_id`),
  KEY `idx_category_id` (`catid`)
) ENGINE=InnoDB DEFAULT CHARSET=utf8;
/*!40101 SET character_set_client = @saved_cs_client */;

--
-- Dumping data for table `jos_user_notes`
--

LOCK TABLES `jos_user_notes` WRITE;
/*!40000 ALTER TABLE `jos_user_notes` DISABLE KEYS */;
/*!40000 ALTER TABLE `jos_user_notes` ENABLE KEYS */;
UNLOCK TABLES;

--
-- Table structure for table `jos_user_profiles`
--

DROP TABLE IF EXISTS `jos_user_profiles`;
/*!40101 SET @saved_cs_client     = @@character_set_client */;
/*!40101 SET character_set_client = utf8 */;
CREATE TABLE `jos_user_profiles` (
  `user_id` int(11) NOT NULL,
  `profile_key` varchar(100) NOT NULL,
  `profile_value` varchar(255) NOT NULL,
  `ordering` int(11) NOT NULL DEFAULT '0',
  UNIQUE KEY `idx_user_id_profile_key` (`user_id`,`profile_key`)
) ENGINE=InnoDB DEFAULT CHARSET=utf8 COMMENT='Simple user profile storage table';
/*!40101 SET character_set_client = @saved_cs_client */;

--
-- Dumping data for table `jos_user_profiles`
--

LOCK TABLES `jos_user_profiles` WRITE;
/*!40000 ALTER TABLE `jos_user_profiles` DISABLE KEYS */;
/*!40000 ALTER TABLE `jos_user_profiles` ENABLE KEYS */;
UNLOCK TABLES;

--
-- Table structure for table `jos_user_usergroup_map`
--

DROP TABLE IF EXISTS `jos_user_usergroup_map`;
/*!40101 SET @saved_cs_client     = @@character_set_client */;
/*!40101 SET character_set_client = utf8 */;
CREATE TABLE `jos_user_usergroup_map` (
  `user_id` int(10) unsigned NOT NULL DEFAULT '0' COMMENT 'Foreign Key to #__users.id',
  `group_id` int(10) unsigned NOT NULL DEFAULT '0' COMMENT 'Foreign Key to #__usergroups.id',
  PRIMARY KEY (`user_id`,`group_id`)
) ENGINE=InnoDB DEFAULT CHARSET=utf8;
/*!40101 SET character_set_client = @saved_cs_client */;

--
-- Dumping data for table `jos_user_usergroup_map`
--

LOCK TABLES `jos_user_usergroup_map` WRITE;
/*!40000 ALTER TABLE `jos_user_usergroup_map` DISABLE KEYS */;
INSERT INTO `jos_user_usergroup_map` VALUES (42,8),(43,2);
/*!40000 ALTER TABLE `jos_user_usergroup_map` ENABLE KEYS */;
UNLOCK TABLES;

--
-- Table structure for table `jos_usergroups`
--

DROP TABLE IF EXISTS `jos_usergroups`;
/*!40101 SET @saved_cs_client     = @@character_set_client */;
/*!40101 SET character_set_client = utf8 */;
CREATE TABLE `jos_usergroups` (
  `id` int(10) unsigned NOT NULL AUTO_INCREMENT COMMENT 'Primary Key',
  `parent_id` int(10) unsigned NOT NULL DEFAULT '0' COMMENT 'Adjacency List Reference Id',
  `lft` int(11) NOT NULL DEFAULT '0' COMMENT 'Nested set lft.',
  `rgt` int(11) NOT NULL DEFAULT '0' COMMENT 'Nested set rgt.',
  `title` varchar(100) NOT NULL DEFAULT '',
  PRIMARY KEY (`id`),
  UNIQUE KEY `idx_usergroup_parent_title_lookup` (`parent_id`,`title`),
  KEY `idx_usergroup_title_lookup` (`title`),
  KEY `idx_usergroup_adjacency_lookup` (`parent_id`),
  KEY `idx_usergroup_nested_set_lookup` (`lft`,`rgt`) USING BTREE
) ENGINE=InnoDB AUTO_INCREMENT=9 DEFAULT CHARSET=utf8;
/*!40101 SET character_set_client = @saved_cs_client */;

--
-- Dumping data for table `jos_usergroups`
--

LOCK TABLES `jos_usergroups` WRITE;
/*!40000 ALTER TABLE `jos_usergroups` DISABLE KEYS */;
INSERT INTO `jos_usergroups` VALUES (1,0,1,20,'Public'),(2,1,6,17,'Registered'),(3,2,7,14,'Author'),(4,3,8,11,'Editor'),(5,4,9,10,'Publisher'),(6,1,2,5,'Manager'),(7,6,3,4,'Administrator'),(8,1,18,19,'Super Users');
/*!40000 ALTER TABLE `jos_usergroups` ENABLE KEYS */;
UNLOCK TABLES;

--
-- Table structure for table `jos_users`
--

DROP TABLE IF EXISTS `jos_users`;
/*!40101 SET @saved_cs_client     = @@character_set_client */;
/*!40101 SET character_set_client = utf8 */;
CREATE TABLE `jos_users` (
  `id` int(11) NOT NULL AUTO_INCREMENT,
  `name` varchar(255) NOT NULL DEFAULT '',
  `username` varchar(150) NOT NULL DEFAULT '',
  `email` varchar(100) NOT NULL DEFAULT '',
  `password` varchar(100) NOT NULL DEFAULT '',
  `usertype` varchar(25) NOT NULL DEFAULT '',
  `block` tinyint(4) NOT NULL DEFAULT '0',
  `sendEmail` tinyint(4) DEFAULT '0',
  `registerDate` datetime NOT NULL DEFAULT '0000-00-00 00:00:00',
  `lastvisitDate` datetime NOT NULL DEFAULT '0000-00-00 00:00:00',
  `activation` varchar(100) NOT NULL DEFAULT '',
  `params` text NOT NULL,
  PRIMARY KEY (`id`),
  KEY `usertype` (`usertype`),
  KEY `idx_name` (`name`),
  KEY `idx_block` (`block`),
  KEY `username` (`username`),
  KEY `email` (`email`)
) ENGINE=InnoDB AUTO_INCREMENT=44 DEFAULT CHARSET=utf8;
/*!40101 SET character_set_client = @saved_cs_client */;

--
-- Dumping data for table `jos_users`
--

LOCK TABLES `jos_users` WRITE;
/*!40000 ALTER TABLE `jos_users` DISABLE KEYS */;
INSERT INTO `jos_users` VALUES (42,'Super User','admin','felipe@reydosom.com.br','206eacfa729d2b77a5c49a3034a0520e:F182asfH9Cv1DVb5BBSp1WfoDWdcFjdd','deprecated',0,1,'2012-09-14 17:17:14','2012-09-14 18:51:57','0','{}'),(43,'Felipe Miranda','felipe','felipemiranda@outlook.com','0c2f3b49ed4fbea95cdb8da5a808e191:wDBj9et5xriyXAHXpVulRIe4b55uYcKb','',0,1,'2012-09-14 17:52:08','0000-00-00 00:00:00','','{\"admin_style\":\"\",\"admin_language\":\"\",\"language\":\"\",\"editor\":\"\",\"helpsite\":\"\",\"timezone\":\"\"}');
/*!40000 ALTER TABLE `jos_users` ENABLE KEYS */;
UNLOCK TABLES;

--
-- Table structure for table `jos_viewlevels`
--

DROP TABLE IF EXISTS `jos_viewlevels`;
/*!40101 SET @saved_cs_client     = @@character_set_client */;
/*!40101 SET character_set_client = utf8 */;
CREATE TABLE `jos_viewlevels` (
  `id` int(10) unsigned NOT NULL AUTO_INCREMENT COMMENT 'Primary Key',
  `title` varchar(100) NOT NULL DEFAULT '',
  `ordering` int(11) NOT NULL DEFAULT '0',
  `rules` varchar(5120) NOT NULL COMMENT 'JSON encoded access control.',
  PRIMARY KEY (`id`),
  UNIQUE KEY `idx_assetgroup_title_lookup` (`title`)
) ENGINE=InnoDB AUTO_INCREMENT=5 DEFAULT CHARSET=utf8;
/*!40101 SET character_set_client = @saved_cs_client */;

--
-- Dumping data for table `jos_viewlevels`
--

LOCK TABLES `jos_viewlevels` WRITE;
/*!40000 ALTER TABLE `jos_viewlevels` DISABLE KEYS */;
INSERT INTO `jos_viewlevels` VALUES (1,'Public',0,'[1]'),(2,'Registered',1,'[6,2,8]'),(3,'Special',2,'[6,3,8]'),(4,'Customer Access Level (Example)',3,'[6,3,12]');
/*!40000 ALTER TABLE `jos_viewlevels` ENABLE KEYS */;
UNLOCK TABLES;

--
-- Table structure for table `jos_virtuemart_adminmenuentries`
--

DROP TABLE IF EXISTS `jos_virtuemart_adminmenuentries`;
/*!40101 SET @saved_cs_client     = @@character_set_client */;
/*!40101 SET character_set_client = utf8 */;
CREATE TABLE `jos_virtuemart_adminmenuentries` (
  `id` tinyint(1) unsigned NOT NULL AUTO_INCREMENT,
  `module_id` tinyint(10) unsigned NOT NULL DEFAULT '0' COMMENT 'The ID of the VM Module, this Item is assigned to',
  `parent_id` tinyint(11) unsigned NOT NULL DEFAULT '0',
  `name` char(64) NOT NULL DEFAULT '0',
  `link` char(64) NOT NULL DEFAULT '0',
  `depends` char(64) NOT NULL DEFAULT '' COMMENT 'Names of the Parameters, this Item depends on',
  `icon_class` char(96) DEFAULT NULL,
  `ordering` int(2) NOT NULL DEFAULT '0',
  `published` tinyint(1) NOT NULL DEFAULT '1',
  `tooltip` char(128) DEFAULT NULL,
  `view` char(32) DEFAULT NULL,
  `task` char(32) DEFAULT NULL,
  PRIMARY KEY (`id`),
  KEY `module_id` (`module_id`)
) ENGINE=MyISAM AUTO_INCREMENT=29 DEFAULT CHARSET=utf8 COMMENT='Administration Menu Items';
/*!40101 SET character_set_client = @saved_cs_client */;

--
-- Dumping data for table `jos_virtuemart_adminmenuentries`
--

LOCK TABLES `jos_virtuemart_adminmenuentries` WRITE;
/*!40000 ALTER TABLE `jos_virtuemart_adminmenuentries` DISABLE KEYS */;
INSERT INTO `jos_virtuemart_adminmenuentries` VALUES (1,1,0,'COM_VIRTUEMART_CATEGORY_S','','','vmicon vmicon-16-folder_camera',1,1,'','category',''),(2,1,0,'COM_VIRTUEMART_PRODUCT_S','','','vmicon vmicon-16-camera',2,1,'','product',''),(3,1,0,'COM_VIRTUEMART_PRODUCT_CUSTOM_FIELD_S','','','vmicon vmicon-16-document_move',5,1,'','custom',''),(4,1,0,'COM_VIRTUEMART_PRODUCT_INVENTORY','','','vmicon vmicon-16-price_watch',7,1,'','inventory',''),(5,1,0,'COM_VIRTUEMART_CALC_S','','','vmicon vmicon-16-calculator',8,1,'','calc',''),(6,1,0,'COM_VIRTUEMART_REVIEW_RATE_S','','','vmicon vmicon-16-comments',9,1,'','ratings',''),(7,2,0,'COM_VIRTUEMART_ORDER_S','','','vmicon vmicon-16-page_white_stack',1,1,'','orders',''),(8,2,0,'COM_VIRTUEMART_COUPON_S','','','vmicon vmicon-16-shopping',10,1,'','coupon',''),(9,2,0,'COM_VIRTUEMART_REPORT','','','vmicon vmicon-16-to_do_list_cheked_1',3,1,'','report',''),(10,2,0,'COM_VIRTUEMART_USER_S','','','vmicon vmicon-16-user',4,1,'','user',''),(11,2,0,'COM_VIRTUEMART_SHOPPERGROUP_S','','','vmicon vmicon-16-user-group',5,1,'','shoppergroup',''),(12,3,0,'COM_VIRTUEMART_MANUFACTURER_S','','','vmicon vmicon-16-wrench_orange',1,1,'','manufacturer',''),(13,3,0,'COM_VIRTUEMART_MANUFACTURER_CATEGORY_S','','','vmicon vmicon-16-folder_wrench',2,1,'','manufacturercategories',''),(14,4,0,'COM_VIRTUEMART_STORE','','','vmicon vmicon-16-reseller_account_template',1,1,'','user','editshop'),(15,4,0,'COM_VIRTUEMART_MEDIA_S','','','vmicon vmicon-16-pictures',2,1,'','media',''),(16,4,0,'COM_VIRTUEMART_SHIPMENTMETHOD_S','','','vmicon vmicon-16-lorry',3,1,'','shipmentmethod',''),(17,4,0,'COM_VIRTUEMART_PAYMENTMETHOD_S','','','vmicon vmicon-16-creditcards',4,1,'','paymentmethod',''),(18,5,0,'COM_VIRTUEMART_CONFIGURATION','','','vmicon vmicon-16-config',1,1,'','config',''),(19,5,0,'COM_VIRTUEMART_USERFIELD_S','','','vmicon vmicon-16-participation_rate',2,1,'','userfields',''),(20,5,0,'COM_VIRTUEMART_ORDERSTATUS_S','','','vmicon vmicon-16-orderstatus',3,1,'','orderstatus',''),(21,5,0,'COM_VIRTUEMART_CURRENCY_S','','','vmicon vmicon-16-coins',5,1,'','currency',''),(22,5,0,'COM_VIRTUEMART_COUNTRY_S','','','vmicon vmicon-16-globe',6,1,'','country',''),(23,11,0,'COM_VIRTUEMART_MIGRATION_UPDATE','','','vmicon vmicon-16-installer_box',1,1,'','updatesmigration',''),(24,11,0,'COM_VIRTUEMART_ABOUT','','','vmicon vmicon-16-info',2,1,'','about',''),(25,11,0,'COM_VIRTUEMART_HELP_TOPICS','http://virtuemart.net/','','vmicon vmicon-16-help',4,1,'','',''),(26,11,0,'COM_VIRTUEMART_COMMUNITY_FORUM','http://forum.virtuemart.net/','','vmicon vmicon-16-reseller_programm',6,1,'','',''),(27,11,0,'COM_VIRTUEMART_STATISTIC_SUMMARY','','','vmicon vmicon-16-info',1,1,'','virtuemart',''),(28,77,0,'COM_VIRTUEMART_USER_GROUP_S','','','vmicon vmicon-16-user',2,1,'','usergroups','');
/*!40000 ALTER TABLE `jos_virtuemart_adminmenuentries` ENABLE KEYS */;
UNLOCK TABLES;

--
-- Table structure for table `jos_virtuemart_calc_categories`
--

DROP TABLE IF EXISTS `jos_virtuemart_calc_categories`;
/*!40101 SET @saved_cs_client     = @@character_set_client */;
/*!40101 SET character_set_client = utf8 */;
CREATE TABLE `jos_virtuemart_calc_categories` (
  `id` mediumint(1) unsigned NOT NULL AUTO_INCREMENT,
  `virtuemart_calc_id` smallint(1) unsigned NOT NULL DEFAULT '0',
  `virtuemart_category_id` smallint(1) unsigned NOT NULL DEFAULT '0',
  PRIMARY KEY (`id`),
  UNIQUE KEY `i_virtuemart_calc_id` (`virtuemart_calc_id`,`virtuemart_category_id`)
) ENGINE=MyISAM AUTO_INCREMENT=2 DEFAULT CHARSET=utf8;
/*!40101 SET character_set_client = @saved_cs_client */;

--
-- Dumping data for table `jos_virtuemart_calc_categories`
--

LOCK TABLES `jos_virtuemart_calc_categories` WRITE;
/*!40000 ALTER TABLE `jos_virtuemart_calc_categories` DISABLE KEYS */;
INSERT INTO `jos_virtuemart_calc_categories` VALUES (1,3,2);
/*!40000 ALTER TABLE `jos_virtuemart_calc_categories` ENABLE KEYS */;
UNLOCK TABLES;

--
-- Table structure for table `jos_virtuemart_calc_countries`
--

DROP TABLE IF EXISTS `jos_virtuemart_calc_countries`;
/*!40101 SET @saved_cs_client     = @@character_set_client */;
/*!40101 SET character_set_client = utf8 */;
CREATE TABLE `jos_virtuemart_calc_countries` (
  `id` mediumint(1) unsigned NOT NULL AUTO_INCREMENT,
  `virtuemart_calc_id` smallint(1) unsigned NOT NULL DEFAULT '0',
  `virtuemart_country_id` smallint(1) unsigned NOT NULL DEFAULT '0',
  PRIMARY KEY (`id`),
  UNIQUE KEY `i_virtuemart_calc_id` (`virtuemart_calc_id`,`virtuemart_country_id`)
) ENGINE=MyISAM DEFAULT CHARSET=utf8;
/*!40101 SET character_set_client = @saved_cs_client */;

--
-- Dumping data for table `jos_virtuemart_calc_countries`
--

LOCK TABLES `jos_virtuemart_calc_countries` WRITE;
/*!40000 ALTER TABLE `jos_virtuemart_calc_countries` DISABLE KEYS */;
/*!40000 ALTER TABLE `jos_virtuemart_calc_countries` ENABLE KEYS */;
UNLOCK TABLES;

--
-- Table structure for table `jos_virtuemart_calc_shoppergroups`
--

DROP TABLE IF EXISTS `jos_virtuemart_calc_shoppergroups`;
/*!40101 SET @saved_cs_client     = @@character_set_client */;
/*!40101 SET character_set_client = utf8 */;
CREATE TABLE `jos_virtuemart_calc_shoppergroups` (
  `id` mediumint(1) unsigned NOT NULL AUTO_INCREMENT,
  `virtuemart_calc_id` smallint(1) unsigned NOT NULL DEFAULT '0',
  `virtuemart_shoppergroup_id` smallint(1) unsigned NOT NULL DEFAULT '0',
  PRIMARY KEY (`id`),
  UNIQUE KEY `i_virtuemart_calc_id` (`virtuemart_calc_id`,`virtuemart_shoppergroup_id`)
) ENGINE=MyISAM AUTO_INCREMENT=2 DEFAULT CHARSET=utf8;
/*!40101 SET character_set_client = @saved_cs_client */;

--
-- Dumping data for table `jos_virtuemart_calc_shoppergroups`
--

LOCK TABLES `jos_virtuemart_calc_shoppergroups` WRITE;
/*!40000 ALTER TABLE `jos_virtuemart_calc_shoppergroups` DISABLE KEYS */;
INSERT INTO `jos_virtuemart_calc_shoppergroups` VALUES (1,2,2);
/*!40000 ALTER TABLE `jos_virtuemart_calc_shoppergroups` ENABLE KEYS */;
UNLOCK TABLES;

--
-- Table structure for table `jos_virtuemart_calc_states`
--

DROP TABLE IF EXISTS `jos_virtuemart_calc_states`;
/*!40101 SET @saved_cs_client     = @@character_set_client */;
/*!40101 SET character_set_client = utf8 */;
CREATE TABLE `jos_virtuemart_calc_states` (
  `id` mediumint(1) unsigned NOT NULL AUTO_INCREMENT,
  `virtuemart_calc_id` smallint(1) unsigned NOT NULL DEFAULT '0',
  `virtuemart_state_id` smallint(1) unsigned NOT NULL DEFAULT '0',
  PRIMARY KEY (`id`),
  UNIQUE KEY `i_virtuemart_calc_id` (`virtuemart_calc_id`,`virtuemart_state_id`)
) ENGINE=MyISAM DEFAULT CHARSET=utf8;
/*!40101 SET character_set_client = @saved_cs_client */;

--
-- Dumping data for table `jos_virtuemart_calc_states`
--

LOCK TABLES `jos_virtuemart_calc_states` WRITE;
/*!40000 ALTER TABLE `jos_virtuemart_calc_states` DISABLE KEYS */;
/*!40000 ALTER TABLE `jos_virtuemart_calc_states` ENABLE KEYS */;
UNLOCK TABLES;

--
-- Table structure for table `jos_virtuemart_calcs`
--

DROP TABLE IF EXISTS `jos_virtuemart_calcs`;
/*!40101 SET @saved_cs_client     = @@character_set_client */;
/*!40101 SET character_set_client = utf8 */;
CREATE TABLE `jos_virtuemart_calcs` (
  `virtuemart_calc_id` smallint(1) unsigned NOT NULL AUTO_INCREMENT,
  `virtuemart_vendor_id` smallint(1) unsigned NOT NULL DEFAULT '1' COMMENT 'Belongs to vendor',
  `calc_name` char(64) NOT NULL DEFAULT '' COMMENT 'Name of the rule',
  `calc_descr` char(128) NOT NULL DEFAULT '' COMMENT 'Description',
  `calc_kind` char(16) NOT NULL DEFAULT '' COMMENT 'Discount/Tax/Margin/Commission',
  `calc_value_mathop` char(8) NOT NULL DEFAULT '' COMMENT 'the mathematical operation like (+,-,+%,-%)',
  `calc_value` decimal(10,4) NOT NULL DEFAULT '0.0000' COMMENT 'The Amount',
  `calc_currency` smallint(1) unsigned NOT NULL DEFAULT '0' COMMENT 'Currency of the Rule',
  `calc_shopper_published` tinyint(1) NOT NULL DEFAULT '0' COMMENT 'Visible for Shoppers',
  `calc_vendor_published` tinyint(1) NOT NULL DEFAULT '0' COMMENT 'Visible for Vendors',
  `publish_up` datetime NOT NULL DEFAULT '0000-00-00 00:00:00' COMMENT 'Startdate if nothing is set = permanent',
  `publish_down` datetime NOT NULL DEFAULT '0000-00-00 00:00:00' COMMENT 'Enddate if nothing is set = permanent',
  `for_override` tinyint(1) NOT NULL DEFAULT '0',
  `calc_params` text,
  `ordering` int(2) NOT NULL DEFAULT '0',
  `shared` tinyint(1) NOT NULL DEFAULT '0',
  `published` tinyint(1) NOT NULL DEFAULT '1',
  `created_on` datetime NOT NULL DEFAULT '0000-00-00 00:00:00',
  `created_by` int(11) NOT NULL DEFAULT '0',
  `modified_on` datetime NOT NULL DEFAULT '0000-00-00 00:00:00',
  `modified_by` int(11) NOT NULL DEFAULT '0',
  `locked_on` datetime NOT NULL DEFAULT '0000-00-00 00:00:00',
  `locked_by` int(11) NOT NULL DEFAULT '0',
  PRIMARY KEY (`virtuemart_calc_id`),
  KEY `i_virtuemart_vendor_id` (`virtuemart_vendor_id`)
) ENGINE=MyISAM AUTO_INCREMENT=4 DEFAULT CHARSET=utf8;
/*!40101 SET character_set_client = @saved_cs_client */;

--
-- Dumping data for table `jos_virtuemart_calcs`
--

LOCK TABLES `jos_virtuemart_calcs` WRITE;
/*!40000 ALTER TABLE `jos_virtuemart_calcs` DISABLE KEYS */;
INSERT INTO `jos_virtuemart_calcs` VALUES (1,1,'Tax 9.25%','A simple tax for all products regardless the category','Tax','+%','9.2500',47,1,1,'2010-02-21 00:00:00','0000-00-00 00:00:00',0,NULL,0,0,1,'0000-00-00 00:00:00',0,'0000-00-00 00:00:00',0,'0000-00-00 00:00:00',0),(2,1,'Discount for all Hand Tools','Discount for all Hand Tools 2 euro','DATax','-','2.0000',47,1,1,'2010-02-21 00:00:00','0000-00-00 00:00:00',0,NULL,1,0,1,'0000-00-00 00:00:00',0,'0000-00-00 00:00:00',0,'0000-00-00 00:00:00',0),(3,1,'Duty for Powertools','Ah tax that only effects a certain category, Power Tools, and Shoppergroup','Tax','+%','20.0000',47,1,1,'2010-02-21 00:00:00','0000-00-00 00:00:00',0,NULL,0,0,1,'0000-00-00 00:00:00',0,'0000-00-00 00:00:00',0,'0000-00-00 00:00:00',0);
/*!40000 ALTER TABLE `jos_virtuemart_calcs` ENABLE KEYS */;
UNLOCK TABLES;

--
-- Table structure for table `jos_virtuemart_categories`
--

DROP TABLE IF EXISTS `jos_virtuemart_categories`;
/*!40101 SET @saved_cs_client     = @@character_set_client */;
/*!40101 SET character_set_client = utf8 */;
CREATE TABLE `jos_virtuemart_categories` (
  `virtuemart_category_id` smallint(1) unsigned NOT NULL AUTO_INCREMENT,
  `virtuemart_vendor_id` smallint(1) unsigned NOT NULL DEFAULT '0',
  `category_template` char(24) DEFAULT NULL,
  `category_layout` char(16) DEFAULT NULL,
  `category_product_layout` char(16) DEFAULT NULL,
  `products_per_row` tinyint(2) DEFAULT NULL,
  `limit_list_start` smallint(1) unsigned DEFAULT NULL,
  `limit_list_step` smallint(1) unsigned DEFAULT NULL,
  `limit_list_max` smallint(1) unsigned DEFAULT NULL,
  `limit_list_initial` smallint(1) unsigned DEFAULT NULL,
  `hits` int(1) unsigned NOT NULL DEFAULT '0',
  `metarobot` char(40) NOT NULL DEFAULT '',
  `metaauthor` char(64) NOT NULL DEFAULT '',
  `ordering` int(2) NOT NULL DEFAULT '0',
  `shared` tinyint(1) NOT NULL DEFAULT '0',
  `published` tinyint(1) NOT NULL DEFAULT '1',
  `created_on` datetime NOT NULL DEFAULT '0000-00-00 00:00:00',
  `created_by` int(11) NOT NULL DEFAULT '0',
  `modified_on` datetime NOT NULL DEFAULT '0000-00-00 00:00:00',
  `modified_by` int(11) NOT NULL DEFAULT '0',
  `locked_on` datetime NOT NULL DEFAULT '0000-00-00 00:00:00',
  `locked_by` int(11) NOT NULL DEFAULT '0',
  PRIMARY KEY (`virtuemart_category_id`),
  KEY `idx_category_virtuemart_vendor_id` (`virtuemart_vendor_id`)
) ENGINE=MyISAM AUTO_INCREMENT=22 DEFAULT CHARSET=utf8 COMMENT='Product Categories are stored here';
/*!40101 SET character_set_client = @saved_cs_client */;

--
-- Dumping data for table `jos_virtuemart_categories`
--

LOCK TABLES `jos_virtuemart_categories` WRITE;
/*!40000 ALTER TABLE `jos_virtuemart_categories` DISABLE KEYS */;
INSERT INTO `jos_virtuemart_categories` VALUES (1,1,'0','default','default',1,0,10,0,10,0,'','',1,0,1,'2012-01-11 10:33:00',42,'2012-01-11 10:33:00',42,'0000-00-00 00:00:00',0),(2,1,'0','default','default',1,0,10,0,10,0,'','',2,0,1,'2012-01-11 10:32:33',42,'2012-01-11 10:32:33',42,'0000-00-00 00:00:00',0),(3,1,'0','default','default',1,0,10,0,10,0,'','',3,0,1,'2012-01-11 10:32:11',42,'2012-01-11 10:32:11',42,'0000-00-00 00:00:00',0),(4,1,'0','default','default',1,0,10,0,10,0,'','',4,0,1,'2012-01-11 10:32:02',42,'2012-01-11 10:32:02',42,'0000-00-00 00:00:00',0),(5,1,'0','default','default',1,0,10,0,10,0,'','',5,0,1,'2012-01-11 10:31:36',42,'2012-01-11 10:31:36',42,'0000-00-00 00:00:00',0),(6,1,'0','default','default',1,0,10,0,10,0,'','',6,0,1,'2012-01-11 10:33:42',42,'2012-01-11 10:33:42',42,'0000-00-00 00:00:00',0),(7,1,'0','default','default',1,0,10,0,10,0,'','',7,0,1,'2012-01-11 10:34:00',42,'2012-01-11 10:34:00',42,'0000-00-00 00:00:00',0),(8,1,'0','default','default',1,0,10,0,10,0,'','',8,0,1,'2012-01-11 10:36:26',42,'2012-01-11 10:36:26',42,'0000-00-00 00:00:00',0),(9,1,'0','default','default',1,0,10,0,10,0,'','',9,0,1,'2012-01-11 10:34:29',42,'2012-01-11 10:34:29',42,'0000-00-00 00:00:00',0),(10,1,'0','default','default',1,0,10,0,10,0,'','',10,0,1,'2012-01-11 10:34:45',42,'2012-01-11 10:34:45',42,'0000-00-00 00:00:00',0),(11,1,'0','default','default',1,0,10,0,10,0,'','',11,0,1,'2012-01-11 10:35:00',42,'2012-01-11 10:35:00',42,'0000-00-00 00:00:00',0),(12,1,'0','default','default',1,0,10,0,10,0,'','',12,0,1,'2012-01-11 12:41:46',42,'2012-01-11 12:41:46',42,'0000-00-00 00:00:00',0),(13,1,'0','default','default',1,0,10,0,10,0,'','',13,0,1,'2012-01-11 12:41:10',42,'2012-01-11 12:41:10',42,'0000-00-00 00:00:00',0),(14,1,'0','default','default',1,0,10,0,10,0,'','',14,0,1,'2012-01-11 12:41:35',42,'2012-01-11 12:41:35',42,'0000-00-00 00:00:00',0),(15,1,'0','default','default',1,0,10,0,10,0,'','',15,0,1,'2012-01-11 10:38:23',42,'2012-01-11 10:38:23',42,'0000-00-00 00:00:00',0),(16,1,'0','default','default',1,0,10,0,10,0,'','',16,0,1,'2012-01-11 10:38:46',42,'2012-01-11 10:38:46',42,'0000-00-00 00:00:00',0),(17,1,'0','default','default',1,0,10,0,10,0,'','',17,0,1,'2012-01-11 10:34:45',42,'2012-01-11 10:34:45',42,'0000-00-00 00:00:00',0),(18,1,'0','default','default',1,0,10,0,10,0,'','',18,0,1,'2012-01-11 10:35:00',42,'2012-01-11 10:35:00',42,'0000-00-00 00:00:00',0),(19,1,'0','default','default',1,0,10,0,10,0,'','',19,0,1,'2012-01-11 12:41:46',42,'2012-01-11 12:41:46',42,'0000-00-00 00:00:00',0),(20,1,'0','default','default',1,0,10,0,10,0,'','',20,0,1,'2012-01-11 12:41:10',42,'2012-01-11 12:41:10',42,'0000-00-00 00:00:00',0),(21,1,'0','default','default',1,0,10,0,10,0,'','',21,0,1,'2012-01-11 12:41:35',42,'2012-01-11 12:41:35',42,'0000-00-00 00:00:00',0);
/*!40000 ALTER TABLE `jos_virtuemart_categories` ENABLE KEYS */;
UNLOCK TABLES;

--
-- Table structure for table `jos_virtuemart_categories_en_gb`
--

DROP TABLE IF EXISTS `jos_virtuemart_categories_en_gb`;
/*!40101 SET @saved_cs_client     = @@character_set_client */;
/*!40101 SET character_set_client = utf8 */;
CREATE TABLE `jos_virtuemart_categories_en_gb` (
  `virtuemart_category_id` int(1) unsigned NOT NULL AUTO_INCREMENT,
  `category_name` char(180) NOT NULL DEFAULT '',
  `category_description` varchar(20000) NOT NULL DEFAULT '',
  `metadesc` char(192) NOT NULL DEFAULT '',
  `metakey` char(192) NOT NULL DEFAULT '',
  `customtitle` char(255) NOT NULL DEFAULT '',
  `slug` char(192) NOT NULL DEFAULT '',
  PRIMARY KEY (`virtuemart_category_id`),
  UNIQUE KEY `slug` (`slug`)
) ENGINE=MyISAM AUTO_INCREMENT=22 DEFAULT CHARSET=utf8;
/*!40101 SET character_set_client = @saved_cs_client */;

--
-- Dumping data for table `jos_virtuemart_categories_en_gb`
--

LOCK TABLES `jos_virtuemart_categories_en_gb` WRITE;
/*!40000 ALTER TABLE `jos_virtuemart_categories_en_gb` DISABLE KEYS */;
INSERT INTO `jos_virtuemart_categories_en_gb` VALUES (1,'TV + VIDEO','','','','','TV and VIDEO'),(2,'PHOTO','','','','','PHOTO'),(3,'MOBILE','','','','','MOBILE'),(4,'COMPUTING','','','','','COMPUTING'),(5,'HOME APPLIANCES','','','','','HOME APPLIANCES'),(6,'Lorem ipsum','','','','','Lorem ipsum'),(7,'Dolor sit amet','','','','','Dolor sit amet'),(8,'Adipisicing','','','','','Adipisicing'),(9,'Do eiusmod','','','','','Do eiusmod'),(10,'Tempor incididunt','','','','','Tempor incididunt'),(11,'Ut labore et','','','','','Ut labore et'),(12,'Dolore magna','','','','','Dolore magna'),(13,'Aliqua','','','','','Aliqua'),(14,'Ult enim ad minim','','','','','Ult enim ad minim'),(15,'Veniame','','','','','Veniame'),(16,'Quis nostrud','','','','','Quis nostrud'),(17,'Veniams','','','','','Veniams'),(18,'Quis nostrude','','','','','Quis nostrude'),(19,'Quise nostrud','','','','','Quise nostrud'),(20,'Вolore eu fugiat nulla','','','','','Вolore eu fugiat nulla'),(21,'amet conse ctetur','','','','','Trailering');
/*!40000 ALTER TABLE `jos_virtuemart_categories_en_gb` ENABLE KEYS */;
UNLOCK TABLES;

--
-- Table structure for table `jos_virtuemart_category_categories`
--

DROP TABLE IF EXISTS `jos_virtuemart_category_categories`;
/*!40101 SET @saved_cs_client     = @@character_set_client */;
/*!40101 SET character_set_client = utf8 */;
CREATE TABLE `jos_virtuemart_category_categories` (
  `id` int(11) unsigned NOT NULL AUTO_INCREMENT,
  `category_parent_id` int(1) unsigned NOT NULL DEFAULT '0',
  `category_child_id` int(1) unsigned NOT NULL DEFAULT '0',
  `ordering` int(2) NOT NULL DEFAULT '0',
  PRIMARY KEY (`id`),
  UNIQUE KEY `i_category_parent_id` (`category_parent_id`,`category_child_id`),
  KEY `category_child_id` (`category_child_id`)
) ENGINE=MyISAM AUTO_INCREMENT=22 DEFAULT CHARSET=utf8 COMMENT='Category child-parent relation list';
/*!40101 SET character_set_client = @saved_cs_client */;

--
-- Dumping data for table `jos_virtuemart_category_categories`
--

LOCK TABLES `jos_virtuemart_category_categories` WRITE;
/*!40000 ALTER TABLE `jos_virtuemart_category_categories` DISABLE KEYS */;
INSERT INTO `jos_virtuemart_category_categories` VALUES (1,0,1,0),(2,0,2,0),(3,0,3,0),(4,0,4,0),(5,0,5,0),(6,5,6,0),(7,5,7,0),(8,5,8,0),(9,5,9,0),(10,5,10,0),(11,5,11,0),(12,5,12,0),(13,5,13,0),(14,2,14,0),(15,2,15,0),(16,2,16,0),(17,2,17,0),(18,2,18,0),(19,2,19,0),(20,2,20,0),(21,2,21,0);
/*!40000 ALTER TABLE `jos_virtuemart_category_categories` ENABLE KEYS */;
UNLOCK TABLES;

--
-- Table structure for table `jos_virtuemart_category_medias`
--

DROP TABLE IF EXISTS `jos_virtuemart_category_medias`;
/*!40101 SET @saved_cs_client     = @@character_set_client */;
/*!40101 SET character_set_client = utf8 */;
CREATE TABLE `jos_virtuemart_category_medias` (
  `id` int(11) unsigned NOT NULL AUTO_INCREMENT,
  `virtuemart_category_id` smallint(1) unsigned NOT NULL DEFAULT '0',
  `virtuemart_media_id` int(1) unsigned NOT NULL DEFAULT '0',
  `ordering` int(2) NOT NULL DEFAULT '0',
  PRIMARY KEY (`id`),
  UNIQUE KEY `i_virtuemart_category_id` (`virtuemart_category_id`,`virtuemart_media_id`)
) ENGINE=MyISAM AUTO_INCREMENT=22 DEFAULT CHARSET=utf8;
/*!40101 SET character_set_client = @saved_cs_client */;

--
-- Dumping data for table `jos_virtuemart_category_medias`
--

LOCK TABLES `jos_virtuemart_category_medias` WRITE;
/*!40000 ALTER TABLE `jos_virtuemart_category_medias` DISABLE KEYS */;
INSERT INTO `jos_virtuemart_category_medias` VALUES (1,1,2000,1),(2,2,2001,1),(3,3,2002,1),(4,4,2003,1),(5,5,2004,1),(6,6,2005,1),(7,7,2006,1),(8,8,2007,1),(9,9,2008,1),(10,10,2009,1),(11,11,2010,1),(12,12,2011,1),(13,13,2012,1),(14,14,2013,1),(15,15,2014,1),(16,16,2015,1),(17,17,2016,1),(18,18,2017,1),(19,19,2018,1),(20,20,2019,1),(21,21,2020,1);
/*!40000 ALTER TABLE `jos_virtuemart_category_medias` ENABLE KEYS */;
UNLOCK TABLES;

--
-- Table structure for table `jos_virtuemart_configs`
--

DROP TABLE IF EXISTS `jos_virtuemart_configs`;
/*!40101 SET @saved_cs_client     = @@character_set_client */;
/*!40101 SET character_set_client = utf8 */;
CREATE TABLE `jos_virtuemart_configs` (
  `virtuemart_config_id` tinyint(1) unsigned NOT NULL AUTO_INCREMENT,
  `config` text,
  `created_on` datetime NOT NULL DEFAULT '0000-00-00 00:00:00',
  `created_by` int(11) NOT NULL DEFAULT '0',
  `modified_on` datetime NOT NULL DEFAULT '0000-00-00 00:00:00',
  `modified_by` int(11) NOT NULL DEFAULT '0',
  `locked_on` datetime NOT NULL DEFAULT '0000-00-00 00:00:00',
  `locked_by` int(11) NOT NULL DEFAULT '0',
  PRIMARY KEY (`virtuemart_config_id`)
) ENGINE=MyISAM AUTO_INCREMENT=2 DEFAULT CHARSET=utf8 COMMENT='Holds configuration settings';
/*!40101 SET character_set_client = @saved_cs_client */;

--
-- Dumping data for table `jos_virtuemart_configs`
--

LOCK TABLES `jos_virtuemart_configs` WRITE;
/*!40000 ALTER TABLE `jos_virtuemart_configs` DISABLE KEYS */;
INSERT INTO `jos_virtuemart_configs` VALUES (1,'shop_is_offline=s:1:\"0\";|offline_message=czo3MzoiT3VyIFNob3AgaXMgY3VycmVudGx5IGRvd24gZm9yIG1haW50ZW5hbmNlLiBQbGVhc2UgY2hlY2sgYmFjayBhZ2FpbiBzb29uLiI7|use_as_catalog=s:1:\"0\";|currency_converter_module=s:14:\"convertECB.php\";|order_mail_html=s:1:\"1\";|dateformat=s:8:\"%m/%d/%y\";|useSSL=s:1:\"0\";|dangeroustools=s:1:\"0\";|debug_enable=s:4:\"none\";|google_jquery=s:1:\"1\";|multix=s:4:\"none\";|pdf_button_enable=s:1:\"1\";|show_emailfriend=s:1:\"1\";|show_printicon=s:1:\"0\";|show_out_of_stock_products=s:1:\"1\";|coupons_enable=s:1:\"1\";|coupons_default_expire=s:3:\"1,D\";|weight_unit_default=s:2:\"KG\";|lwh_unit_default=s:1:\"M\";|list_limit=s:2:\"10\";|showReviewFor=s:3:\"all\";|reviewMode=s:10:\"registered\";|showRatingFor=s:3:\"all\";|ratingMode=s:10:\"registered\";|reviews_autopublish=s:1:\"1\";|reviews_minimum_comment_length=s:3:\"100\";|reviews_maximum_comment_length=s:4:\"2000\";|vmtemplate=s:8:\"theme262\";|categorytemplate=s:8:\"theme262\";|showCategory=s:1:\"1\";|categorylayout=s:7:\"default\";|categories_per_row=s:1:\"1\";|productlayout=s:7:\"default\";|products_per_row=s:1:\"1\";|vmlayout=s:7:\"default\";|show_featured=s:1:\"1\";|featured_products_per_row=s:1:\"3\";|show_topTen=s:1:\"1\";|topten_products_per_row=s:1:\"3\";|show_recent=s:1:\"1\";|show_latest=s:1:\"1\";|assets_general_path=s:33:\"components/com_virtuemart/assets/\";|media_category_path=s:35:\"images/stories/virtuemart/category/\";|media_product_path=s:34:\"images/stories/virtuemart/product/\";|media_manufacturer_path=s:39:\"images/stories/virtuemart/manufacturer/\";|media_vendor_path=s:33:\"images/stories/virtuemart/vendor/\";|img_resize_enable=s:1:\"0\";|img_width=s:2:\"90\";|img_height=s:2:\"90\";|no_image_set=s:11:\"noimage.gif\";|no_image_found=s:14:\"arrow_down.png\";|browse_orderby_field=s:23:\"p.virtuemart_product_id\";|browse_orderby_fields=a:4:{i:0;s:12:\"product_name\";i:1;s:11:\"product_sku\";i:2;s:13:\"category_name\";i:3;s:7:\"mf_name\";}|browse_search_fields=a:6:{i:0;s:12:\"product_name\";i:1;s:11:\"product_sku\";i:2;s:14:\"product_s_desc\";i:3;s:13:\"category_name\";i:4;s:20:\"category_description\";i:5;s:7:\"mf_name\";}|show_prices=s:1:\"1\";|price_access_level_published=s:1:\"0\";|price_show_packaging_pricelabel=s:1:\"0\";|show_tax=s:1:\"1\";|basePrice=s:1:\"0\";|basePriceText=s:1:\"0\";|basePriceRounding=s:1:\"2\";|variantModification=s:1:\"0\";|variantModificationText=s:1:\"0\";|variantModificationRounding=s:1:\"2\";|basePriceVariant=s:1:\"0\";|basePriceVariantText=s:1:\"0\";|basePriceVariantRounding=s:1:\"2\";|basePriceWithTax=s:1:\"0\";|basePriceWithTaxText=s:1:\"0\";|basePriceWithTaxRounding=s:1:\"2\";|discountedPriceWithoutTax=s:1:\"0\";|discountedPriceWithoutTaxText=s:1:\"0\";|discountedPriceWithoutTaxRounding=s:1:\"2\";|salesPriceWithDiscount=s:1:\"0\";|salesPriceWithDiscountText=s:1:\"0\";|salesPriceWithDiscountRounding=s:1:\"2\";|salesPrice=s:1:\"1\";|salesPriceText=s:1:\"1\";|salesPriceRounding=s:1:\"2\";|priceWithoutTax=s:1:\"1\";|priceWithoutTaxText=s:1:\"1\";|priceWithoutTaxRounding=s:1:\"2\";|discountAmount=s:1:\"1\";|discountAmountText=s:1:\"1\";|discountAmountRounding=s:1:\"2\";|taxAmount=s:1:\"0\";|taxAmountText=s:1:\"0\";|taxAmountRounding=s:1:\"2\";|check_stock=s:1:\"0\";|automatic_payment=s:1:\"0\";|automatic_shipment=s:1:\"0\";|agree_to_tos_onorder=s:1:\"0\";|oncheckout_show_legal_info=s:1:\"1\";|oncheckout_show_register=s:1:\"1\";|oncheckout_show_steps=s:1:\"0\";|oncheckout_show_register_text=s:47:\"COM_VIRTUEMART_ONCHECKOUT_DEFAULT_TEXT_REGISTER\";|seo_disabled=s:1:\"0\";|seo_translate=s:1:\"0\";|seo_use_id=s:1:\"0\";|soap_ws_cat_on=s:1:\"0\";|soap_ws_cat_cache_on=s:1:\"1\";|soap_auth_getcat=s:1:\"1\";|soap_auth_addcat=s:1:\"1\";|soap_auth_upcat=s:1:\"1\";|soap_auth_delcat=s:1:\"1\";|soap_auth_cat_otherget=s:1:\"1\";|soap_auth_cat_otheradd=s:1:\"1\";|soap_auth_cat_otherupdate=s:1:\"1\";|soap_auth_cat_otherdelete=s:1:\"1\";|soap_ws_user_on=s:1:\"0\";|soap_ws_user_cache_on=s:1:\"1\";|soap_auth_getuser=s:1:\"1\";|soap_auth_adduser=s:1:\"1\";|soap_auth_upuser=s:1:\"1\";|soap_auth_deluser=s:1:\"1\";|soap_auth_user_otherget=s:1:\"1\";|soap_auth_user_otheradd=s:1:\"1\";|soap_auth_user_otherupdate=s:1:\"1\";|soap_auth_user_otherdelete=s:1:\"1\";|soap_ws_prod_on=s:1:\"0\";|soap_ws_prod_cache_on=s:1:\"1\";|soap_auth_getprod=s:1:\"1\";|soap_auth_addprod=s:1:\"1\";|soap_auth_upprod=s:1:\"1\";|soap_auth_delprod=s:1:\"1\";|soap_auth_prod_otherget=s:1:\"1\";|soap_auth_prod_otheradd=s:1:\"1\";|soap_auth_prod_otherupdate=s:1:\"1\";|soap_auth_prod_otherdelete=s:1:\"1\";|soap_ws_order_on=s:1:\"0\";|soap_ws_order_cache_on=s:1:\"1\";|soap_auth_getorder=s:1:\"1\";|soap_auth_addorder=s:1:\"1\";|soap_auth_uporder=s:1:\"1\";|soap_auth_delorder=s:1:\"1\";|soap_auth_order_otherget=s:1:\"1\";|soap_auth_order_otheradd=s:1:\"1\";|soap_auth_order_otherupdate=s:1:\"1\";|soap_auth_order_otherdelete=s:1:\"1\";|soap_ws_sql_on=s:1:\"0\";|soap_ws_sql_cache_on=s:1:\"1\";|soap_auth_execsql=s:1:\"1\";|soap_auth_execsql_select=s:1:\"1\";|soap_auth_execsql_insert=s:1:\"1\";|soap_auth_execsql_update=s:1:\"1\";|soap_ws_custom_on=s:1:\"0\";|soap_ws_custom_cache_on=s:1:\"1\";|soap_EP_custom=s:24:\"VM_CustomizedService.php\";|soap_wsdl_custom=s:18:\"VM_Customized.wsdl\";|sctime=d:1332744489.1761219501495361328125;|vmlang=s:5:\"en_gb\";|virtuemart_config_id=i:1;|enableEnglish=s:1:\"1\";|enable_content_plugin=s:1:\"1\";|pdf_icon=s:1:\"0\";|ask_question=s:1:\"1\";|product_navigation=s:1:\"1\";|stockhandle=s:10:\"disableadd\";|rised_availability=s:0:\"\";|image=s:0:\"\";|display_stock=s:1:\"1\";|show_manufacturers=s:1:\"1\";|manufacturer_per_row=s:0:\"\";|pagination_sequence=s:14:\"6,12,18,24,all\";|forSale_path=s:0:\"\";|forSale_path_thumb=s:0:\"\";|css=s:1:\"1\";|jquery=s:1:\"1\";|jprice=s:1:\"1\";|jsite=s:1:\"1\";|askprice=s:1:\"0\";|oncheckout_only_registered=s:1:\"0\";|oncheckout_show_images=s:1:\"1\";|seo_sufix=s:7:\"-detail\";|task=s:5:\"apply\";|option=s:14:\"com_virtuemart\";|view=s:6:\"config\";|6fb53c33bfc24f95a7f7f17718684668=s:1:\"1\";|b2343d68b20f0550aff844d292ddd79d=s:1:\"1\";|5523fd9f49468ce3536a6436f7574c3d=s:1:\"1\";|5ae847c12d6b27d2d6fc7140d4d708e2=s:1:\"1\";','2012-03-26 06:48:09',42,'2012-03-26 06:48:09',42,'0000-00-00 00:00:00',0);
/*!40000 ALTER TABLE `jos_virtuemart_configs` ENABLE KEYS */;
UNLOCK TABLES;

--
-- Table structure for table `jos_virtuemart_countries`
--

DROP TABLE IF EXISTS `jos_virtuemart_countries`;
/*!40101 SET @saved_cs_client     = @@character_set_client */;
/*!40101 SET character_set_client = utf8 */;
CREATE TABLE `jos_virtuemart_countries` (
  `virtuemart_country_id` smallint(1) unsigned NOT NULL AUTO_INCREMENT,
  `virtuemart_worldzone_id` tinyint(11) NOT NULL DEFAULT '1',
  `country_name` char(64) DEFAULT NULL,
  `country_3_code` char(3) DEFAULT NULL,
  `country_2_code` char(2) DEFAULT NULL,
  `ordering` int(2) NOT NULL DEFAULT '0',
  `published` tinyint(1) NOT NULL DEFAULT '1',
  `created_on` datetime NOT NULL DEFAULT '0000-00-00 00:00:00',
  `created_by` int(11) NOT NULL DEFAULT '0',
  `modified_on` datetime NOT NULL DEFAULT '0000-00-00 00:00:00',
  `modified_by` int(11) NOT NULL DEFAULT '0',
  `locked_on` datetime NOT NULL DEFAULT '0000-00-00 00:00:00',
  `locked_by` int(11) NOT NULL DEFAULT '0',
  PRIMARY KEY (`virtuemart_country_id`),
  KEY `idx_country_3_code` (`country_3_code`),
  KEY `idx_country_2_code` (`country_2_code`)
) ENGINE=MyISAM AUTO_INCREMENT=248 DEFAULT CHARSET=utf8 COMMENT='Country records';
/*!40101 SET character_set_client = @saved_cs_client */;

--
-- Dumping data for table `jos_virtuemart_countries`
--

LOCK TABLES `jos_virtuemart_countries` WRITE;
/*!40000 ALTER TABLE `jos_virtuemart_countries` DISABLE KEYS */;
INSERT INTO `jos_virtuemart_countries` VALUES (1,1,'Afghanistan','AFG','AF',0,1,'0000-00-00 00:00:00',0,'0000-00-00 00:00:00',0,'0000-00-00 00:00:00',0),(2,1,'Albania','ALB','AL',0,1,'0000-00-00 00:00:00',0,'0000-00-00 00:00:00',0,'0000-00-00 00:00:00',0),(3,1,'Algeria','DZA','DZ',0,1,'0000-00-00 00:00:00',0,'0000-00-00 00:00:00',0,'0000-00-00 00:00:00',0),(4,1,'American Samoa','ASM','AS',0,1,'0000-00-00 00:00:00',0,'0000-00-00 00:00:00',0,'0000-00-00 00:00:00',0),(5,1,'Andorra','AND','AD',0,1,'0000-00-00 00:00:00',0,'0000-00-00 00:00:00',0,'0000-00-00 00:00:00',0),(6,1,'Angola','AGO','AO',0,1,'0000-00-00 00:00:00',0,'0000-00-00 00:00:00',0,'0000-00-00 00:00:00',0),(7,1,'Anguilla','AIA','AI',0,1,'0000-00-00 00:00:00',0,'0000-00-00 00:00:00',0,'0000-00-00 00:00:00',0),(8,1,'Antarctica','ATA','AQ',0,1,'0000-00-00 00:00:00',0,'0000-00-00 00:00:00',0,'0000-00-00 00:00:00',0),(9,1,'Antigua and Barbuda','ATG','AG',0,1,'0000-00-00 00:00:00',0,'0000-00-00 00:00:00',0,'0000-00-00 00:00:00',0),(10,1,'Argentina','ARG','AR',0,1,'0000-00-00 00:00:00',0,'0000-00-00 00:00:00',0,'0000-00-00 00:00:00',0),(11,1,'Armenia','ARM','AM',0,1,'0000-00-00 00:00:00',0,'0000-00-00 00:00:00',0,'0000-00-00 00:00:00',0),(12,1,'Aruba','ABW','AW',0,1,'0000-00-00 00:00:00',0,'0000-00-00 00:00:00',0,'0000-00-00 00:00:00',0),(13,1,'Australia','AUS','AU',0,1,'0000-00-00 00:00:00',0,'0000-00-00 00:00:00',0,'0000-00-00 00:00:00',0),(14,1,'Austria','AUT','AT',0,1,'0000-00-00 00:00:00',0,'0000-00-00 00:00:00',0,'0000-00-00 00:00:00',0),(15,1,'Azerbaijan','AZE','AZ',0,1,'0000-00-00 00:00:00',0,'0000-00-00 00:00:00',0,'0000-00-00 00:00:00',0),(16,1,'Bahamas','BHS','BS',0,1,'0000-00-00 00:00:00',0,'0000-00-00 00:00:00',0,'0000-00-00 00:00:00',0),(17,1,'Bahrain','BHR','BH',0,1,'0000-00-00 00:00:00',0,'0000-00-00 00:00:00',0,'0000-00-00 00:00:00',0),(18,1,'Bangladesh','BGD','BD',0,1,'0000-00-00 00:00:00',0,'0000-00-00 00:00:00',0,'0000-00-00 00:00:00',0),(19,1,'Barbados','BRB','BB',0,1,'0000-00-00 00:00:00',0,'0000-00-00 00:00:00',0,'0000-00-00 00:00:00',0),(20,1,'Belarus','BLR','BY',0,1,'0000-00-00 00:00:00',0,'0000-00-00 00:00:00',0,'0000-00-00 00:00:00',0),(21,1,'Belgium','BEL','BE',0,1,'0000-00-00 00:00:00',0,'0000-00-00 00:00:00',0,'0000-00-00 00:00:00',0),(22,1,'Belize','BLZ','BZ',0,1,'0000-00-00 00:00:00',0,'0000-00-00 00:00:00',0,'0000-00-00 00:00:00',0),(23,1,'Benin','BEN','BJ',0,1,'0000-00-00 00:00:00',0,'0000-00-00 00:00:00',0,'0000-00-00 00:00:00',0),(24,1,'Bermuda','BMU','BM',0,1,'0000-00-00 00:00:00',0,'0000-00-00 00:00:00',0,'0000-00-00 00:00:00',0),(25,1,'Bhutan','BTN','BT',0,1,'0000-00-00 00:00:00',0,'0000-00-00 00:00:00',0,'0000-00-00 00:00:00',0),(26,1,'Bolivia','BOL','BO',0,1,'0000-00-00 00:00:00',0,'0000-00-00 00:00:00',0,'0000-00-00 00:00:00',0),(27,1,'Bosnia and Herzegowina','BIH','BA',0,1,'0000-00-00 00:00:00',0,'0000-00-00 00:00:00',0,'0000-00-00 00:00:00',0),(28,1,'Botswana','BWA','BW',0,1,'0000-00-00 00:00:00',0,'0000-00-00 00:00:00',0,'0000-00-00 00:00:00',0),(29,1,'Bouvet Island','BVT','BV',0,1,'0000-00-00 00:00:00',0,'0000-00-00 00:00:00',0,'0000-00-00 00:00:00',0),(30,1,'Brazil','BRA','BR',0,1,'0000-00-00 00:00:00',0,'0000-00-00 00:00:00',0,'0000-00-00 00:00:00',0),(31,1,'British Indian Ocean Territory','IOT','IO',0,1,'0000-00-00 00:00:00',0,'0000-00-00 00:00:00',0,'0000-00-00 00:00:00',0),(32,1,'Brunei Darussalam','BRN','BN',0,1,'0000-00-00 00:00:00',0,'0000-00-00 00:00:00',0,'0000-00-00 00:00:00',0),(33,1,'Bulgaria','BGR','BG',0,1,'0000-00-00 00:00:00',0,'0000-00-00 00:00:00',0,'0000-00-00 00:00:00',0),(34,1,'Burkina Faso','BFA','BF',0,1,'0000-00-00 00:00:00',0,'0000-00-00 00:00:00',0,'0000-00-00 00:00:00',0),(35,1,'Burundi','BDI','BI',0,1,'0000-00-00 00:00:00',0,'0000-00-00 00:00:00',0,'0000-00-00 00:00:00',0),(36,1,'Cambodia','KHM','KH',0,1,'0000-00-00 00:00:00',0,'0000-00-00 00:00:00',0,'0000-00-00 00:00:00',0),(37,1,'Cameroon','CMR','CM',0,1,'0000-00-00 00:00:00',0,'0000-00-00 00:00:00',0,'0000-00-00 00:00:00',0),(38,1,'Canada','CAN','CA',0,1,'0000-00-00 00:00:00',0,'0000-00-00 00:00:00',0,'0000-00-00 00:00:00',0),(39,1,'Cape Verde','CPV','CV',0,1,'0000-00-00 00:00:00',0,'0000-00-00 00:00:00',0,'0000-00-00 00:00:00',0),(40,1,'Cayman Islands','CYM','KY',0,1,'0000-00-00 00:00:00',0,'0000-00-00 00:00:00',0,'0000-00-00 00:00:00',0),(41,1,'Central African Republic','CAF','CF',0,1,'0000-00-00 00:00:00',0,'0000-00-00 00:00:00',0,'0000-00-00 00:00:00',0),(42,1,'Chad','TCD','TD',0,1,'0000-00-00 00:00:00',0,'0000-00-00 00:00:00',0,'0000-00-00 00:00:00',0),(43,1,'Chile','CHL','CL',0,1,'0000-00-00 00:00:00',0,'0000-00-00 00:00:00',0,'0000-00-00 00:00:00',0),(44,1,'China','CHN','CN',0,1,'0000-00-00 00:00:00',0,'0000-00-00 00:00:00',0,'0000-00-00 00:00:00',0),(45,1,'Christmas Island','CXR','CX',0,1,'0000-00-00 00:00:00',0,'0000-00-00 00:00:00',0,'0000-00-00 00:00:00',0),(46,1,'Cocos (Keeling) Islands','CCK','CC',0,1,'0000-00-00 00:00:00',0,'0000-00-00 00:00:00',0,'0000-00-00 00:00:00',0),(47,1,'Colombia','COL','CO',0,1,'0000-00-00 00:00:00',0,'0000-00-00 00:00:00',0,'0000-00-00 00:00:00',0),(48,1,'Comoros','COM','KM',0,1,'0000-00-00 00:00:00',0,'0000-00-00 00:00:00',0,'0000-00-00 00:00:00',0),(49,1,'Congo','COG','CG',0,1,'0000-00-00 00:00:00',0,'0000-00-00 00:00:00',0,'0000-00-00 00:00:00',0),(50,1,'Cook Islands','COK','CK',0,1,'0000-00-00 00:00:00',0,'0000-00-00 00:00:00',0,'0000-00-00 00:00:00',0),(51,1,'Costa Rica','CRI','CR',0,1,'0000-00-00 00:00:00',0,'0000-00-00 00:00:00',0,'0000-00-00 00:00:00',0),(52,1,'Cote D\'Ivoire','CIV','CI',0,1,'0000-00-00 00:00:00',0,'0000-00-00 00:00:00',0,'0000-00-00 00:00:00',0),(53,1,'Croatia','HRV','HR',0,1,'0000-00-00 00:00:00',0,'0000-00-00 00:00:00',0,'0000-00-00 00:00:00',0),(54,1,'Cuba','CUB','CU',0,1,'0000-00-00 00:00:00',0,'0000-00-00 00:00:00',0,'0000-00-00 00:00:00',0),(55,1,'Cyprus','CYP','CY',0,1,'0000-00-00 00:00:00',0,'0000-00-00 00:00:00',0,'0000-00-00 00:00:00',0),(56,1,'Czech Republic','CZE','CZ',0,1,'0000-00-00 00:00:00',0,'0000-00-00 00:00:00',0,'0000-00-00 00:00:00',0),(57,1,'Denmark','DNK','DK',0,1,'0000-00-00 00:00:00',0,'0000-00-00 00:00:00',0,'0000-00-00 00:00:00',0),(58,1,'Djibouti','DJI','DJ',0,1,'0000-00-00 00:00:00',0,'0000-00-00 00:00:00',0,'0000-00-00 00:00:00',0),(59,1,'Dominica','DMA','DM',0,1,'0000-00-00 00:00:00',0,'0000-00-00 00:00:00',0,'0000-00-00 00:00:00',0),(60,1,'Dominican Republic','DOM','DO',0,1,'0000-00-00 00:00:00',0,'0000-00-00 00:00:00',0,'0000-00-00 00:00:00',0),(61,1,'East Timor','TMP','TP',0,1,'0000-00-00 00:00:00',0,'0000-00-00 00:00:00',0,'0000-00-00 00:00:00',0),(62,1,'Ecuador','ECU','EC',0,1,'0000-00-00 00:00:00',0,'0000-00-00 00:00:00',0,'0000-00-00 00:00:00',0),(63,1,'Egypt','EGY','EG',0,1,'0000-00-00 00:00:00',0,'0000-00-00 00:00:00',0,'0000-00-00 00:00:00',0),(64,1,'El Salvador','SLV','SV',0,1,'0000-00-00 00:00:00',0,'0000-00-00 00:00:00',0,'0000-00-00 00:00:00',0),(65,1,'Equatorial Guinea','GNQ','GQ',0,1,'0000-00-00 00:00:00',0,'0000-00-00 00:00:00',0,'0000-00-00 00:00:00',0),(66,1,'Eritrea','ERI','ER',0,1,'0000-00-00 00:00:00',0,'0000-00-00 00:00:00',0,'0000-00-00 00:00:00',0),(67,1,'Estonia','EST','EE',0,1,'0000-00-00 00:00:00',0,'0000-00-00 00:00:00',0,'0000-00-00 00:00:00',0),(68,1,'Ethiopia','ETH','ET',0,1,'0000-00-00 00:00:00',0,'0000-00-00 00:00:00',0,'0000-00-00 00:00:00',0),(69,1,'Falkland Islands (Malvinas)','FLK','FK',0,1,'0000-00-00 00:00:00',0,'0000-00-00 00:00:00',0,'0000-00-00 00:00:00',0),(70,1,'Faroe Islands','FRO','FO',0,1,'0000-00-00 00:00:00',0,'0000-00-00 00:00:00',0,'0000-00-00 00:00:00',0),(71,1,'Fiji','FJI','FJ',0,1,'0000-00-00 00:00:00',0,'0000-00-00 00:00:00',0,'0000-00-00 00:00:00',0),(72,1,'Finland','FIN','FI',0,1,'0000-00-00 00:00:00',0,'0000-00-00 00:00:00',0,'0000-00-00 00:00:00',0),(73,1,'France','FRA','FR',0,1,'0000-00-00 00:00:00',0,'0000-00-00 00:00:00',0,'0000-00-00 00:00:00',0),(75,1,'French Guiana','GUF','GF',0,1,'0000-00-00 00:00:00',0,'0000-00-00 00:00:00',0,'0000-00-00 00:00:00',0),(76,1,'French Polynesia','PYF','PF',0,1,'0000-00-00 00:00:00',0,'0000-00-00 00:00:00',0,'0000-00-00 00:00:00',0),(77,1,'French Southern Territories','ATF','TF',0,1,'0000-00-00 00:00:00',0,'0000-00-00 00:00:00',0,'0000-00-00 00:00:00',0),(78,1,'Gabon','GAB','GA',0,1,'0000-00-00 00:00:00',0,'0000-00-00 00:00:00',0,'0000-00-00 00:00:00',0),(79,1,'Gambia','GMB','GM',0,1,'0000-00-00 00:00:00',0,'0000-00-00 00:00:00',0,'0000-00-00 00:00:00',0),(80,1,'Georgia','GEO','GE',0,1,'0000-00-00 00:00:00',0,'0000-00-00 00:00:00',0,'0000-00-00 00:00:00',0),(81,1,'Germany','DEU','DE',0,1,'0000-00-00 00:00:00',0,'0000-00-00 00:00:00',0,'0000-00-00 00:00:00',0),(82,1,'Ghana','GHA','GH',0,1,'0000-00-00 00:00:00',0,'0000-00-00 00:00:00',0,'0000-00-00 00:00:00',0),(83,1,'Gibraltar','GIB','GI',0,1,'0000-00-00 00:00:00',0,'0000-00-00 00:00:00',0,'0000-00-00 00:00:00',0),(84,1,'Greece','GRC','GR',0,1,'0000-00-00 00:00:00',0,'0000-00-00 00:00:00',0,'0000-00-00 00:00:00',0),(85,1,'Greenland','GRL','GL',0,1,'0000-00-00 00:00:00',0,'0000-00-00 00:00:00',0,'0000-00-00 00:00:00',0),(86,1,'Grenada','GRD','GD',0,1,'0000-00-00 00:00:00',0,'0000-00-00 00:00:00',0,'0000-00-00 00:00:00',0),(87,1,'Guadeloupe','GLP','GP',0,1,'0000-00-00 00:00:00',0,'0000-00-00 00:00:00',0,'0000-00-00 00:00:00',0),(88,1,'Guam','GUM','GU',0,1,'0000-00-00 00:00:00',0,'0000-00-00 00:00:00',0,'0000-00-00 00:00:00',0),(89,1,'Guatemala','GTM','GT',0,1,'0000-00-00 00:00:00',0,'0000-00-00 00:00:00',0,'0000-00-00 00:00:00',0),(90,1,'Guinea','GIN','GN',0,1,'0000-00-00 00:00:00',0,'0000-00-00 00:00:00',0,'0000-00-00 00:00:00',0),(91,1,'Guinea-bissau','GNB','GW',0,1,'0000-00-00 00:00:00',0,'0000-00-00 00:00:00',0,'0000-00-00 00:00:00',0),(92,1,'Guyana','GUY','GY',0,1,'0000-00-00 00:00:00',0,'0000-00-00 00:00:00',0,'0000-00-00 00:00:00',0),(93,1,'Haiti','HTI','HT',0,1,'0000-00-00 00:00:00',0,'0000-00-00 00:00:00',0,'0000-00-00 00:00:00',0),(94,1,'Heard and Mc Donald Islands','HMD','HM',0,1,'0000-00-00 00:00:00',0,'0000-00-00 00:00:00',0,'0000-00-00 00:00:00',0),(95,1,'Honduras','HND','HN',0,1,'0000-00-00 00:00:00',0,'0000-00-00 00:00:00',0,'0000-00-00 00:00:00',0),(96,1,'Hong Kong','HKG','HK',0,1,'0000-00-00 00:00:00',0,'0000-00-00 00:00:00',0,'0000-00-00 00:00:00',0),(97,1,'Hungary','HUN','HU',0,1,'0000-00-00 00:00:00',0,'0000-00-00 00:00:00',0,'0000-00-00 00:00:00',0),(98,1,'Iceland','ISL','IS',0,1,'0000-00-00 00:00:00',0,'0000-00-00 00:00:00',0,'0000-00-00 00:00:00',0),(99,1,'India','IND','IN',0,1,'0000-00-00 00:00:00',0,'0000-00-00 00:00:00',0,'0000-00-00 00:00:00',0),(100,1,'Indonesia','IDN','ID',0,1,'0000-00-00 00:00:00',0,'0000-00-00 00:00:00',0,'0000-00-00 00:00:00',0),(101,1,'Iran (Islamic Republic of)','IRN','IR',0,1,'0000-00-00 00:00:00',0,'0000-00-00 00:00:00',0,'0000-00-00 00:00:00',0),(102,1,'Iraq','IRQ','IQ',0,1,'0000-00-00 00:00:00',0,'0000-00-00 00:00:00',0,'0000-00-00 00:00:00',0),(103,1,'Ireland','IRL','IE',0,1,'0000-00-00 00:00:00',0,'0000-00-00 00:00:00',0,'0000-00-00 00:00:00',0),(104,1,'Israel','ISR','IL',0,1,'0000-00-00 00:00:00',0,'0000-00-00 00:00:00',0,'0000-00-00 00:00:00',0),(105,1,'Italy','ITA','IT',0,1,'0000-00-00 00:00:00',0,'0000-00-00 00:00:00',0,'0000-00-00 00:00:00',0),(106,1,'Jamaica','JAM','JM',0,1,'0000-00-00 00:00:00',0,'0000-00-00 00:00:00',0,'0000-00-00 00:00:00',0),(107,1,'Japan','JPN','JP',0,1,'0000-00-00 00:00:00',0,'0000-00-00 00:00:00',0,'0000-00-00 00:00:00',0),(108,1,'Jordan','JOR','JO',0,1,'0000-00-00 00:00:00',0,'0000-00-00 00:00:00',0,'0000-00-00 00:00:00',0),(109,1,'Kazakhstan','KAZ','KZ',0,1,'0000-00-00 00:00:00',0,'0000-00-00 00:00:00',0,'0000-00-00 00:00:00',0),(110,1,'Kenya','KEN','KE',0,1,'0000-00-00 00:00:00',0,'0000-00-00 00:00:00',0,'0000-00-00 00:00:00',0),(111,1,'Kiribati','KIR','KI',0,1,'0000-00-00 00:00:00',0,'0000-00-00 00:00:00',0,'0000-00-00 00:00:00',0),(112,1,'Korea, Democratic People\'s Republic of','PRK','KP',0,1,'0000-00-00 00:00:00',0,'0000-00-00 00:00:00',0,'0000-00-00 00:00:00',0),(113,1,'Korea, Republic of','KOR','KR',0,1,'0000-00-00 00:00:00',0,'0000-00-00 00:00:00',0,'0000-00-00 00:00:00',0),(114,1,'Kuwait','KWT','KW',0,1,'0000-00-00 00:00:00',0,'0000-00-00 00:00:00',0,'0000-00-00 00:00:00',0),(115,1,'Kyrgyzstan','KGZ','KG',0,1,'0000-00-00 00:00:00',0,'0000-00-00 00:00:00',0,'0000-00-00 00:00:00',0),(116,1,'Lao People\'s Democratic Republic','LAO','LA',0,1,'0000-00-00 00:00:00',0,'0000-00-00 00:00:00',0,'0000-00-00 00:00:00',0),(117,1,'Latvia','LVA','LV',0,1,'0000-00-00 00:00:00',0,'0000-00-00 00:00:00',0,'0000-00-00 00:00:00',0),(118,1,'Lebanon','LBN','LB',0,1,'0000-00-00 00:00:00',0,'0000-00-00 00:00:00',0,'0000-00-00 00:00:00',0),(119,1,'Lesotho','LSO','LS',0,1,'0000-00-00 00:00:00',0,'0000-00-00 00:00:00',0,'0000-00-00 00:00:00',0),(120,1,'Liberia','LBR','LR',0,1,'0000-00-00 00:00:00',0,'0000-00-00 00:00:00',0,'0000-00-00 00:00:00',0),(121,1,'Libyan Arab Jamahiriya','LBY','LY',0,1,'0000-00-00 00:00:00',0,'0000-00-00 00:00:00',0,'0000-00-00 00:00:00',0),(122,1,'Liechtenstein','LIE','LI',0,1,'0000-00-00 00:00:00',0,'0000-00-00 00:00:00',0,'0000-00-00 00:00:00',0),(123,1,'Lithuania','LTU','LT',0,1,'0000-00-00 00:00:00',0,'0000-00-00 00:00:00',0,'0000-00-00 00:00:00',0),(124,1,'Luxembourg','LUX','LU',0,1,'0000-00-00 00:00:00',0,'0000-00-00 00:00:00',0,'0000-00-00 00:00:00',0),(125,1,'Macau','MAC','MO',0,1,'0000-00-00 00:00:00',0,'0000-00-00 00:00:00',0,'0000-00-00 00:00:00',0),(126,1,'Macedonia, The Former Yugoslav Republic of','MKD','MK',0,1,'0000-00-00 00:00:00',0,'0000-00-00 00:00:00',0,'0000-00-00 00:00:00',0),(127,1,'Madagascar','MDG','MG',0,1,'0000-00-00 00:00:00',0,'0000-00-00 00:00:00',0,'0000-00-00 00:00:00',0),(128,1,'Malawi','MWI','MW',0,1,'0000-00-00 00:00:00',0,'0000-00-00 00:00:00',0,'0000-00-00 00:00:00',0),(129,1,'Malaysia','MYS','MY',0,1,'0000-00-00 00:00:00',0,'0000-00-00 00:00:00',0,'0000-00-00 00:00:00',0),(130,1,'Maldives','MDV','MV',0,1,'0000-00-00 00:00:00',0,'0000-00-00 00:00:00',0,'0000-00-00 00:00:00',0),(131,1,'Mali','MLI','ML',0,1,'0000-00-00 00:00:00',0,'0000-00-00 00:00:00',0,'0000-00-00 00:00:00',0),(132,1,'Malta','MLT','MT',0,1,'0000-00-00 00:00:00',0,'0000-00-00 00:00:00',0,'0000-00-00 00:00:00',0),(133,1,'Marshall Islands','MHL','MH',0,1,'0000-00-00 00:00:00',0,'0000-00-00 00:00:00',0,'0000-00-00 00:00:00',0),(134,1,'Martinique','MTQ','MQ',0,1,'0000-00-00 00:00:00',0,'0000-00-00 00:00:00',0,'0000-00-00 00:00:00',0),(135,1,'Mauritania','MRT','MR',0,1,'0000-00-00 00:00:00',0,'0000-00-00 00:00:00',0,'0000-00-00 00:00:00',0),(136,1,'Mauritius','MUS','MU',0,1,'0000-00-00 00:00:00',0,'0000-00-00 00:00:00',0,'0000-00-00 00:00:00',0),(137,1,'Mayotte','MYT','YT',0,1,'0000-00-00 00:00:00',0,'0000-00-00 00:00:00',0,'0000-00-00 00:00:00',0),(138,1,'Mexico','MEX','MX',0,1,'0000-00-00 00:00:00',0,'0000-00-00 00:00:00',0,'0000-00-00 00:00:00',0),(139,1,'Micronesia, Federated States of','FSM','FM',0,1,'0000-00-00 00:00:00',0,'0000-00-00 00:00:00',0,'0000-00-00 00:00:00',0),(140,1,'Moldova, Republic of','MDA','MD',0,1,'0000-00-00 00:00:00',0,'0000-00-00 00:00:00',0,'0000-00-00 00:00:00',0),(141,1,'Monaco','MCO','MC',0,1,'0000-00-00 00:00:00',0,'0000-00-00 00:00:00',0,'0000-00-00 00:00:00',0),(142,1,'Mongolia','MNG','MN',0,1,'0000-00-00 00:00:00',0,'0000-00-00 00:00:00',0,'0000-00-00 00:00:00',0),(143,1,'Montserrat','MSR','MS',0,1,'0000-00-00 00:00:00',0,'0000-00-00 00:00:00',0,'0000-00-00 00:00:00',0),(144,1,'Morocco','MAR','MA',0,1,'0000-00-00 00:00:00',0,'0000-00-00 00:00:00',0,'0000-00-00 00:00:00',0),(145,1,'Mozambique','MOZ','MZ',0,1,'0000-00-00 00:00:00',0,'0000-00-00 00:00:00',0,'0000-00-00 00:00:00',0),(146,1,'Myanmar','MMR','MM',0,1,'0000-00-00 00:00:00',0,'0000-00-00 00:00:00',0,'0000-00-00 00:00:00',0),(147,1,'Namibia','NAM','NA',0,1,'0000-00-00 00:00:00',0,'0000-00-00 00:00:00',0,'0000-00-00 00:00:00',0),(148,1,'Nauru','NRU','NR',0,1,'0000-00-00 00:00:00',0,'0000-00-00 00:00:00',0,'0000-00-00 00:00:00',0),(149,1,'Nepal','NPL','NP',0,1,'0000-00-00 00:00:00',0,'0000-00-00 00:00:00',0,'0000-00-00 00:00:00',0),(150,1,'Netherlands','NLD','NL',0,1,'0000-00-00 00:00:00',0,'0000-00-00 00:00:00',0,'0000-00-00 00:00:00',0),(151,1,'Netherlands Antilles','ANT','AN',0,1,'0000-00-00 00:00:00',0,'0000-00-00 00:00:00',0,'0000-00-00 00:00:00',0),(152,1,'New Caledonia','NCL','NC',0,1,'0000-00-00 00:00:00',0,'0000-00-00 00:00:00',0,'0000-00-00 00:00:00',0),(153,1,'New Zealand','NZL','NZ',0,1,'0000-00-00 00:00:00',0,'0000-00-00 00:00:00',0,'0000-00-00 00:00:00',0),(154,1,'Nicaragua','NIC','NI',0,1,'0000-00-00 00:00:00',0,'0000-00-00 00:00:00',0,'0000-00-00 00:00:00',0),(155,1,'Niger','NER','NE',0,1,'0000-00-00 00:00:00',0,'0000-00-00 00:00:00',0,'0000-00-00 00:00:00',0),(156,1,'Nigeria','NGA','NG',0,1,'0000-00-00 00:00:00',0,'0000-00-00 00:00:00',0,'0000-00-00 00:00:00',0),(157,1,'Niue','NIU','NU',0,1,'0000-00-00 00:00:00',0,'0000-00-00 00:00:00',0,'0000-00-00 00:00:00',0),(158,1,'Norfolk Island','NFK','NF',0,1,'0000-00-00 00:00:00',0,'0000-00-00 00:00:00',0,'0000-00-00 00:00:00',0),(159,1,'Northern Mariana Islands','MNP','MP',0,1,'0000-00-00 00:00:00',0,'0000-00-00 00:00:00',0,'0000-00-00 00:00:00',0),(160,1,'Norway','NOR','NO',0,1,'0000-00-00 00:00:00',0,'0000-00-00 00:00:00',0,'0000-00-00 00:00:00',0),(161,1,'Oman','OMN','OM',0,1,'0000-00-00 00:00:00',0,'0000-00-00 00:00:00',0,'0000-00-00 00:00:00',0),(162,1,'Pakistan','PAK','PK',0,1,'0000-00-00 00:00:00',0,'0000-00-00 00:00:00',0,'0000-00-00 00:00:00',0),(163,1,'Palau','PLW','PW',0,1,'0000-00-00 00:00:00',0,'0000-00-00 00:00:00',0,'0000-00-00 00:00:00',0),(164,1,'Panama','PAN','PA',0,1,'0000-00-00 00:00:00',0,'0000-00-00 00:00:00',0,'0000-00-00 00:00:00',0),(165,1,'Papua New Guinea','PNG','PG',0,1,'0000-00-00 00:00:00',0,'0000-00-00 00:00:00',0,'0000-00-00 00:00:00',0),(166,1,'Paraguay','PRY','PY',0,1,'0000-00-00 00:00:00',0,'0000-00-00 00:00:00',0,'0000-00-00 00:00:00',0),(167,1,'Peru','PER','PE',0,1,'0000-00-00 00:00:00',0,'0000-00-00 00:00:00',0,'0000-00-00 00:00:00',0),(168,1,'Philippines','PHL','PH',0,1,'0000-00-00 00:00:00',0,'0000-00-00 00:00:00',0,'0000-00-00 00:00:00',0),(169,1,'Pitcairn','PCN','PN',0,1,'0000-00-00 00:00:00',0,'0000-00-00 00:00:00',0,'0000-00-00 00:00:00',0),(170,1,'Poland','POL','PL',0,1,'0000-00-00 00:00:00',0,'0000-00-00 00:00:00',0,'0000-00-00 00:00:00',0),(171,1,'Portugal','PRT','PT',0,1,'0000-00-00 00:00:00',0,'0000-00-00 00:00:00',0,'0000-00-00 00:00:00',0),(172,1,'Puerto Rico','PRI','PR',0,1,'0000-00-00 00:00:00',0,'0000-00-00 00:00:00',0,'0000-00-00 00:00:00',0),(173,1,'Qatar','QAT','QA',0,1,'0000-00-00 00:00:00',0,'0000-00-00 00:00:00',0,'0000-00-00 00:00:00',0),(174,1,'Reunion','REU','RE',0,1,'0000-00-00 00:00:00',0,'0000-00-00 00:00:00',0,'0000-00-00 00:00:00',0),(175,1,'Romania','ROM','RO',0,1,'0000-00-00 00:00:00',0,'0000-00-00 00:00:00',0,'0000-00-00 00:00:00',0),(176,1,'Russian Federation','RUS','RU',0,1,'0000-00-00 00:00:00',0,'0000-00-00 00:00:00',0,'0000-00-00 00:00:00',0),(177,1,'Rwanda','RWA','RW',0,1,'0000-00-00 00:00:00',0,'0000-00-00 00:00:00',0,'0000-00-00 00:00:00',0),(178,1,'Saint Kitts and Nevis','KNA','KN',0,1,'0000-00-00 00:00:00',0,'0000-00-00 00:00:00',0,'0000-00-00 00:00:00',0),(179,1,'Saint Lucia','LCA','LC',0,1,'0000-00-00 00:00:00',0,'0000-00-00 00:00:00',0,'0000-00-00 00:00:00',0),(180,1,'Saint Vincent and the Grenadines','VCT','VC',0,1,'0000-00-00 00:00:00',0,'0000-00-00 00:00:00',0,'0000-00-00 00:00:00',0),(181,1,'Samoa','WSM','WS',0,1,'0000-00-00 00:00:00',0,'0000-00-00 00:00:00',0,'0000-00-00 00:00:00',0),(182,1,'San Marino','SMR','SM',0,1,'0000-00-00 00:00:00',0,'0000-00-00 00:00:00',0,'0000-00-00 00:00:00',0),(183,1,'Sao Tome and Principe','STP','ST',0,1,'0000-00-00 00:00:00',0,'0000-00-00 00:00:00',0,'0000-00-00 00:00:00',0),(184,1,'Saudi Arabia','SAU','SA',0,1,'0000-00-00 00:00:00',0,'0000-00-00 00:00:00',0,'0000-00-00 00:00:00',0),(185,1,'Senegal','SEN','SN',0,1,'0000-00-00 00:00:00',0,'0000-00-00 00:00:00',0,'0000-00-00 00:00:00',0),(186,1,'Seychelles','SYC','SC',0,1,'0000-00-00 00:00:00',0,'0000-00-00 00:00:00',0,'0000-00-00 00:00:00',0),(187,1,'Sierra Leone','SLE','SL',0,1,'0000-00-00 00:00:00',0,'0000-00-00 00:00:00',0,'0000-00-00 00:00:00',0),(188,1,'Singapore','SGP','SG',0,1,'0000-00-00 00:00:00',0,'0000-00-00 00:00:00',0,'0000-00-00 00:00:00',0),(189,1,'Slovakia (Slovak Republic)','SVK','SK',0,1,'0000-00-00 00:00:00',0,'0000-00-00 00:00:00',0,'0000-00-00 00:00:00',0),(190,1,'Slovenia','SVN','SI',0,1,'0000-00-00 00:00:00',0,'0000-00-00 00:00:00',0,'0000-00-00 00:00:00',0),(191,1,'Solomon Islands','SLB','SB',0,1,'0000-00-00 00:00:00',0,'0000-00-00 00:00:00',0,'0000-00-00 00:00:00',0),(192,1,'Somalia','SOM','SO',0,1,'0000-00-00 00:00:00',0,'0000-00-00 00:00:00',0,'0000-00-00 00:00:00',0),(193,1,'South Africa','ZAF','ZA',0,1,'0000-00-00 00:00:00',0,'0000-00-00 00:00:00',0,'0000-00-00 00:00:00',0),(194,1,'South Georgia and the South Sandwich Islands','SGS','GS',0,1,'0000-00-00 00:00:00',0,'0000-00-00 00:00:00',0,'0000-00-00 00:00:00',0),(195,1,'Spain','ESP','ES',0,1,'0000-00-00 00:00:00',0,'0000-00-00 00:00:00',0,'0000-00-00 00:00:00',0),(196,1,'Sri Lanka','LKA','LK',0,1,'0000-00-00 00:00:00',0,'0000-00-00 00:00:00',0,'0000-00-00 00:00:00',0),(197,1,'St. Helena','SHN','SH',0,1,'0000-00-00 00:00:00',0,'0000-00-00 00:00:00',0,'0000-00-00 00:00:00',0),(198,1,'St. Pierre and Miquelon','SPM','PM',0,1,'0000-00-00 00:00:00',0,'0000-00-00 00:00:00',0,'0000-00-00 00:00:00',0),(199,1,'Sudan','SDN','SD',0,1,'0000-00-00 00:00:00',0,'0000-00-00 00:00:00',0,'0000-00-00 00:00:00',0),(200,1,'Suriname','SUR','SR',0,1,'0000-00-00 00:00:00',0,'0000-00-00 00:00:00',0,'0000-00-00 00:00:00',0),(201,1,'Svalbard and Jan Mayen Islands','SJM','SJ',0,1,'0000-00-00 00:00:00',0,'0000-00-00 00:00:00',0,'0000-00-00 00:00:00',0),(202,1,'Swaziland','SWZ','SZ',0,1,'0000-00-00 00:00:00',0,'0000-00-00 00:00:00',0,'0000-00-00 00:00:00',0),(203,1,'Sweden','SWE','SE',0,1,'0000-00-00 00:00:00',0,'0000-00-00 00:00:00',0,'0000-00-00 00:00:00',0),(204,1,'Switzerland','CHE','CH',0,1,'0000-00-00 00:00:00',0,'0000-00-00 00:00:00',0,'0000-00-00 00:00:00',0),(205,1,'Syrian Arab Republic','SYR','SY',0,1,'0000-00-00 00:00:00',0,'0000-00-00 00:00:00',0,'0000-00-00 00:00:00',0),(206,1,'Taiwan','TWN','TW',0,1,'0000-00-00 00:00:00',0,'0000-00-00 00:00:00',0,'0000-00-00 00:00:00',0),(207,1,'Tajikistan','TJK','TJ',0,1,'0000-00-00 00:00:00',0,'0000-00-00 00:00:00',0,'0000-00-00 00:00:00',0),(208,1,'Tanzania, United Republic of','TZA','TZ',0,1,'0000-00-00 00:00:00',0,'0000-00-00 00:00:00',0,'0000-00-00 00:00:00',0),(209,1,'Thailand','THA','TH',0,1,'0000-00-00 00:00:00',0,'0000-00-00 00:00:00',0,'0000-00-00 00:00:00',0),(210,1,'Togo','TGO','TG',0,1,'0000-00-00 00:00:00',0,'0000-00-00 00:00:00',0,'0000-00-00 00:00:00',0),(211,1,'Tokelau','TKL','TK',0,1,'0000-00-00 00:00:00',0,'0000-00-00 00:00:00',0,'0000-00-00 00:00:00',0),(212,1,'Tonga','TON','TO',0,1,'0000-00-00 00:00:00',0,'0000-00-00 00:00:00',0,'0000-00-00 00:00:00',0),(213,1,'Trinidad and Tobago','TTO','TT',0,1,'0000-00-00 00:00:00',0,'0000-00-00 00:00:00',0,'0000-00-00 00:00:00',0),(214,1,'Tunisia','TUN','TN',0,1,'0000-00-00 00:00:00',0,'0000-00-00 00:00:00',0,'0000-00-00 00:00:00',0),(215,1,'Turkey','TUR','TR',0,1,'0000-00-00 00:00:00',0,'0000-00-00 00:00:00',0,'0000-00-00 00:00:00',0),(216,1,'Turkmenistan','TKM','TM',0,1,'0000-00-00 00:00:00',0,'0000-00-00 00:00:00',0,'0000-00-00 00:00:00',0),(217,1,'Turks and Caicos Islands','TCA','TC',0,1,'0000-00-00 00:00:00',0,'0000-00-00 00:00:00',0,'0000-00-00 00:00:00',0),(218,1,'Tuvalu','TUV','TV',0,1,'0000-00-00 00:00:00',0,'0000-00-00 00:00:00',0,'0000-00-00 00:00:00',0),(219,1,'Uganda','UGA','UG',0,1,'0000-00-00 00:00:00',0,'0000-00-00 00:00:00',0,'0000-00-00 00:00:00',0),(220,1,'Ukraine','UKR','UA',0,1,'0000-00-00 00:00:00',0,'0000-00-00 00:00:00',0,'0000-00-00 00:00:00',0),(221,1,'United Arab Emirates','ARE','AE',0,1,'0000-00-00 00:00:00',0,'0000-00-00 00:00:00',0,'0000-00-00 00:00:00',0),(222,1,'United Kingdom','GBR','GB',0,1,'0000-00-00 00:00:00',0,'0000-00-00 00:00:00',0,'0000-00-00 00:00:00',0),(223,1,'United States','USA','US',0,1,'0000-00-00 00:00:00',0,'0000-00-00 00:00:00',0,'0000-00-00 00:00:00',0),(224,1,'United States Minor Outlying Islands','UMI','UM',0,1,'0000-00-00 00:00:00',0,'0000-00-00 00:00:00',0,'0000-00-00 00:00:00',0),(225,1,'Uruguay','URY','UY',0,1,'0000-00-00 00:00:00',0,'0000-00-00 00:00:00',0,'0000-00-00 00:00:00',0),(226,1,'Uzbekistan','UZB','UZ',0,1,'0000-00-00 00:00:00',0,'0000-00-00 00:00:00',0,'0000-00-00 00:00:00',0),(227,1,'Vanuatu','VUT','VU',0,1,'0000-00-00 00:00:00',0,'0000-00-00 00:00:00',0,'0000-00-00 00:00:00',0),(228,1,'Vatican City State (Holy See)','VAT','VA',0,1,'0000-00-00 00:00:00',0,'0000-00-00 00:00:00',0,'0000-00-00 00:00:00',0),(229,1,'Venezuela','VEN','VE',0,1,'0000-00-00 00:00:00',0,'0000-00-00 00:00:00',0,'0000-00-00 00:00:00',0),(230,1,'Viet Nam','VNM','VN',0,1,'0000-00-00 00:00:00',0,'0000-00-00 00:00:00',0,'0000-00-00 00:00:00',0),(231,1,'Virgin Islands (British)','VGB','VG',0,1,'0000-00-00 00:00:00',0,'0000-00-00 00:00:00',0,'0000-00-00 00:00:00',0),(232,1,'Virgin Islands (U.S.)','VIR','VI',0,1,'0000-00-00 00:00:00',0,'0000-00-00 00:00:00',0,'0000-00-00 00:00:00',0),(233,1,'Wallis and Futuna Islands','WLF','WF',0,1,'0000-00-00 00:00:00',0,'0000-00-00 00:00:00',0,'0000-00-00 00:00:00',0),(234,1,'Western Sahara','ESH','EH',0,1,'0000-00-00 00:00:00',0,'0000-00-00 00:00:00',0,'0000-00-00 00:00:00',0),(235,1,'Yemen','YEM','YE',0,1,'0000-00-00 00:00:00',0,'0000-00-00 00:00:00',0,'0000-00-00 00:00:00',0),(237,1,'The Democratic Republic of Congo','DRC','DC',0,1,'0000-00-00 00:00:00',0,'0000-00-00 00:00:00',0,'0000-00-00 00:00:00',0),(238,1,'Zambia','ZMB','ZM',0,1,'0000-00-00 00:00:00',0,'0000-00-00 00:00:00',0,'0000-00-00 00:00:00',0),(239,1,'Zimbabwe','ZWE','ZW',0,1,'0000-00-00 00:00:00',0,'0000-00-00 00:00:00',0,'0000-00-00 00:00:00',0),(240,1,'East Timor','XET','XE',0,1,'0000-00-00 00:00:00',0,'0000-00-00 00:00:00',0,'0000-00-00 00:00:00',0),(241,1,'Jersey','XJE','XJ',0,1,'0000-00-00 00:00:00',0,'0000-00-00 00:00:00',0,'0000-00-00 00:00:00',0),(242,1,'St. Barthelemy','XSB','XB',0,1,'0000-00-00 00:00:00',0,'0000-00-00 00:00:00',0,'0000-00-00 00:00:00',0),(243,1,'St. Eustatius','XSE','XU',0,1,'0000-00-00 00:00:00',0,'0000-00-00 00:00:00',0,'0000-00-00 00:00:00',0),(244,1,'Canary Islands','XCA','XC',0,1,'0000-00-00 00:00:00',0,'0000-00-00 00:00:00',0,'0000-00-00 00:00:00',0),(245,1,'Serbia','SRB','RS',0,1,'0000-00-00 00:00:00',0,'0000-00-00 00:00:00',0,'0000-00-00 00:00:00',0),(246,1,'Sint Maarten (French Antilles)','MAF','MF',0,1,'0000-00-00 00:00:00',0,'0000-00-00 00:00:00',0,'0000-00-00 00:00:00',0),(247,1,'Sint Maarten (Netherlands Antilles)','SXM','SX',0,1,'0000-00-00 00:00:00',0,'0000-00-00 00:00:00',0,'0000-00-00 00:00:00',0);
/*!40000 ALTER TABLE `jos_virtuemart_countries` ENABLE KEYS */;
UNLOCK TABLES;

--
-- Table structure for table `jos_virtuemart_coupons`
--

DROP TABLE IF EXISTS `jos_virtuemart_coupons`;
/*!40101 SET @saved_cs_client     = @@character_set_client */;
/*!40101 SET character_set_client = utf8 */;
CREATE TABLE `jos_virtuemart_coupons` (
  `virtuemart_coupon_id` int(11) unsigned NOT NULL AUTO_INCREMENT,
  `coupon_code` char(32) NOT NULL DEFAULT '',
  `percent_or_total` enum('percent','total') NOT NULL DEFAULT 'percent',
  `coupon_type` enum('gift','permanent') NOT NULL DEFAULT 'gift',
  `coupon_value` decimal(15,5) NOT NULL DEFAULT '0.00000',
  `coupon_start_date` datetime DEFAULT NULL,
  `coupon_expiry_date` datetime DEFAULT NULL,
  `coupon_value_valid` decimal(15,5) NOT NULL DEFAULT '0.00000',
  `published` tinyint(1) NOT NULL DEFAULT '1',
  `created_on` datetime NOT NULL DEFAULT '0000-00-00 00:00:00',
  `created_by` int(11) NOT NULL DEFAULT '0',
  `modified_on` datetime NOT NULL DEFAULT '0000-00-00 00:00:00',
  `modified_by` int(11) NOT NULL DEFAULT '0',
  `locked_on` datetime NOT NULL DEFAULT '0000-00-00 00:00:00',
  `locked_by` int(11) NOT NULL DEFAULT '0',
  PRIMARY KEY (`virtuemart_coupon_id`),
  KEY `idx_coupon_code` (`coupon_code`)
) ENGINE=MyISAM DEFAULT CHARSET=utf8 COMMENT='Used to store coupon codes';
/*!40101 SET character_set_client = @saved_cs_client */;

--
-- Dumping data for table `jos_virtuemart_coupons`
--

LOCK TABLES `jos_virtuemart_coupons` WRITE;
/*!40000 ALTER TABLE `jos_virtuemart_coupons` DISABLE KEYS */;
/*!40000 ALTER TABLE `jos_virtuemart_coupons` ENABLE KEYS */;
UNLOCK TABLES;

--
-- Table structure for table `jos_virtuemart_currencies`
--

DROP TABLE IF EXISTS `jos_virtuemart_currencies`;
/*!40101 SET @saved_cs_client     = @@character_set_client */;
/*!40101 SET character_set_client = utf8 */;
CREATE TABLE `jos_virtuemart_currencies` (
  `virtuemart_currency_id` smallint(1) unsigned NOT NULL AUTO_INCREMENT,
  `virtuemart_vendor_id` smallint(1) unsigned NOT NULL DEFAULT '1',
  `currency_name` char(64) DEFAULT NULL,
  `currency_code_2` char(2) DEFAULT NULL,
  `currency_code_3` char(3) DEFAULT NULL,
  `currency_numeric_code` int(4) DEFAULT NULL,
  `currency_exchange_rate` decimal(10,5) DEFAULT NULL,
  `currency_symbol` char(4) DEFAULT NULL,
  `currency_decimal_place` char(4) DEFAULT NULL,
  `currency_decimal_symbol` char(4) DEFAULT NULL,
  `currency_thousands` char(4) DEFAULT NULL,
  `currency_positive_style` char(64) DEFAULT NULL,
  `currency_negative_style` char(64) DEFAULT NULL,
  `ordering` int(2) NOT NULL DEFAULT '0',
  `shared` tinyint(1) NOT NULL DEFAULT '1',
  `published` tinyint(1) NOT NULL DEFAULT '1',
  `created_on` datetime NOT NULL DEFAULT '0000-00-00 00:00:00',
  `created_by` int(11) NOT NULL DEFAULT '0',
  `modified_on` datetime NOT NULL DEFAULT '0000-00-00 00:00:00',
  `modified_by` int(11) NOT NULL DEFAULT '0',
  `locked_on` datetime NOT NULL DEFAULT '0000-00-00 00:00:00',
  `locked_by` int(11) NOT NULL DEFAULT '0',
  PRIMARY KEY (`virtuemart_currency_id`),
  KEY `virtuemart_vendor_id` (`virtuemart_vendor_id`),
  KEY `idx_currency_code_3` (`currency_code_3`),
  KEY `idx_currency_numeric_code` (`currency_numeric_code`)
) ENGINE=MyISAM AUTO_INCREMENT=202 DEFAULT CHARSET=utf8 COMMENT='Used to store currencies';
/*!40101 SET character_set_client = @saved_cs_client */;

--
-- Dumping data for table `jos_virtuemart_currencies`
--

LOCK TABLES `jos_virtuemart_currencies` WRITE;
/*!40000 ALTER TABLE `jos_virtuemart_currencies` DISABLE KEYS */;
INSERT INTO `jos_virtuemart_currencies` VALUES (2,1,'United Arab Emirates dirham','','AED',784,'0.00000','د.إ','2',',','','{number} {symbol}','{sign}{number} {symbol}',0,1,1,'0000-00-00 00:00:00',0,'0000-00-00 00:00:00',0,'0000-00-00 00:00:00',0),(4,1,'Albanian lek','','ALL',8,'0.00000','Lek','2',',','','{number} {symbol}','{sign}{number} {symbol}',0,1,1,'0000-00-00 00:00:00',0,'0000-00-00 00:00:00',0,'0000-00-00 00:00:00',0),(5,1,'Netherlands Antillean gulden','','ANG',532,'0.00000','ƒ','2',',','','{number} {symbol}','{sign}{number} {symbol}',0,1,1,'0000-00-00 00:00:00',0,'0000-00-00 00:00:00',0,'0000-00-00 00:00:00',0),(7,1,'Argentine peso','','ARS',32,'0.00000','$','2',',','','{number} {symbol}','{sign}{number} {symbol}',0,1,1,'0000-00-00 00:00:00',0,'0000-00-00 00:00:00',0,'0000-00-00 00:00:00',0),(9,1,'Australian dollar','','AUD',36,'0.00000','$','2',',','','{number} {symbol}','{sign}{number} {symbol}',0,1,1,'0000-00-00 00:00:00',0,'0000-00-00 00:00:00',0,'0000-00-00 00:00:00',0),(10,1,'Aruban florin','','AWG',533,'0.00000','ƒ','2',',','','{number} {symbol}','{sign}{number} {symbol}',0,1,1,'0000-00-00 00:00:00',0,'0000-00-00 00:00:00',0,'0000-00-00 00:00:00',0),(11,1,'Barbadian dollar','','BBD',52,'0.00000','$','2',',','','{number} {symbol}','{sign}{number} {symbol}',0,1,1,'0000-00-00 00:00:00',0,'0000-00-00 00:00:00',0,'0000-00-00 00:00:00',0),(12,1,'Bangladeshi taka','','BDT',50,'0.00000','৳','2',',','','{number} {symbol}','{sign}{number} {symbol}',0,1,1,'0000-00-00 00:00:00',0,'0000-00-00 00:00:00',0,'0000-00-00 00:00:00',0),(15,1,'Bahraini dinar','','BHD',48,'0.00000','ب.د','2',',','','{number} {symbol}','{sign}{number} {symbol}',0,1,1,'0000-00-00 00:00:00',0,'0000-00-00 00:00:00',0,'0000-00-00 00:00:00',0),(16,1,'Burundian franc','','BIF',108,'0.00000','Fr','0','','','{number} {symbol}','{sign}{number} {symbol}',0,0,1,'0000-00-00 00:00:00',0,'0000-00-00 00:00:00',0,'0000-00-00 00:00:00',0),(17,1,'Bermudian dollar','','BMD',60,'0.00000','$','2',',','','{number} {symbol}','{sign}{number} {symbol}',0,1,1,'0000-00-00 00:00:00',0,'0000-00-00 00:00:00',0,'0000-00-00 00:00:00',0),(18,1,'Brunei dollar','','BND',96,'0.00000','$','2',',','','{number} {symbol}','{sign}{number} {symbol}',0,1,1,'0000-00-00 00:00:00',0,'0000-00-00 00:00:00',0,'0000-00-00 00:00:00',0),(19,1,'Bolivian boliviano','','BOB',68,'0.00000','$b','2',',','','{number} {symbol}','{sign}{number} {symbol}',0,1,1,'0000-00-00 00:00:00',0,'0000-00-00 00:00:00',0,'0000-00-00 00:00:00',0),(20,1,'Brazilian real','','BRL',986,'0.00000','R$','2','.',',','{symbol} {number}','{symbol} {sign}{number}',0,1,1,'0000-00-00 00:00:00',0,'0000-00-00 00:00:00',0,'0000-00-00 00:00:00',0),(21,1,'Bahamian dollar','','BSD',44,'0.00000','$','2',',','','{number} {symbol}','{sign}{number} {symbol}',0,1,1,'0000-00-00 00:00:00',0,'0000-00-00 00:00:00',0,'0000-00-00 00:00:00',0),(22,1,'Bhutanese ngultrum','','BTN',64,'0.00000','BTN','2',',','','{number} {symbol}','{sign}{number} {symbol}',0,1,1,'0000-00-00 00:00:00',0,'0000-00-00 00:00:00',0,'0000-00-00 00:00:00',0),(24,1,'Botswana pula','','BWP',72,'0.00000','P','2',',','','{number} {symbol}','{sign}{number} {symbol}',0,1,1,'0000-00-00 00:00:00',0,'0000-00-00 00:00:00',0,'0000-00-00 00:00:00',0),(25,1,'Belize dollar','','BZD',84,'0.00000','BZ$','2',',','','{number} {symbol}','{sign}{number} {symbol}',0,1,1,'0000-00-00 00:00:00',0,'0000-00-00 00:00:00',0,'0000-00-00 00:00:00',0),(26,1,'Canadian dollar','','CAD',124,'0.00000','$','2','.',',','{symbol}{number}','{symbol}{sign}{number}',0,1,1,'0000-00-00 00:00:00',0,'0000-00-00 00:00:00',0,'0000-00-00 00:00:00',0),(27,1,'Swiss franc','','CHF',756,'0.00000','CHF','2',',','','{number} {symbol}','{sign}{number} {symbol}',0,1,1,'0000-00-00 00:00:00',0,'0000-00-00 00:00:00',0,'0000-00-00 00:00:00',0),(28,1,'Unidad de Fomento','','CLF',990,'0.00000','CLF','0','','','{number} {symbol}','{sign}{number} {symbol}',0,0,1,'0000-00-00 00:00:00',0,'0000-00-00 00:00:00',0,'0000-00-00 00:00:00',0),(29,1,'Chilean peso','','CLP',152,'0.00000','$','2',',','','{number} {symbol}','{sign}{number} {symbol}',0,1,1,'0000-00-00 00:00:00',0,'0000-00-00 00:00:00',0,'0000-00-00 00:00:00',0),(30,1,'Chinese renminbi yuan','','CNY',156,'0.00000','元','2',',','','{number} {symbol}','{sign}{number} {symbol}',0,1,1,'0000-00-00 00:00:00',0,'0000-00-00 00:00:00',0,'0000-00-00 00:00:00',0),(31,1,'Colombian peso','','COP',170,'0.00000','$','2',',','','{number} {symbol}','{sign}{number} {symbol}',0,1,1,'0000-00-00 00:00:00',0,'0000-00-00 00:00:00',0,'0000-00-00 00:00:00',0),(32,1,'Costa Rican colón','','CRC',188,'0.00000','₡','2',',','','{number} {symbol}','{sign}{number} {symbol}',0,1,1,'0000-00-00 00:00:00',0,'0000-00-00 00:00:00',0,'0000-00-00 00:00:00',0),(33,1,'Czech koruna','','CZK',203,'0.00000','Kč','2',',','','{number} {symbol}','{sign}{number} {symbol}',0,1,1,'0000-00-00 00:00:00',0,'0000-00-00 00:00:00',0,'0000-00-00 00:00:00',0),(34,1,'Cuban peso','','CUP',192,'0.00000','₱','2',',','','{number} {symbol}','{sign}{number} {symbol}',0,1,1,'0000-00-00 00:00:00',0,'0000-00-00 00:00:00',0,'0000-00-00 00:00:00',0),(35,1,'Cape Verdean escudo','','CVE',132,'0.00000','$','','','','{number} {symbol}','{sign}{number} {symbol}',0,0,1,'0000-00-00 00:00:00',0,'0000-00-00 00:00:00',0,'0000-00-00 00:00:00',0),(40,1,'Danish krone','','DKK',208,'0.00000','kr','2','.',',','{symbol}{number}','{symbol}{sign}{number}',0,1,1,'0000-00-00 00:00:00',0,'0000-00-00 00:00:00',0,'0000-00-00 00:00:00',0),(41,1,'Dominican peso','','DOP',214,'0.00000','RD$','2',',','','{number} {symbol}','{sign}{number} {symbol}',0,1,1,'0000-00-00 00:00:00',0,'0000-00-00 00:00:00',0,'0000-00-00 00:00:00',0),(42,1,'Algerian dinar','','DZD',12,'0.00000','د.ج','2',',','','{number} {symbol}','{sign}{number} {symbol}',0,1,1,'0000-00-00 00:00:00',0,'0000-00-00 00:00:00',0,'0000-00-00 00:00:00',0),(44,1,'Egyptian pound','','EGP',818,'0.00000','£','2',',','','{number} {symbol}','{sign}{number} {symbol}',0,1,1,'0000-00-00 00:00:00',0,'0000-00-00 00:00:00',0,'0000-00-00 00:00:00',0),(46,1,'Ethiopian birr','','ETB',230,'0.00000','ETB','2',',','','{number} {symbol}','{sign}{number} {symbol}',0,1,1,'0000-00-00 00:00:00',0,'0000-00-00 00:00:00',0,'0000-00-00 00:00:00',0),(47,1,'Euro','','EUR',978,'0.00000','€','2',',','','{number} {symbol}','{sign}{number} {symbol}',0,1,1,'0000-00-00 00:00:00',0,'0000-00-00 00:00:00',0,'0000-00-00 00:00:00',0),(49,1,'Fijian dollar','','FJD',242,'0.00000','$','2',',','','{number} {symbol}','{sign}{number} {symbol}',0,1,1,'0000-00-00 00:00:00',0,'0000-00-00 00:00:00',0,'0000-00-00 00:00:00',0),(50,1,'Falkland pound','','FKP',238,'0.00000','£','2',',','','{number} {symbol}','{sign}{number} {symbol}',0,1,1,'0000-00-00 00:00:00',0,'0000-00-00 00:00:00',0,'0000-00-00 00:00:00',0),(52,1,'British pound','','GBP',826,'0.00000','£','2','.',',','{symbol}{number}','{symbol}{sign}{number}',0,1,1,'0000-00-00 00:00:00',0,'0000-00-00 00:00:00',0,'0000-00-00 00:00:00',0),(54,1,'Gibraltar pound','','GIP',292,'0.00000','£','2',',','','{number} {symbol}','{sign}{number} {symbol}',0,1,1,'0000-00-00 00:00:00',0,'0000-00-00 00:00:00',0,'0000-00-00 00:00:00',0),(55,1,'Gambian dalasi','','GMD',270,'0.00000','D','2',',','','{number} {symbol}','{sign}{number} {symbol}',0,1,1,'0000-00-00 00:00:00',0,'0000-00-00 00:00:00',0,'0000-00-00 00:00:00',0),(56,1,'Guinean franc','','GNF',324,'0.00000','Fr','0','','','{number} {symbol}','{sign}{number} {symbol}',0,0,1,'0000-00-00 00:00:00',0,'0000-00-00 00:00:00',0,'0000-00-00 00:00:00',0),(58,1,'Guatemalan quetzal','','GTQ',320,'0.00000','Q','2',',','','{number} {symbol}','{sign}{number} {symbol}',0,1,1,'0000-00-00 00:00:00',0,'0000-00-00 00:00:00',0,'0000-00-00 00:00:00',0),(60,1,'Guyanese dollar','','GYD',328,'0.00000','$','2',',','','{number} {symbol}','{sign}{number} {symbol}',0,1,1,'0000-00-00 00:00:00',0,'0000-00-00 00:00:00',0,'0000-00-00 00:00:00',0),(61,1,'Hong Kong dollar','','HKD',344,'0.00000','元','2',',','','{number} {symbol}','{sign}{number} {symbol}',0,1,1,'0000-00-00 00:00:00',0,'0000-00-00 00:00:00',0,'0000-00-00 00:00:00',0),(62,1,'Honduran lempira','','HNL',340,'0.00000','L','2',',','','{number} {symbol}','{sign}{number} {symbol}',0,1,1,'0000-00-00 00:00:00',0,'0000-00-00 00:00:00',0,'0000-00-00 00:00:00',0),(63,1,'Haitian gourde','','HTG',332,'0.00000','G','2',',','','{number} {symbol}','{sign}{number} {symbol}',0,1,1,'0000-00-00 00:00:00',0,'0000-00-00 00:00:00',0,'0000-00-00 00:00:00',0),(64,1,'Hungarian forint','','HUF',348,'0.00000','Ft','2',',','','{number} {symbol}','{sign}{number} {symbol}',0,1,1,'0000-00-00 00:00:00',0,'0000-00-00 00:00:00',0,'0000-00-00 00:00:00',0),(65,1,'Indonesian rupiah','','IDR',360,'0.00000','Rp','0','','','{symbol}{number}','{symbol}{sign}{number}',0,0,1,'0000-00-00 00:00:00',0,'0000-00-00 00:00:00',0,'0000-00-00 00:00:00',0),(67,1,'Israeli new sheqel','','ILS',376,'0.00000','₪','2',',','','{number} {symbol}','{sign}{number} {symbol}',0,1,1,'0000-00-00 00:00:00',0,'0000-00-00 00:00:00',0,'0000-00-00 00:00:00',0),(68,1,'Indian rupee','','INR',356,'0.00000','₨','2',',','','{number} {symbol}','{sign}{number} {symbol}',0,1,1,'0000-00-00 00:00:00',0,'0000-00-00 00:00:00',0,'0000-00-00 00:00:00',0),(69,1,'Iraqi dinar','','IQD',368,'0.00000','ع.د','0','','','{number} {symbol}','{sign}{number} {symbol}',0,0,1,'0000-00-00 00:00:00',0,'0000-00-00 00:00:00',0,'0000-00-00 00:00:00',0),(70,1,'Iranian rial','','IRR',364,'0.00000','﷼','2',',','','{number} {symbol}','{sign}{number}{symb0l}',0,1,1,'0000-00-00 00:00:00',0,'0000-00-00 00:00:00',0,'0000-00-00 00:00:00',0),(73,1,'Jamaican dollar','','JMD',388,'0.00000','J$','2',',','','{number} {symbol}','{sign}{number} {symbol}',0,1,1,'0000-00-00 00:00:00',0,'0000-00-00 00:00:00',0,'0000-00-00 00:00:00',0),(74,1,'Jordanian dinar','','JOD',400,'0.00000','د.ا','2',',','','{number} {symbol}','{sign}{number} {symbol}',0,1,1,'0000-00-00 00:00:00',0,'0000-00-00 00:00:00',0,'0000-00-00 00:00:00',0),(75,1,'Japanese yen','','JPY',392,'0.00000','¥','2',',','','{number} {symbol}','{sign}{number} {symbol}',0,1,1,'0000-00-00 00:00:00',0,'0000-00-00 00:00:00',0,'0000-00-00 00:00:00',0),(76,1,'Kenyan shilling','','KES',404,'0.00000','Sh','2',',','','{number} {symbol}','{sign}{number} {symbol}',0,1,1,'0000-00-00 00:00:00',0,'0000-00-00 00:00:00',0,'0000-00-00 00:00:00',0),(77,1,'Cambodian riel','','KHR',116,'0.00000','៛','2',',','','{number} {symbol}','{sign}{number} {symbol}',0,1,1,'0000-00-00 00:00:00',0,'0000-00-00 00:00:00',0,'0000-00-00 00:00:00',0),(78,1,'Comorian franc','','KMF',174,'0.00000','Fr','0','','','{number} {symbol}','{sign}{number} {symbol}',0,0,1,'0000-00-00 00:00:00',0,'0000-00-00 00:00:00',0,'0000-00-00 00:00:00',0),(79,1,'North Korean won','','KPW',408,'0.00000','₩','0','','','{number} {symbol}','{sign}{number} {symbol}',0,0,1,'0000-00-00 00:00:00',0,'0000-00-00 00:00:00',0,'0000-00-00 00:00:00',0),(80,1,'South Korean won','','KRW',410,'0.00000','₩','','','','{number} {symbol}','{sign}{number} {symbol}',0,0,1,'0000-00-00 00:00:00',0,'0000-00-00 00:00:00',0,'0000-00-00 00:00:00',0),(81,1,'Kuwaiti dinar','','KWD',414,'0.00000','د.ك','2',',','','{number} {symbol}','{sign}{number} {symbol}',0,1,1,'0000-00-00 00:00:00',0,'0000-00-00 00:00:00',0,'0000-00-00 00:00:00',0),(82,1,'Cayman Islands dollar','','KYD',136,'0.00000','$','2',',','','{number} {symbol}','{sign}{number} {symbol}',0,1,1,'0000-00-00 00:00:00',0,'0000-00-00 00:00:00',0,'0000-00-00 00:00:00',0),(83,1,'Lao kip','','LAK',418,'0.00000','₭','0','','','{number} {symbol}','{sign}{number} {symbol}',0,0,1,'0000-00-00 00:00:00',0,'0000-00-00 00:00:00',0,'0000-00-00 00:00:00',0),(84,1,'Lebanese pound','','LBP',422,'0.00000','£','0','','','{number} {symbol}','{sign}{number} {symbol}',0,0,1,'0000-00-00 00:00:00',0,'0000-00-00 00:00:00',0,'0000-00-00 00:00:00',0),(85,1,'Sri Lankan rupee','','LKR',144,'0.00000','₨','2',',','','{number} {symbol}','{sign}{number} {symbol}',0,1,1,'0000-00-00 00:00:00',0,'0000-00-00 00:00:00',0,'0000-00-00 00:00:00',0),(86,1,'Liberian dollar','','LRD',430,'0.00000','$','2',',','','{number} {symbol}','{sign}{number} {symbol}',0,1,1,'0000-00-00 00:00:00',0,'0000-00-00 00:00:00',0,'0000-00-00 00:00:00',0),(87,1,'Lesotho loti','','LSL',426,'0.00000','L','2',',','','{number} {symbol}','{sign}{number} {symbol}',0,1,1,'0000-00-00 00:00:00',0,'0000-00-00 00:00:00',0,'0000-00-00 00:00:00',0),(89,1,'Libyan dinar','','LYD',434,'0.00000','ل.د','3',',','','{number} {symbol}','{sign}{number} {symbol}',0,0,1,'0000-00-00 00:00:00',0,'0000-00-00 00:00:00',0,'0000-00-00 00:00:00',0),(90,1,'Moroccan dirham','','MAD',504,'0.00000','د.م.','2',',','','{number} {symbol}','{sign}{number} {symbol}',0,1,1,'0000-00-00 00:00:00',0,'0000-00-00 00:00:00',0,'0000-00-00 00:00:00',0),(92,1,'Mongolian tögrög','','MNT',496,'0.00000','₮','2',',','','{number} {symbol}','{sign}{number} {symbol}',0,1,1,'0000-00-00 00:00:00',0,'0000-00-00 00:00:00',0,'0000-00-00 00:00:00',0),(93,1,'Macanese pataca','','MOP',446,'0.00000','P','1',',','','{symbol}{number}','{symbol}{sign}{number}',0,0,1,'0000-00-00 00:00:00',0,'0000-00-00 00:00:00',0,'0000-00-00 00:00:00',0),(94,1,'Mauritanian ouguiya','','MRO',478,'0.00000','UM','2',',','','{number} {symbol}','{sign}{number} {symbol}',0,1,1,'0000-00-00 00:00:00',0,'0000-00-00 00:00:00',0,'0000-00-00 00:00:00',0),(96,1,'Mauritian rupee','','MUR',480,'0.00000','₨','2',',','','{number} {symbol}','{sign}{number} {symbol}',0,1,1,'0000-00-00 00:00:00',0,'0000-00-00 00:00:00',0,'0000-00-00 00:00:00',0),(97,1,'Maldivian rufiyaa','','MVR',462,'0.00000','ރ.','2',',','','{number} {symbol}','{sign}{number} {symbol}',0,1,1,'0000-00-00 00:00:00',0,'0000-00-00 00:00:00',0,'0000-00-00 00:00:00',0),(98,1,'Malawian kwacha','','MWK',454,'0.00000','MK','2',',','','{number} {symbol}','{sign}{number} {symbol}',0,1,1,'0000-00-00 00:00:00',0,'0000-00-00 00:00:00',0,'0000-00-00 00:00:00',0),(100,1,'Malaysian ringgit','','MYR',458,'0.00000','RM','2',',','','{number} {symbol}','{sign}{number} {symbol}',0,1,1,'0000-00-00 00:00:00',0,'0000-00-00 00:00:00',0,'0000-00-00 00:00:00',0),(102,1,'Nigerian naira','','NGN',566,'0.00000','₦','2',',','','{number} {symbol}','{sign}{number} {symbol}',0,1,1,'0000-00-00 00:00:00',0,'0000-00-00 00:00:00',0,'0000-00-00 00:00:00',0),(105,1,'Norwegian krone','','NOK',578,'0.00000','kr','2','',',','{symbol}{number}','{symbol}{sign}{number}',0,1,1,'0000-00-00 00:00:00',0,'0000-00-00 00:00:00',0,'0000-00-00 00:00:00',0),(106,1,'Nepalese rupee','','NPR',524,'0.00000','₨','2',',','','{number} {symbol}','{sign}{number} {symbol}',0,1,1,'0000-00-00 00:00:00',0,'0000-00-00 00:00:00',0,'0000-00-00 00:00:00',0),(107,1,'New Zealand dollar','','NZD',554,'0.00000','$','2',',','','{number} {symbol}','{sign}{number} {symbol}',0,1,1,'0000-00-00 00:00:00',0,'0000-00-00 00:00:00',0,'0000-00-00 00:00:00',0),(108,1,'Omani rial','','OMR',512,'0.00000','﷼','3','.','','{number} {symbol}','{sign}{number} {symbol}',0,0,1,'0000-00-00 00:00:00',0,'0000-00-00 00:00:00',0,'0000-00-00 00:00:00',0),(109,1,'Panamanian balboa','','PAB',590,'0.00000','B/.','2',',','','{number} {symbol}','{sign}{number} {symbol}',0,1,1,'0000-00-00 00:00:00',0,'0000-00-00 00:00:00',0,'0000-00-00 00:00:00',0),(110,1,'Peruvian nuevo sol','','PEN',604,'0.00000','S/.','2',',','','{number} {symbol}','{sign}{number} {symbol}',0,1,1,'0000-00-00 00:00:00',0,'0000-00-00 00:00:00',0,'0000-00-00 00:00:00',0),(111,1,'Papua New Guinean kina','','PGK',598,'0.00000','K','2',',','','{number} {symbol}','{sign}{number} {symbol}',0,1,1,'0000-00-00 00:00:00',0,'0000-00-00 00:00:00',0,'0000-00-00 00:00:00',0),(112,1,'Philippine peso','','PHP',608,'0.00000','₱','2',',','','{number} {symbol}','{sign}{number} {symbol}',0,1,1,'0000-00-00 00:00:00',0,'0000-00-00 00:00:00',0,'0000-00-00 00:00:00',0),(113,1,'Pakistani rupee','','PKR',586,'0.00000','₨','2',',','','{number} {symbol}','{sign}{number} {symbol}',0,1,1,'0000-00-00 00:00:00',0,'0000-00-00 00:00:00',0,'0000-00-00 00:00:00',0),(114,1,'Polish Złoty','','PLN',985,'0.00000','zł','2',',','','{number} {symbol}','{sign}{number} {symbol}',0,1,1,'0000-00-00 00:00:00',0,'0000-00-00 00:00:00',0,'0000-00-00 00:00:00',0),(116,1,'Paraguayan guaraní','','PYG',600,'0.00000','₲','0','','.','{symbol} {number}','{symbol} {sign}{number}',0,0,1,'0000-00-00 00:00:00',0,'0000-00-00 00:00:00',0,'0000-00-00 00:00:00',0),(117,1,'Qatari riyal','','QAR',634,'0.00000','﷼','2',',','','{number} {symbol}','{sign}{number} {symbol}',0,1,1,'0000-00-00 00:00:00',0,'0000-00-00 00:00:00',0,'0000-00-00 00:00:00',0),(118,1,'Romanian leu','','RON',946,'0.00000','lei','2',',','.','{number} {symbol}','{sign}{number} {symbol}',0,1,1,'0000-00-00 00:00:00',0,'0000-00-00 00:00:00',0,'0000-00-00 00:00:00',0),(119,1,'Rwandan franc','','RWF',646,'0.00000','Fr','2',',','','{number} {symbol}','{sign}{number} {symbol}',0,1,1,'0000-00-00 00:00:00',0,'0000-00-00 00:00:00',0,'0000-00-00 00:00:00',0),(120,1,'Saudi riyal','','SAR',682,'0.00000','﷼','2',',','','{number} {symbol}','{sign}{number} {symbol}',0,1,1,'0000-00-00 00:00:00',0,'0000-00-00 00:00:00',0,'0000-00-00 00:00:00',0),(121,1,'Solomon Islands dollar','','SBD',90,'0.00000','$','2',',','','{number} {symbol}','{sign}{number} {symbol}',0,1,1,'0000-00-00 00:00:00',0,'0000-00-00 00:00:00',0,'0000-00-00 00:00:00',0),(122,1,'Seychellois rupee','','SCR',690,'0.00000','₨','2',',','','{number} {symbol}','{sign}{number} {symbol}',0,1,1,'0000-00-00 00:00:00',0,'0000-00-00 00:00:00',0,'0000-00-00 00:00:00',0),(124,1,'Swedish krona','','SEK',752,'0.00000','kr','2',',','.','{number} {symbol}','{sign}{number} {symbol}',0,1,1,'0000-00-00 00:00:00',0,'0000-00-00 00:00:00',0,'0000-00-00 00:00:00',0),(125,1,'Singapore dollar','','SGD',702,'0.00000','$','2',',','','{number} {symbol}','{sign}{number} {symbol}',0,1,1,'0000-00-00 00:00:00',0,'0000-00-00 00:00:00',0,'0000-00-00 00:00:00',0),(126,1,'Saint Helenian pound','','SHP',654,'0.00000','£','2',',','','{number} {symbol}','{sign}{number} {symbol}',0,1,1,'0000-00-00 00:00:00',0,'0000-00-00 00:00:00',0,'0000-00-00 00:00:00',0),(127,1,'Sierra Leonean leone','','SLL',694,'0.00000','Le','2',',','','{number} {symbol}','{sign}{number} {symbol}',0,1,1,'0000-00-00 00:00:00',0,'0000-00-00 00:00:00',0,'0000-00-00 00:00:00',0),(128,1,'Somali shilling','','SOS',706,'0.00000','S','2',',','','{number} {symbol}','{sign}{number} {symbol}',0,1,1,'0000-00-00 00:00:00',0,'0000-00-00 00:00:00',0,'0000-00-00 00:00:00',0),(130,1,'São Tomé and Príncipe dobra','','STD',678,'0.00000','Db','0','','','{number} {symbol}','{sign}{number} {symbol}',0,0,1,'0000-00-00 00:00:00',0,'0000-00-00 00:00:00',0,'0000-00-00 00:00:00',0),(131,1,'Russian ruble','','RUB',643,'0.00000','руб','2',',','','{number} {symbol}','{sign}{number} {symbol}',0,1,1,'0000-00-00 00:00:00',0,'0000-00-00 00:00:00',0,'0000-00-00 00:00:00',0),(132,1,'Salvadoran colón','','SVC',222,'0.00000','$','2',',','','{number} {symbol}','{sign}{number} {symbol}',0,1,1,'0000-00-00 00:00:00',0,'0000-00-00 00:00:00',0,'0000-00-00 00:00:00',0),(133,1,'Syrian pound','','SYP',760,'0.00000','£','2',',','','{number} {symbol}','{sign}{number} {symbol}',0,1,1,'0000-00-00 00:00:00',0,'0000-00-00 00:00:00',0,'0000-00-00 00:00:00',0),(134,1,'Swazi lilangeni','','SZL',748,'0.00000','L','2',',','','{number} {symbol}','{sign}{number} {symbol}',0,1,1,'0000-00-00 00:00:00',0,'0000-00-00 00:00:00',0,'0000-00-00 00:00:00',0),(135,1,'Thai baht','','THB',764,'0.00000','฿','2',',','','{number} {symbol}','{sign}{number} {symbol}',0,1,1,'0000-00-00 00:00:00',0,'0000-00-00 00:00:00',0,'0000-00-00 00:00:00',0),(136,1,'Tunisian dinar','','TND',788,'0.00000','د.ت','3',',','','{number} {symbol}','{sign}{number} {symbol}',0,0,1,'0000-00-00 00:00:00',0,'0000-00-00 00:00:00',0,'0000-00-00 00:00:00',0),(137,1,'Tongan paʻanga','','TOP',776,'0.00000','T$','2',',','','{number} {symbol}','{sign}{number} {symbol}',0,1,1,'0000-00-00 00:00:00',0,'0000-00-00 00:00:00',0,'0000-00-00 00:00:00',0),(139,1,'Turkish new lira','','TRY',949,'0.00000','YTL','2',',','.','{number} {symbol}','{sign}{number} {symbol}',0,1,1,'0000-00-00 00:00:00',0,'0000-00-00 00:00:00',0,'0000-00-00 00:00:00',0),(140,1,'Trinidad and Tobago dollar','','TTD',780,'0.00000','TT$','2',',','','{number} {symbol}','{sign}{number} {symbol}',0,1,1,'0000-00-00 00:00:00',0,'0000-00-00 00:00:00',0,'0000-00-00 00:00:00',0),(141,1,'New Taiwan dollar','','TWD',901,'0.00000','NT$','2',',','','{number} {symbol}','{sign}{number} {symbol}',0,1,1,'0000-00-00 00:00:00',0,'0000-00-00 00:00:00',0,'0000-00-00 00:00:00',0),(142,1,'Tanzanian shilling','','TZS',834,'0.00000','Sh','2',',','','{number} {symbol}','{sign}{number} {symbol}',0,1,1,'0000-00-00 00:00:00',0,'0000-00-00 00:00:00',0,'0000-00-00 00:00:00',0),(144,1,'US dollar','','USD',840,'0.00000','$','2','.',',','{symbol}{number}','{symbol}{sign}{number}',0,0,1,'2012-03-05 15:00:39',42,'2012-03-05 15:00:39',42,'0000-00-00 00:00:00',0),(147,1,'Vietnamese Dong','','VND',704,'0.00000','₫','0','','','{number} {symbol}','{sign}{number} {symbol}',0,0,1,'0000-00-00 00:00:00',0,'0000-00-00 00:00:00',0,'0000-00-00 00:00:00',0),(148,1,'Vanuatu vatu','','VUV',548,'0.00000','Vt','2',',','','{number} {symbol}','{sign}{number} {symbol}',0,1,1,'0000-00-00 00:00:00',0,'0000-00-00 00:00:00',0,'0000-00-00 00:00:00',0),(149,1,'Samoan tala','','WST',882,'0.00000','T','2',',','','{number} {symbol}','{sign}{number} {symbol}',0,1,1,'0000-00-00 00:00:00',0,'0000-00-00 00:00:00',0,'0000-00-00 00:00:00',0),(151,1,'Yemeni rial','','YER',886,'0.00000','﷼','2',',','','{number} {symbol}','{sign}{number} {symbol}',0,1,1,'0000-00-00 00:00:00',0,'0000-00-00 00:00:00',0,'0000-00-00 00:00:00',0),(152,1,'Serbian dinar','','RSD',941,'0.00000','Дин.','2',',','','{number} {symbol}','{sign}{number} {symbol}',0,1,1,'0000-00-00 00:00:00',0,'0000-00-00 00:00:00',0,'0000-00-00 00:00:00',0),(153,1,'South African rand','','ZAR',710,'0.00000','R','2',',','','{number} {symbol}','{sign}{number} {symbol}',0,1,1,'0000-00-00 00:00:00',0,'0000-00-00 00:00:00',0,'0000-00-00 00:00:00',0),(154,1,'Zambian kwacha','','ZMK',894,'0.00000','ZK','2',',','','{number} {symbol}','{sign}{number} {symbol}',0,1,1,'0000-00-00 00:00:00',0,'0000-00-00 00:00:00',0,'0000-00-00 00:00:00',0),(156,1,'Zimbabwean dollar','','ZWD',932,'0.00000','Z$','2',',','','{number} {symbol}','{sign}{number} {symbol}',0,1,1,'0000-00-00 00:00:00',0,'0000-00-00 00:00:00',0,'0000-00-00 00:00:00',0),(158,1,'Armenian dram','','AMD',51,'0.00000','դր.','2',',','','{number} {symbol}','{sign}{number} {symbol}',0,1,1,'0000-00-00 00:00:00',0,'0000-00-00 00:00:00',0,'0000-00-00 00:00:00',0),(159,1,'Myanmar kyat','','MMK',104,'0.00000','K','2',',','','{number} {symbol}','{symbol} {sign}{number}',0,0,1,'0000-00-00 00:00:00',0,'0000-00-00 00:00:00',0,'0000-00-00 00:00:00',0),(160,1,'Croatian kuna','','HRK',191,'0.00000','kn','2',',','.','{number} {symbol}','{sign}{number} {symbol}',0,1,1,'0000-00-00 00:00:00',0,'0000-00-00 00:00:00',0,'0000-00-00 00:00:00',0),(161,1,'Eritrean nakfa','','ERN',232,'0.00000','Nfk','2',',','','{number} {symbol}','{sign}{number} {symbol}',0,1,1,'0000-00-00 00:00:00',0,'0000-00-00 00:00:00',0,'0000-00-00 00:00:00',0),(162,1,'Djiboutian franc','','DJF',262,'0.00000','Fr','','','','{number} {symbol}','{sign}{number} {symbol}',0,0,1,'0000-00-00 00:00:00',0,'0000-00-00 00:00:00',0,'0000-00-00 00:00:00',0),(163,1,'Icelandic króna','','ISK',352,'0.00000','kr','2',',','','{number} {symbol}','{sign}{number} {symbol}',0,1,1,'0000-00-00 00:00:00',0,'0000-00-00 00:00:00',0,'0000-00-00 00:00:00',0),(164,1,'Kazakhstani tenge','','KZT',398,'0.00000','лв','2',',','','{number} {symbol}','{sign}{number} {symbol}',0,1,1,'0000-00-00 00:00:00',0,'0000-00-00 00:00:00',0,'0000-00-00 00:00:00',0),(165,1,'Kyrgyzstani som','','KGS',417,'0.00000','лв','2',',','','{number} {symbol}','{sign}{number} {symbol}',0,1,1,'0000-00-00 00:00:00',0,'0000-00-00 00:00:00',0,'0000-00-00 00:00:00',0),(166,1,'Latvian lats','','LVL',428,'0.00000','Ls','2',',','','{number} {symbol}','{sign}{number} {symbol}',0,1,1,'0000-00-00 00:00:00',0,'0000-00-00 00:00:00',0,'0000-00-00 00:00:00',0),(167,1,'Lithuanian litas','','LTL',440,'0.00000','Lt','2',',','','{number} {symbol}','{sign}{number} {symbol}',0,1,1,'0000-00-00 00:00:00',0,'0000-00-00 00:00:00',0,'0000-00-00 00:00:00',0),(168,1,'Mexican peso','','MXN',484,'0.00000','$','2',',','','{number} {symbol}','{sign}{number} {symbol}',0,1,1,'0000-00-00 00:00:00',0,'0000-00-00 00:00:00',0,'0000-00-00 00:00:00',0),(169,1,'Moldovan leu','','MDL',498,'0.00000','L','2',',','','{number} {symbol}','{sign}{number} {symbol}',0,1,1,'0000-00-00 00:00:00',0,'0000-00-00 00:00:00',0,'0000-00-00 00:00:00',0),(170,1,'Namibian dollar','','NAD',516,'0.00000','$','2',',','','{number} {symbol}','{sign}{number} {symbol}',0,1,1,'0000-00-00 00:00:00',0,'0000-00-00 00:00:00',0,'0000-00-00 00:00:00',0),(171,1,'Nicaraguan córdoba','','NIO',558,'0.00000','C$','2',',','','{number} {symbol}','{sign}{number} {symbol}',0,1,1,'0000-00-00 00:00:00',0,'0000-00-00 00:00:00',0,'0000-00-00 00:00:00',0),(172,1,'Ugandan shilling','','UGX',800,'0.00000','Sh','2',',','','{number} {symbol}','{sign}{number} {symbol}',0,1,1,'0000-00-00 00:00:00',0,'0000-00-00 00:00:00',0,'0000-00-00 00:00:00',0),(173,1,'Macedonian denar','','MKD',807,'0.00000','ден','2',',','','{number} {symbol}','{sign}{number} {symbol}',0,1,1,'0000-00-00 00:00:00',0,'0000-00-00 00:00:00',0,'0000-00-00 00:00:00',0),(174,1,'Uruguayan peso','','UYU',858,'0.00000','$','0','','','{symbol}number}','{symbol}{sign}{number}',0,0,1,'0000-00-00 00:00:00',0,'0000-00-00 00:00:00',0,'0000-00-00 00:00:00',0),(175,1,'Uzbekistani som','','UZS',860,'0.00000','лв','2',',','','{number} {symbol}','{sign}{number} {symbol}',0,1,1,'0000-00-00 00:00:00',0,'0000-00-00 00:00:00',0,'0000-00-00 00:00:00',0),(176,1,'Azerbaijani manat','','AZN',934,'0.00000','ман','2',',','','{number} {symbol}','{sign}{number} {symbol}',0,1,1,'0000-00-00 00:00:00',0,'0000-00-00 00:00:00',0,'0000-00-00 00:00:00',0),(177,1,'Ghanaian cedi','','GHS',936,'0.00000','₵','2',',','','{number} {symbol}','{sign}{number} {symbol}',0,1,1,'0000-00-00 00:00:00',0,'0000-00-00 00:00:00',0,'0000-00-00 00:00:00',0),(178,1,'Venezuelan bolívar','','VEF',937,'0.00000','Bs','2',',','','{number} {symbol}','{sign}{number} {symbol}',0,1,1,'0000-00-00 00:00:00',0,'0000-00-00 00:00:00',0,'0000-00-00 00:00:00',0),(179,1,'Sudanese pound','','SDG',938,'0.00000','£','2',',','','{number} {symbol}','{sign}{number} {symbol}',0,1,1,'0000-00-00 00:00:00',0,'0000-00-00 00:00:00',0,'0000-00-00 00:00:00',0),(180,1,'Uruguay Peso','','UYI',940,'0.00000','UYI','2',',','','{number} {symbol}','{sign}{number} {symbol}',0,1,1,'0000-00-00 00:00:00',0,'0000-00-00 00:00:00',0,'0000-00-00 00:00:00',0),(181,1,'Mozambican metical','','MZN',943,'0.00000','MT','2',',','','{number} {symbol}','{sign}{number} {symbol}',0,1,1,'0000-00-00 00:00:00',0,'0000-00-00 00:00:00',0,'0000-00-00 00:00:00',0),(182,1,'WIR Euro','','CHE',947,'0.00000','€','2',',','','{number} {symbol}','{sign}{number} {symbol}',0,1,1,'0000-00-00 00:00:00',0,'0000-00-00 00:00:00',0,'0000-00-00 00:00:00',0),(183,1,'WIR Franc','','CHW',948,'0.00000','CHW','2',',','','{number} {symbol}','{sign}{number} {symbol}',0,1,1,'0000-00-00 00:00:00',0,'0000-00-00 00:00:00',0,'0000-00-00 00:00:00',0),(184,1,'Central African CFA franc','','XAF',950,'0.00000','Fr','0','','','{number} {symbol}','{sign}{number} {symbol}',0,0,1,'0000-00-00 00:00:00',0,'0000-00-00 00:00:00',0,'0000-00-00 00:00:00',0),(185,1,'East Caribbean dollar','','XCD',951,'0.00000','$','2',',','','{number} {symbol}','{sign}{number} {symbol}',0,1,1,'0000-00-00 00:00:00',0,'0000-00-00 00:00:00',0,'0000-00-00 00:00:00',0),(186,1,'West African CFA franc','','XOF',952,'0.00000','Fr','2',',','','{number} {symbol}','{sign}{number} {symbol}',0,1,1,'0000-00-00 00:00:00',0,'0000-00-00 00:00:00',0,'0000-00-00 00:00:00',0),(187,1,'CFP franc','','XPF',953,'0.00000','Fr','2',',','','{number} {symbol}','{sign}{number} {symbol}',0,1,1,'0000-00-00 00:00:00',0,'0000-00-00 00:00:00',0,'0000-00-00 00:00:00',0),(188,1,'Surinamese dollar','','SRD',968,'0.00000','$','2',',','','{number} {symbol}','{sign}{number} {symbol}',0,1,1,'0000-00-00 00:00:00',0,'0000-00-00 00:00:00',0,'0000-00-00 00:00:00',0),(189,1,'Malagasy ariary','','MGA',969,'0.00000','MGA','2',',','','{number} {symbol}','{sign}{number} {symbol}',0,1,1,'0000-00-00 00:00:00',0,'0000-00-00 00:00:00',0,'0000-00-00 00:00:00',0),(190,1,'Unidad de Valor Real','','COU',970,'0.00000','COU','2',',','','{number} {symbol}','{sign}{number} {symbol}',0,1,1,'0000-00-00 00:00:00',0,'0000-00-00 00:00:00',0,'0000-00-00 00:00:00',0),(191,1,'Afghan afghani','','AFN',971,'0.00000','؋','2',',','','{number} {symbol}','{sign}{number} {symbol}',0,1,1,'0000-00-00 00:00:00',0,'0000-00-00 00:00:00',0,'0000-00-00 00:00:00',0),(192,1,'Tajikistani somoni','','TJS',972,'0.00000','ЅМ','2',',','','{number} {symbol}','{sign}{number} {symbol}',0,1,1,'0000-00-00 00:00:00',0,'0000-00-00 00:00:00',0,'0000-00-00 00:00:00',0),(193,1,'Angolan kwanza','','AOA',973,'0.00000','Kz','2',',','','{number} {symbol}','{sign}{number} {symbol}',0,1,1,'0000-00-00 00:00:00',0,'0000-00-00 00:00:00',0,'0000-00-00 00:00:00',0),(194,1,'Belarusian ruble','','BYR',974,'0.00000','p.','0','','','{number} {symbol}','{sign}{number} {symbol}',0,0,1,'0000-00-00 00:00:00',0,'0000-00-00 00:00:00',0,'0000-00-00 00:00:00',0),(195,1,'Bulgarian lev','','BGN',975,'0.00000','лв','2',',','','{number} {symbol}','{sign}{number} {symbol}',0,1,1,'0000-00-00 00:00:00',0,'0000-00-00 00:00:00',0,'0000-00-00 00:00:00',0),(196,1,'Congolese franc','','CDF',976,'0.00000','Fr','2',',','','{number} {symbol}','{sign}{number} {symbol}',0,1,1,'0000-00-00 00:00:00',0,'0000-00-00 00:00:00',0,'0000-00-00 00:00:00',0),(197,1,'Bosnia and Herzegovina convert','','BAM',977,'0.00000','KM','2',',','','{number} {symbol}','{sign}{number} {symbol}',0,1,1,'0000-00-00 00:00:00',0,'0000-00-00 00:00:00',0,'0000-00-00 00:00:00',0),(198,1,'Mexican Unid','','MXV',979,'0.00000','MXV','2',',','','{number} {symbol}','{sign}{number} {symbol}',0,1,1,'0000-00-00 00:00:00',0,'0000-00-00 00:00:00',0,'0000-00-00 00:00:00',0),(199,1,'Ukrainian hryvnia','','UAH',980,'0.00000','₴','2',',','','{number} {symbol}','{sign}{number} {symbol}',0,1,1,'0000-00-00 00:00:00',0,'0000-00-00 00:00:00',0,'0000-00-00 00:00:00',0),(200,1,'Georgian lari','','GEL',981,'0.00000','ლ','2',',','','{number} {symbol}','{sign}{number} {symbol}',0,1,1,'0000-00-00 00:00:00',0,'0000-00-00 00:00:00',0,'0000-00-00 00:00:00',0),(201,1,'Mvdol','','BOV',984,'0.00000','BOV','2',',','','{number} {symbol}','{sign}{number} {symbol}',0,1,1,'0000-00-00 00:00:00',0,'0000-00-00 00:00:00',0,'0000-00-00 00:00:00',0);
/*!40000 ALTER TABLE `jos_virtuemart_currencies` ENABLE KEYS */;
UNLOCK TABLES;

--
-- Table structure for table `jos_virtuemart_customs`
--

DROP TABLE IF EXISTS `jos_virtuemart_customs`;
/*!40101 SET @saved_cs_client     = @@character_set_client */;
/*!40101 SET character_set_client = utf8 */;
CREATE TABLE `jos_virtuemart_customs` (
  `virtuemart_custom_id` int(11) unsigned NOT NULL AUTO_INCREMENT,
  `custom_parent_id` int(1) unsigned NOT NULL DEFAULT '0',
  `virtuemart_vendor_id` smallint(11) NOT NULL DEFAULT '1',
  `custom_jplugin_id` int(11) NOT NULL DEFAULT '0',
  `custom_element` char(50) NOT NULL DEFAULT '',
  `admin_only` tinyint(1) NOT NULL DEFAULT '0' COMMENT '1:Display in admin only',
  `custom_title` char(255) NOT NULL DEFAULT '' COMMENT 'field title',
  `custom_tip` char(255) NOT NULL DEFAULT '' COMMENT 'tip',
  `custom_value` char(255) DEFAULT NULL COMMENT 'defaut value',
  `custom_field_desc` char(255) DEFAULT NULL COMMENT 'description or unit',
  `field_type` char(1) NOT NULL DEFAULT '0' COMMENT 'S:string,I:int,P:parent, B:bool,D:date,T:time,H:hidden',
  `is_list` tinyint(1) NOT NULL DEFAULT '0' COMMENT 'list of values',
  `is_hidden` tinyint(1) NOT NULL DEFAULT '0' COMMENT '1:hidden',
  `is_cart_attribute` tinyint(1) NOT NULL DEFAULT '0' COMMENT 'Add attributes to cart',
  `layout_pos` char(24) DEFAULT NULL COMMENT 'Layout Position',
  `custom_params` text,
  `shared` tinyint(1) NOT NULL DEFAULT '0' COMMENT 'valide for all vendors?',
  `published` tinyint(1) NOT NULL DEFAULT '1',
  `created_on` datetime NOT NULL DEFAULT '0000-00-00 00:00:00',
  `created_by` int(11) NOT NULL DEFAULT '0',
  `ordering` int(2) NOT NULL DEFAULT '0',
  `modified_on` datetime NOT NULL DEFAULT '0000-00-00 00:00:00',
  `modified_by` int(11) NOT NULL DEFAULT '0',
  `locked_on` datetime NOT NULL DEFAULT '0000-00-00 00:00:00',
  `locked_by` int(11) NOT NULL DEFAULT '0',
  PRIMARY KEY (`virtuemart_custom_id`),
  KEY `idx_custom_plugin_virtuemart_vendor_id` (`virtuemart_vendor_id`),
  KEY `idx_custom_plugin_element` (`custom_element`),
  KEY `idx_custom_plugin_ordering` (`ordering`),
  KEY `idx_custom_parent_id` (`custom_parent_id`)
) ENGINE=MyISAM AUTO_INCREMENT=15 DEFAULT CHARSET=utf8 COMMENT='custom fields definition';
/*!40101 SET character_set_client = @saved_cs_client */;

--
-- Dumping data for table `jos_virtuemart_customs`
--

LOCK TABLES `jos_virtuemart_customs` WRITE;
/*!40000 ALTER TABLE `jos_virtuemart_customs` DISABLE KEYS */;
INSERT INTO `jos_virtuemart_customs` VALUES (1,0,1,0,'',0,'COM_VIRTUEMART_RELATED_PRODUCTS','COM_VIRTUEMART_RELATED_PRODUCTS_TIP','','COM_VIRTUEMART_RELATED_PRODUCTS_DESC','R',0,0,0,NULL,NULL,0,1,'2011-05-25 21:52:43',62,0,'2011-05-25 21:52:43',62,'0000-00-00 00:00:00',0),(2,0,1,0,'',0,'COM_VIRTUEMART_RELATED_CATEGORIES','COM_VIRTUEMART_RELATED_CATEGORIES_TIP',NULL,'COM_VIRTUEMART_RELATED_CATEGORIES_DESC','Z',0,0,0,NULL,NULL,0,1,'0000-00-00 00:00:00',0,0,'0000-00-00 00:00:00',0,'0000-00-00 00:00:00',0),(3,1,1,0,'',0,'Integer','Make a choice','100','number','I',0,0,0,NULL,NULL,0,1,'0000-00-00 00:00:00',0,0,'0000-00-00 00:00:00',0,'0000-00-00 00:00:00',0),(4,1,1,0,'',0,'Yes or no ?','Boolean','0','Only 2 choices','B',0,0,0,NULL,NULL,0,1,'0000-00-00 00:00:00',0,0,'0000-00-00 00:00:00',0,'0000-00-00 00:00:00',0),(7,0,1,0,'',0,'Photo','Give a media ID as defaut','1','Add a photo','M',0,0,0,NULL,NULL,0,1,'0000-00-00 00:00:00',0,0,'0000-00-00 00:00:00',0,'0000-00-00 00:00:00',0),(9,0,1,0,'',0,'Size','Change the size','30','CM','V',0,0,1,NULL,NULL,0,1,'0000-00-00 00:00:00',0,0,'0000-00-00 00:00:00',0,'0000-00-00 00:00:00',0),(11,0,1,0,'',0,'Group of fields','Add fields to this parent and they are added all at once','I\'m a parent','Add many fields','P',0,0,0,NULL,NULL,0,1,'0000-00-00 00:00:00',0,0,'0000-00-00 00:00:00',0,'0000-00-00 00:00:00',0),(12,1,1,0,'',0,'I\'m a string','Here you can add some text','Please enter a text','Comment','S',0,0,0,NULL,NULL,0,1,'0000-00-00 00:00:00',0,0,'0000-00-00 00:00:00',0,'0000-00-00 00:00:00',0),(13,0,1,0,'',0,'Color','','Choose a color','Colors','S',0,0,1,NULL,NULL,0,1,'2011-05-26 04:06:08',62,0,'2011-05-26 04:06:08',62,'0000-00-00 00:00:00',0),(14,0,1,0,'',0,'add a showel','The best choice','','Showels','M',0,0,1,NULL,NULL,0,1,'2011-05-26 04:11:35',62,0,'2011-05-26 04:11:35',62,'0000-00-00 00:00:00',0);
/*!40000 ALTER TABLE `jos_virtuemart_customs` ENABLE KEYS */;
UNLOCK TABLES;

--
-- Table structure for table `jos_virtuemart_invoices`
--

DROP TABLE IF EXISTS `jos_virtuemart_invoices`;
/*!40101 SET @saved_cs_client     = @@character_set_client */;
/*!40101 SET character_set_client = utf8 */;
CREATE TABLE `jos_virtuemart_invoices` (
  `virtuemart_invoice_id` int(1) unsigned NOT NULL AUTO_INCREMENT,
  `virtuemart_vendor_id` smallint(1) unsigned NOT NULL DEFAULT '1',
  `virtuemart_order_id` int(1) unsigned DEFAULT NULL,
  `invoice_number` char(64) DEFAULT NULL,
  `order_status` char(2) DEFAULT NULL,
  `xhtml` text,
  `created_on` datetime NOT NULL DEFAULT '0000-00-00 00:00:00',
  `created_by` int(11) NOT NULL DEFAULT '0',
  `modified_on` datetime NOT NULL DEFAULT '0000-00-00 00:00:00',
  `modified_by` int(11) NOT NULL DEFAULT '0',
  `locked_on` datetime NOT NULL DEFAULT '0000-00-00 00:00:00',
  `locked_by` int(11) NOT NULL DEFAULT '0',
  PRIMARY KEY (`virtuemart_invoice_id`),
  UNIQUE KEY `idx_invoice_number` (`invoice_number`,`virtuemart_vendor_id`),
  KEY `idx_virtuemart_order_id` (`virtuemart_order_id`),
  KEY `idx_virtuemart_vendor_id` (`virtuemart_vendor_id`)
) ENGINE=MyISAM AUTO_INCREMENT=15 DEFAULT CHARSET=utf8 COMMENT='custom fields definition';
/*!40101 SET character_set_client = @saved_cs_client */;

--
-- Dumping data for table `jos_virtuemart_invoices`
--

LOCK TABLES `jos_virtuemart_invoices` WRITE;
/*!40000 ALTER TABLE `jos_virtuemart_invoices` DISABLE KEYS */;
INSERT INTO `jos_virtuemart_invoices` VALUES (1,1,1,'12030560f01','P','','2012-03-05 15:25:51',42,'2012-03-05 15:25:51',42,'0000-00-00 00:00:00',0),(2,1,3,'120319a4301','P','','2012-03-19 12:48:56',42,'2012-03-19 12:48:56',42,'0000-00-00 00:00:00',0),(3,1,4,'120319b1301','P','','2012-03-19 12:50:02',42,'2012-03-19 12:50:02',42,'0000-00-00 00:00:00',0),(4,1,5,'120330b2501','P','','2012-03-30 12:40:19',42,'2012-03-30 12:40:19',42,'0000-00-00 00:00:00',0),(5,1,6,'12033008a01','P','','2012-03-30 14:22:09',42,'2012-03-30 14:22:09',42,'0000-00-00 00:00:00',0),(6,1,20,'12040309c01','P','','2012-04-03 09:39:27',42,'2012-04-03 09:39:27',42,'0000-00-00 00:00:00',0),(7,1,21,'120409d3e01','P','','2012-04-09 13:50:35',42,'2012-04-09 13:50:35',42,'0000-00-00 00:00:00',0),(8,1,22,'1209148c901','P','','2012-09-14 17:19:04',42,'2012-09-14 17:19:04',42,'0000-00-00 00:00:00',0),(9,1,23,'120914ad401','P','','2012-09-14 17:23:55',42,'2012-09-14 17:23:55',42,'0000-00-00 00:00:00',0),(10,1,24,'1209144c101','P','','2012-09-14 17:24:53',42,'2012-09-14 17:24:53',42,'0000-00-00 00:00:00',0),(11,1,25,'12091425e01','P','','2012-09-14 17:28:41',42,'2012-09-14 17:28:41',42,'0000-00-00 00:00:00',0),(12,1,26,'1209147cb01','P','','2012-09-14 17:32:42',42,'2012-09-14 17:32:42',42,'0000-00-00 00:00:00',0),(13,1,27,'1209141ab01','P','','2012-09-14 17:37:18',42,'2012-09-14 17:37:18',42,'0000-00-00 00:00:00',0),(14,1,28,'120914a9f01','P','','2012-09-14 17:48:45',42,'2012-09-14 17:48:45',42,'0000-00-00 00:00:00',0);
/*!40000 ALTER TABLE `jos_virtuemart_invoices` ENABLE KEYS */;
UNLOCK TABLES;

--
-- Table structure for table `jos_virtuemart_manufacturer_medias`
--

DROP TABLE IF EXISTS `jos_virtuemart_manufacturer_medias`;
/*!40101 SET @saved_cs_client     = @@character_set_client */;
/*!40101 SET character_set_client = utf8 */;
CREATE TABLE `jos_virtuemart_manufacturer_medias` (
  `id` int(11) unsigned NOT NULL AUTO_INCREMENT,
  `virtuemart_manufacturer_id` smallint(1) unsigned NOT NULL DEFAULT '0',
  `virtuemart_media_id` int(1) unsigned NOT NULL DEFAULT '0',
  `ordering` int(2) NOT NULL DEFAULT '0',
  PRIMARY KEY (`id`),
  UNIQUE KEY `i_virtuemart_category_id` (`virtuemart_manufacturer_id`,`virtuemart_media_id`)
) ENGINE=MyISAM AUTO_INCREMENT=6 DEFAULT CHARSET=utf8;
/*!40101 SET character_set_client = @saved_cs_client */;

--
-- Dumping data for table `jos_virtuemart_manufacturer_medias`
--

LOCK TABLES `jos_virtuemart_manufacturer_medias` WRITE;
/*!40000 ALTER TABLE `jos_virtuemart_manufacturer_medias` DISABLE KEYS */;
INSERT INTO `jos_virtuemart_manufacturer_medias` VALUES (1,1,1,0),(2,2,2,0),(3,3,3,0),(4,4,4,0),(5,5,5,0);
/*!40000 ALTER TABLE `jos_virtuemart_manufacturer_medias` ENABLE KEYS */;
UNLOCK TABLES;

--
-- Table structure for table `jos_virtuemart_manufacturercategories`
--

DROP TABLE IF EXISTS `jos_virtuemart_manufacturercategories`;
/*!40101 SET @saved_cs_client     = @@character_set_client */;
/*!40101 SET character_set_client = utf8 */;
CREATE TABLE `jos_virtuemart_manufacturercategories` (
  `virtuemart_manufacturercategories_id` int(11) unsigned NOT NULL AUTO_INCREMENT,
  `published` tinyint(1) NOT NULL DEFAULT '1',
  `created_on` datetime NOT NULL DEFAULT '0000-00-00 00:00:00',
  `created_by` int(11) NOT NULL DEFAULT '0',
  `modified_on` datetime NOT NULL DEFAULT '0000-00-00 00:00:00',
  `modified_by` int(11) NOT NULL DEFAULT '0',
  `locked_on` datetime NOT NULL DEFAULT '0000-00-00 00:00:00',
  `locked_by` int(11) NOT NULL DEFAULT '0',
  PRIMARY KEY (`virtuemart_manufacturercategories_id`)
) ENGINE=MyISAM AUTO_INCREMENT=2 DEFAULT CHARSET=utf8 COMMENT='Manufacturers are assigned to these categories';
/*!40101 SET character_set_client = @saved_cs_client */;

--
-- Dumping data for table `jos_virtuemart_manufacturercategories`
--

LOCK TABLES `jos_virtuemart_manufacturercategories` WRITE;
/*!40000 ALTER TABLE `jos_virtuemart_manufacturercategories` DISABLE KEYS */;
INSERT INTO `jos_virtuemart_manufacturercategories` VALUES (1,1,'0000-00-00 00:00:00',0,'0000-00-00 00:00:00',0,'0000-00-00 00:00:00',0);
/*!40000 ALTER TABLE `jos_virtuemart_manufacturercategories` ENABLE KEYS */;
UNLOCK TABLES;

--
-- Table structure for table `jos_virtuemart_manufacturercategories_en_gb`
--

DROP TABLE IF EXISTS `jos_virtuemart_manufacturercategories_en_gb`;
/*!40101 SET @saved_cs_client     = @@character_set_client */;
/*!40101 SET character_set_client = utf8 */;
CREATE TABLE `jos_virtuemart_manufacturercategories_en_gb` (
  `virtuemart_manufacturercategories_id` int(1) unsigned NOT NULL AUTO_INCREMENT,
  `mf_category_name` char(180) NOT NULL DEFAULT '',
  `mf_category_desc` varchar(20000) NOT NULL DEFAULT '',
  `slug` char(192) NOT NULL DEFAULT '',
  PRIMARY KEY (`virtuemart_manufacturercategories_id`),
  UNIQUE KEY `slug` (`slug`)
) ENGINE=MyISAM AUTO_INCREMENT=2 DEFAULT CHARSET=utf8;
/*!40101 SET character_set_client = @saved_cs_client */;

--
-- Dumping data for table `jos_virtuemart_manufacturercategories_en_gb`
--

LOCK TABLES `jos_virtuemart_manufacturercategories_en_gb` WRITE;
/*!40000 ALTER TABLE `jos_virtuemart_manufacturercategories_en_gb` DISABLE KEYS */;
INSERT INTO `jos_virtuemart_manufacturercategories_en_gb` VALUES (1,'-default-','This is the default manufacturer category','-default-');
/*!40000 ALTER TABLE `jos_virtuemart_manufacturercategories_en_gb` ENABLE KEYS */;
UNLOCK TABLES;

--
-- Table structure for table `jos_virtuemart_manufacturers`
--

DROP TABLE IF EXISTS `jos_virtuemart_manufacturers`;
/*!40101 SET @saved_cs_client     = @@character_set_client */;
/*!40101 SET character_set_client = utf8 */;
CREATE TABLE `jos_virtuemart_manufacturers` (
  `virtuemart_manufacturer_id` smallint(1) unsigned NOT NULL AUTO_INCREMENT,
  `virtuemart_manufacturercategories_id` int(11) DEFAULT NULL,
  `hits` int(11) unsigned NOT NULL DEFAULT '0',
  `published` tinyint(1) NOT NULL DEFAULT '1',
  `created_on` datetime NOT NULL DEFAULT '0000-00-00 00:00:00',
  `created_by` int(11) NOT NULL DEFAULT '0',
  `modified_on` datetime NOT NULL DEFAULT '0000-00-00 00:00:00',
  `modified_by` int(11) NOT NULL DEFAULT '0',
  `locked_on` datetime NOT NULL DEFAULT '0000-00-00 00:00:00',
  `locked_by` int(11) NOT NULL DEFAULT '0',
  PRIMARY KEY (`virtuemart_manufacturer_id`)
) ENGINE=MyISAM AUTO_INCREMENT=6 DEFAULT CHARSET=utf8 COMMENT='Manufacturers are those who deliver products';
/*!40101 SET character_set_client = @saved_cs_client */;

--
-- Dumping data for table `jos_virtuemart_manufacturers`
--

LOCK TABLES `jos_virtuemart_manufacturers` WRITE;
/*!40000 ALTER TABLE `jos_virtuemart_manufacturers` DISABLE KEYS */;
INSERT INTO `jos_virtuemart_manufacturers` VALUES (1,1,0,1,'0000-00-00 00:00:00',0,'0000-00-00 00:00:00',0,'0000-00-00 00:00:00',0),(2,1,0,1,'0000-00-00 00:00:00',0,'0000-00-00 00:00:00',0,'0000-00-00 00:00:00',0),(3,1,0,1,'0000-00-00 00:00:00',0,'0000-00-00 00:00:00',0,'0000-00-00 00:00:00',0),(4,1,0,1,'0000-00-00 00:00:00',0,'0000-00-00 00:00:00',0,'0000-00-00 00:00:00',0),(5,1,0,1,'0000-00-00 00:00:00',0,'0000-00-00 00:00:00',0,'0000-00-00 00:00:00',0);
/*!40000 ALTER TABLE `jos_virtuemart_manufacturers` ENABLE KEYS */;
UNLOCK TABLES;

--
-- Table structure for table `jos_virtuemart_manufacturers_en_gb`
--

DROP TABLE IF EXISTS `jos_virtuemart_manufacturers_en_gb`;
/*!40101 SET @saved_cs_client     = @@character_set_client */;
/*!40101 SET character_set_client = utf8 */;
CREATE TABLE `jos_virtuemart_manufacturers_en_gb` (
  `virtuemart_manufacturer_id` int(1) unsigned NOT NULL AUTO_INCREMENT,
  `mf_name` char(180) NOT NULL DEFAULT '',
  `mf_email` char(255) NOT NULL DEFAULT '',
  `mf_desc` varchar(20000) NOT NULL DEFAULT '',
  `mf_url` char(255) NOT NULL DEFAULT '',
  `slug` char(192) NOT NULL DEFAULT '',
  PRIMARY KEY (`virtuemart_manufacturer_id`),
  UNIQUE KEY `slug` (`slug`)
) ENGINE=MyISAM AUTO_INCREMENT=6 DEFAULT CHARSET=utf8;
/*!40101 SET character_set_client = @saved_cs_client */;

--
-- Dumping data for table `jos_virtuemart_manufacturers_en_gb`
--

LOCK TABLES `jos_virtuemart_manufacturers_en_gb` WRITE;
/*!40000 ALTER TABLE `jos_virtuemart_manufacturers_en_gb` DISABLE KEYS */;
INSERT INTO `jos_virtuemart_manufacturers_en_gb` VALUES (1,'Manufacturer',' manufacturer@example.org','An example for a manufacturer','http://www.example.org','manufacturer-example-1'),(2,'Brand',' Brand@example.org','An example for a manufacturer','http://www.brand-example.org','brand-example-2'),(3,'Lorem',' Lorem@example.org','An example for a manufacturer','http://www.lorem.org','lorem-example-3'),(4,'Ipsum',' Ipsum@example.org','An example for a manufacturer','http://www.ipsum.org','ipsum-example-4'),(5,'Dolorem',' Dolorem@example.org','An example for a manufacturer','http://www.dolorem.org','dolorem-example-5');
/*!40000 ALTER TABLE `jos_virtuemart_manufacturers_en_gb` ENABLE KEYS */;
UNLOCK TABLES;

--
-- Table structure for table `jos_virtuemart_medias`
--

DROP TABLE IF EXISTS `jos_virtuemart_medias`;
/*!40101 SET @saved_cs_client     = @@character_set_client */;
/*!40101 SET character_set_client = utf8 */;
CREATE TABLE `jos_virtuemart_medias` (
  `virtuemart_media_id` int(11) unsigned NOT NULL AUTO_INCREMENT,
  `virtuemart_vendor_id` smallint(11) NOT NULL DEFAULT '1',
  `file_title` char(126) NOT NULL DEFAULT '',
  `file_description` char(254) NOT NULL DEFAULT '',
  `file_meta` char(254) NOT NULL DEFAULT '',
  `file_mimetype` char(64) NOT NULL DEFAULT '',
  `file_type` char(32) NOT NULL DEFAULT '',
  `file_url` text,
  `file_url_thumb` char(254) NOT NULL DEFAULT '',
  `file_is_product_image` tinyint(1) NOT NULL DEFAULT '0',
  `file_is_downloadable` tinyint(1) NOT NULL DEFAULT '0',
  `file_is_forSale` tinyint(1) NOT NULL DEFAULT '0',
  `file_params` text,
  `ordering` int(11) NOT NULL DEFAULT '0',
  `shared` tinyint(1) NOT NULL DEFAULT '0',
  `published` tinyint(1) NOT NULL DEFAULT '1',
  `created_on` datetime NOT NULL DEFAULT '0000-00-00 00:00:00',
  `created_by` int(11) NOT NULL DEFAULT '0',
  `modified_on` datetime NOT NULL DEFAULT '0000-00-00 00:00:00',
  `modified_by` int(11) NOT NULL DEFAULT '0',
  `locked_on` datetime NOT NULL DEFAULT '0000-00-00 00:00:00',
  `locked_by` int(11) NOT NULL DEFAULT '0',
  PRIMARY KEY (`virtuemart_media_id`),
  KEY `i_virtuemart_vendor_id` (`virtuemart_vendor_id`)
) ENGINE=MyISAM AUTO_INCREMENT=2027 DEFAULT CHARSET=utf8 COMMENT='Additional Images and Files which are assigned to products';
/*!40101 SET character_set_client = @saved_cs_client */;

--
-- Dumping data for table `jos_virtuemart_medias`
--

LOCK TABLES `jos_virtuemart_medias` WRITE;
/*!40000 ALTER TABLE `jos_virtuemart_medias` DISABLE KEYS */;
INSERT INTO `jos_virtuemart_medias` VALUES (1,1,'brand01.png','','','image/png','manufacturer','images/stories/virtuemart/manufacturer/brand01.png','images/stories/virtuemart/manufacturer/resized/brand01_resized.png',1,0,0,'',0,0,1,'2012-01-10 15:32:01',42,'2012-01-10 15:32:01',42,'0000-00-00 00:00:00',0),(2,1,'brand02.png','','','image/png','manufacturer','images/stories/virtuemart/manufacturer/brand02.png','images/stories/virtuemart/manufacturer/resized/brand02_resized.png',1,0,0,'',0,0,1,'2012-01-10 15:32:01',42,'2012-01-10 15:32:01',42,'0000-00-00 00:00:00',0),(3,1,'brand03.png','','','image/png','manufacturer','images/stories/virtuemart/manufacturer/brand03.png','images/stories/virtuemart/manufacturer/resized/brand03_resized.png',1,0,0,'',0,0,1,'2012-01-10 15:32:01',42,'2012-01-10 15:32:01',42,'0000-00-00 00:00:00',0),(4,1,'brand04.png','','','image/png','manufacturer','images/stories/virtuemart/manufacturer/brand04.png','images/stories/virtuemart/manufacturer/resized/brand04_resized.png',1,0,0,'',0,0,1,'2012-01-10 15:32:01',42,'2012-01-10 15:32:01',42,'0000-00-00 00:00:00',0),(5,1,'brand05.png','','','image/png','manufacturer','images/stories/virtuemart/manufacturer/brand05.png','images/stories/virtuemart/manufacturer/resized/brand05_resized.png',1,0,0,'',0,0,1,'2012-01-10 15:32:01',42,'2012-01-10 15:32:01',42,'0000-00-00 00:00:00',0),(99,1,'vendor.gif','','','image/gif','vendor','images/stories/virtuemart/vendor/vendor.gif','images/stories/virtuemart/vendor/resized/vendor_resized.gif',0,0,0,'',0,0,1,'2012-09-14 17:37:00',42,'2012-09-14 17:37:00',42,'0000-00-00 00:00:00',0),(100,1,'product01.png','','','image/png','product','images/stories/virtuemart/product/product01.png','images/stories/virtuemart/product/resized/product01_resized.png',1,0,0,'',0,0,1,'2012-01-10 15:32:01',42,'2012-01-10 15:32:01',42,'0000-00-00 00:00:00',0),(101,1,'product02.png','','','image/png','product','images/stories/virtuemart/product/product02.png','images/stories/virtuemart/product/resized/product02_resized.png',1,0,0,'',0,0,1,'2012-01-10 15:32:01',42,'2012-01-10 15:32:01',42,'0000-00-00 00:00:00',0),(102,1,'product03.png','','','image/png','product','images/stories/virtuemart/product/product03.png','images/stories/virtuemart/product/resized/product03_resized.png',1,0,0,'',0,0,1,'2012-01-10 15:32:01',42,'2012-01-10 15:32:01',42,'0000-00-00 00:00:00',0),(103,1,'product04.png','','','image/png','product','images/stories/virtuemart/product/product04.png','images/stories/virtuemart/product/resized/product04_resized.png',1,0,0,'',0,0,1,'2012-01-10 15:32:01',42,'2012-01-10 15:32:01',42,'0000-00-00 00:00:00',0),(104,1,'product05.png','','','image/png','product','images/stories/virtuemart/product/product05.png','images/stories/virtuemart/product/resized/product05_resized.png',1,0,0,'',0,0,1,'2012-01-10 15:32:01',42,'2012-01-10 15:32:01',42,'0000-00-00 00:00:00',0),(105,1,'product06.png','','','image/png','product','images/stories/virtuemart/product/product06.png','images/stories/virtuemart/product/resized/product06_resized.png',1,0,0,'',0,0,1,'2012-01-10 15:32:01',42,'2012-01-10 15:32:01',42,'0000-00-00 00:00:00',0),(106,1,'product07.png','','','image/png','product','images/stories/virtuemart/product/product07.png','images/stories/virtuemart/product/resized/product07_resized.png',1,0,0,'',0,0,1,'2012-01-10 15:32:01',42,'2012-01-10 15:32:01',42,'0000-00-00 00:00:00',0),(107,1,'product08.png','','','image/png','product','images/stories/virtuemart/product/product08.png','images/stories/virtuemart/product/resized/product08_resized.png',1,0,0,'',0,0,1,'2012-01-10 15:32:01',42,'2012-01-10 15:32:01',42,'0000-00-00 00:00:00',0),(108,1,'product09.png','','','image/png','product','images/stories/virtuemart/product/product09.png','images/stories/virtuemart/product/resized/product09_resized.png',1,0,0,'',0,0,1,'2012-01-10 15:32:01',42,'2012-01-10 15:32:01',42,'0000-00-00 00:00:00',0),(109,1,'product10.png','','','image/png','product','images/stories/virtuemart/product/product10.png','images/stories/virtuemart/product/resized/product10_resized.png',1,0,0,'',0,0,1,'2012-01-10 15:32:01',42,'2012-01-10 15:32:01',42,'0000-00-00 00:00:00',0),(110,1,'product11.png','','','image/png','product','images/stories/virtuemart/product/product11.png','images/stories/virtuemart/product/resized/product11_resized.png',1,0,0,'',0,0,1,'2012-01-10 15:32:01',42,'2012-01-10 15:32:01',42,'0000-00-00 00:00:00',0),(111,1,'product12.png','','','image/png','product','images/stories/virtuemart/product/product12.png','images/stories/virtuemart/product/resized/product12_resized.png',1,0,0,'',0,0,1,'2012-01-10 15:32:01',42,'2012-01-10 15:32:01',42,'0000-00-00 00:00:00',0),(112,1,'product13.png','','','image/png','product','images/stories/virtuemart/product/product13.png','images/stories/virtuemart/product/resized/product13_resized.png',1,0,0,'',0,0,1,'2012-01-10 15:32:01',42,'2012-01-10 15:32:01',42,'0000-00-00 00:00:00',0),(113,1,'product14.png','','','image/png','product','images/stories/virtuemart/product/product14.png','images/stories/virtuemart/product/resized/product14_resized.png',1,0,0,'',0,0,1,'2012-01-10 15:32:01',42,'2012-01-10 15:32:01',42,'0000-00-00 00:00:00',0),(114,1,'product15.png','','','image/png','product','images/stories/virtuemart/product/product15.png','images/stories/virtuemart/product/resized/product15_resized.png',1,0,0,'',0,0,1,'2012-01-10 15:32:01',42,'2012-01-10 15:32:01',42,'0000-00-00 00:00:00',0),(115,1,'product16.png','','','image/png','product','images/stories/virtuemart/product/product16.png','images/stories/virtuemart/product/resized/product16_resized.png',1,0,0,'',0,0,1,'2012-01-10 15:32:01',42,'2012-01-10 15:32:01',42,'0000-00-00 00:00:00',0),(116,1,'product17.png','','','image/png','product','images/stories/virtuemart/product/product17.png','images/stories/virtuemart/product/resized/product17_resized.png',1,0,0,'',0,0,1,'2012-01-10 15:32:01',42,'2012-01-10 15:32:01',42,'0000-00-00 00:00:00',0),(117,1,'product18.png','','','image/png','product','images/stories/virtuemart/product/product18.png','images/stories/virtuemart/product/resized/product18_resized.png',1,0,0,'',0,0,1,'2012-01-10 15:32:01',42,'2012-01-10 15:32:01',42,'0000-00-00 00:00:00',0),(118,1,'product19.png','','','image/png','product','images/stories/virtuemart/product/product19.png','images/stories/virtuemart/product/resized/product19_resized.png',1,0,0,'',0,0,1,'2012-01-10 15:32:01',42,'2012-01-10 15:32:01',42,'0000-00-00 00:00:00',0),(119,1,'product20.png','','','image/png','product','images/stories/virtuemart/product/product20.png','images/stories/virtuemart/product/resized/product20_resized.png',1,0,0,'',0,0,1,'2012-01-10 15:32:01',42,'2012-01-10 15:32:01',42,'0000-00-00 00:00:00',0),(120,1,'product21.png','','','image/png','product','images/stories/virtuemart/product/product21.png','images/stories/virtuemart/product/resized/product21_resized.png',1,0,0,'',0,0,1,'2012-01-10 15:32:01',42,'2012-01-10 15:32:01',42,'0000-00-00 00:00:00',0),(121,1,'product22.png','','','image/png','product','images/stories/virtuemart/product/product22.png','images/stories/virtuemart/product/resized/product22_resized.png',1,0,0,'',0,0,1,'2012-01-10 15:32:01',42,'2012-01-10 15:32:01',42,'0000-00-00 00:00:00',0),(122,1,'product23.png','','','image/png','product','images/stories/virtuemart/product/product23.png','images/stories/virtuemart/product/resized/product23_resized.png',1,0,0,'',0,0,1,'2012-01-10 15:32:01',42,'2012-01-10 15:32:01',42,'0000-00-00 00:00:00',0),(123,1,'product24.png','','','image/png','product','images/stories/virtuemart/product/product24.png','images/stories/virtuemart/product/resized/product24_resized.png',1,0,0,'',0,0,1,'2012-01-10 15:32:01',42,'2012-01-10 15:32:01',42,'0000-00-00 00:00:00',0),(124,1,'product25.png','','','image/png','product','images/stories/virtuemart/product/product25.png','images/stories/virtuemart/product/resized/product25_resized.png',1,0,0,'',0,0,1,'2012-01-10 15:32:01',42,'2012-01-10 15:32:01',42,'0000-00-00 00:00:00',0),(125,1,'product26.png','','','image/png','product','images/stories/virtuemart/product/product26.png','images/stories/virtuemart/product/resized/product26_resized.png',1,0,0,'',0,0,1,'2012-01-10 15:32:01',42,'2012-01-10 15:32:01',42,'0000-00-00 00:00:00',0),(126,1,'product27.png','','','image/png','product','images/stories/virtuemart/product/product27.png','images/stories/virtuemart/product/resized/product27_resized.png',1,0,0,'',0,0,1,'2012-01-10 15:32:01',42,'2012-01-10 15:32:01',42,'0000-00-00 00:00:00',0),(127,1,'product28.png','','','image/png','product','images/stories/virtuemart/product/product28.png','images/stories/virtuemart/product/resized/product28_resized.png',1,0,0,'',0,0,1,'2012-01-10 15:32:01',42,'2012-01-10 15:32:01',42,'0000-00-00 00:00:00',0),(128,1,'product29.png','','','image/png','product','images/stories/virtuemart/product/product29.png','images/stories/virtuemart/product/resized/product29_resized.png',1,0,0,'',0,0,1,'2012-01-10 15:32:01',42,'2012-01-10 15:32:01',42,'0000-00-00 00:00:00',0),(129,1,'product30.png','','','image/png','product','images/stories/virtuemart/product/product30.png','images/stories/virtuemart/product/resized/product30_resized.png',1,0,0,'',0,0,1,'2012-01-10 15:32:01',42,'2012-01-10 15:32:01',42,'0000-00-00 00:00:00',0),(130,1,'product31.png','','','image/png','product','images/stories/virtuemart/product/product31.png','images/stories/virtuemart/product/resized/product31_resized.png',1,0,0,'',0,0,1,'2012-01-10 15:32:01',42,'2012-01-10 15:32:01',42,'0000-00-00 00:00:00',0),(131,1,'product32.png','','','image/png','product','images/stories/virtuemart/product/product32.png','images/stories/virtuemart/product/resized/product32_resized.png',1,0,0,'',0,0,1,'2012-01-10 15:32:01',42,'2012-01-10 15:32:01',42,'0000-00-00 00:00:00',0),(132,1,'product33.png','','','image/png','product','images/stories/virtuemart/product/product33.png','images/stories/virtuemart/product/resized/product33_resized.png',1,0,0,'',0,0,1,'2012-01-10 15:32:01',42,'2012-01-10 15:32:01',42,'0000-00-00 00:00:00',0),(133,1,'product34.png','','','image/png','product','images/stories/virtuemart/product/product34.png','images/stories/virtuemart/product/resized/product34_resized.png',1,0,0,'',0,0,1,'2012-01-10 15:32:01',42,'2012-01-10 15:32:01',42,'0000-00-00 00:00:00',0),(134,1,'product35.png','','','image/png','product','images/stories/virtuemart/product/product35.png','images/stories/virtuemart/product/resized/product35_resized.png',1,0,0,'',0,0,1,'2012-01-10 15:32:01',42,'2012-01-10 15:32:01',42,'0000-00-00 00:00:00',0),(135,1,'product36.png','','','image/png','product','images/stories/virtuemart/product/product36.png','images/stories/virtuemart/product/resized/product36_resized.png',1,0,0,'',0,0,1,'2012-01-10 15:32:01',42,'2012-01-10 15:32:01',42,'0000-00-00 00:00:00',0),(136,1,'product37.png','','','image/png','product','images/stories/virtuemart/product/product37.png','images/stories/virtuemart/product/resized/product37_resized.png',1,0,0,'',0,0,1,'2012-01-10 15:32:01',42,'2012-01-10 15:32:01',42,'0000-00-00 00:00:00',0),(137,1,'product38.png','','','image/png','product','images/stories/virtuemart/product/product38.png','images/stories/virtuemart/product/resized/product38_resized.png',1,0,0,'',0,0,1,'2012-01-10 15:32:01',42,'2012-01-10 15:32:01',42,'0000-00-00 00:00:00',0),(138,1,'product39.png','','','image/png','product','images/stories/virtuemart/product/product39.png','images/stories/virtuemart/product/resized/product39_resized.png',1,0,0,'',0,0,1,'2012-01-10 15:32:01',42,'2012-01-10 15:32:01',42,'0000-00-00 00:00:00',0),(139,1,'product40.png','','','image/png','product','images/stories/virtuemart/product/product40.png','images/stories/virtuemart/product/resized/product40_resized.png',1,0,0,'',0,0,1,'2012-01-10 15:32:01',42,'2012-01-10 15:32:01',42,'0000-00-00 00:00:00',0),(140,1,'product41.png','','','image/png','product','images/stories/virtuemart/product/product41.png','images/stories/virtuemart/product/resized/product41_resized.png',1,0,0,'',0,0,1,'2012-01-10 15:32:01',42,'2012-01-10 15:32:01',42,'0000-00-00 00:00:00',0),(141,1,'product42.png','','','image/png','product','images/stories/virtuemart/product/product42.png','images/stories/virtuemart/product/resized/product42_resized.png',1,0,0,'',0,0,1,'2012-01-10 15:32:01',42,'2012-01-10 15:32:01',42,'0000-00-00 00:00:00',0),(142,1,'product43.png','','','image/png','product','images/stories/virtuemart/product/product43.png','images/stories/virtuemart/product/resized/product43_resized.png',1,0,0,'',0,0,1,'2012-01-10 15:32:01',42,'2012-01-10 15:32:01',42,'0000-00-00 00:00:00',0),(143,1,'product44.png','','','image/png','product','images/stories/virtuemart/product/product44.png','images/stories/virtuemart/product/resized/product44_resized.png',1,0,0,'',0,0,1,'2012-01-10 15:32:01',42,'2012-01-10 15:32:01',42,'0000-00-00 00:00:00',0),(144,1,'product45.png','','','image/png','product','images/stories/virtuemart/product/product45.png','images/stories/virtuemart/product/resized/product45_resized.png',1,0,0,'',0,0,1,'2012-01-10 15:32:01',42,'2012-01-10 15:32:01',42,'0000-00-00 00:00:00',0),(145,1,'product46.png','','','image/png','product','images/stories/virtuemart/product/product46.png','images/stories/virtuemart/product/resized/product46_resized.png',1,0,0,'',0,0,1,'2012-01-10 15:32:01',42,'2012-01-10 15:32:01',42,'0000-00-00 00:00:00',0),(146,1,'product47.png','','','image/png','product','images/stories/virtuemart/product/product47.png','images/stories/virtuemart/product/resized/product47_resized.png',1,0,0,'',0,0,1,'2012-01-10 15:32:01',42,'2012-01-10 15:32:01',42,'0000-00-00 00:00:00',0),(147,1,'product48.png','','','image/png','product','images/stories/virtuemart/product/product48.png','images/stories/virtuemart/product/resized/product48_resized.png',1,0,0,'',0,0,1,'2012-01-10 15:32:01',42,'2012-01-10 15:32:01',42,'0000-00-00 00:00:00',0),(148,1,'product49.png','','','image/png','product','images/stories/virtuemart/product/product49.png','images/stories/virtuemart/product/resized/product49_resized.png',1,0,0,'',0,0,1,'2012-01-10 15:32:01',42,'2012-01-10 15:32:01',42,'0000-00-00 00:00:00',0),(149,1,'product50.png','','','image/png','product','images/stories/virtuemart/product/product50.png','images/stories/virtuemart/product/resized/product50_resized.png',1,0,0,'',0,0,1,'2012-01-10 15:32:01',42,'2012-01-10 15:32:01',42,'0000-00-00 00:00:00',0),(150,1,'product51.png','','','image/png','product','images/stories/virtuemart/product/product51.png','images/stories/virtuemart/product/resized/product51_resized.png',1,0,0,'',0,0,1,'2012-01-10 15:32:01',42,'2012-01-10 15:32:01',42,'0000-00-00 00:00:00',0),(151,1,'product52.png','','','image/png','product','images/stories/virtuemart/product/product52.png','images/stories/virtuemart/product/resized/product52_resized.png',1,0,0,'',0,0,1,'2012-01-10 15:32:01',42,'2012-01-10 15:32:01',42,'0000-00-00 00:00:00',0),(152,1,'product53.png','','','image/png','product','images/stories/virtuemart/product/product53.png','images/stories/virtuemart/product/resized/product53_resized.png',1,0,0,'',0,0,1,'2012-01-10 15:32:01',42,'2012-01-10 15:32:01',42,'0000-00-00 00:00:00',0),(153,1,'product54.png','','','image/png','product','images/stories/virtuemart/product/product54.png','images/stories/virtuemart/product/resized/product54_resized.png',1,0,0,'',0,0,1,'2012-01-10 15:32:01',42,'2012-01-10 15:32:01',42,'0000-00-00 00:00:00',0),(154,1,'product55.png','','','image/png','product','images/stories/virtuemart/product/product55.png','images/stories/virtuemart/product/resized/product55_resized.png',1,0,0,'',0,0,1,'2012-01-10 15:32:01',42,'2012-01-10 15:32:01',42,'0000-00-00 00:00:00',0),(155,1,'product56.png','','','image/png','product','images/stories/virtuemart/product/product56.png','images/stories/virtuemart/product/resized/product56_resized.png',1,0,0,'',0,0,1,'2012-01-10 15:32:01',42,'2012-01-10 15:32:01',42,'0000-00-00 00:00:00',0),(156,1,'product57.png','','','image/png','product','images/stories/virtuemart/product/product57.png','images/stories/virtuemart/product/resized/product57_resized.png',1,0,0,'',0,0,1,'2012-01-10 15:32:01',42,'2012-01-10 15:32:01',42,'0000-00-00 00:00:00',0),(157,1,'product58.png','','','image/png','product','images/stories/virtuemart/product/product58.png','images/stories/virtuemart/product/resized/product58_resized.png',1,0,0,'',0,0,1,'2012-01-10 15:32:01',42,'2012-01-10 15:32:01',42,'0000-00-00 00:00:00',0),(158,1,'product59.png','','','image/png','product','images/stories/virtuemart/product/product59.png','images/stories/virtuemart/product/resized/product59_resized.png',1,0,0,'',0,0,1,'2012-01-10 15:32:01',42,'2012-01-10 15:32:01',42,'0000-00-00 00:00:00',0),(159,1,'product60.png','','','image/png','product','images/stories/virtuemart/product/product60.png','images/stories/virtuemart/product/resized/product60_resized.png',1,0,0,'',0,0,1,'2012-01-10 15:32:01',42,'2012-01-10 15:32:01',42,'0000-00-00 00:00:00',0),(160,1,'product61.png','','','image/png','product','images/stories/virtuemart/product/product61.png','images/stories/virtuemart/product/resized/product61_resized.png',1,0,0,'',0,0,1,'2012-01-10 15:32:01',42,'2012-01-10 15:32:01',42,'0000-00-00 00:00:00',0),(161,1,'product62.png','','','image/png','product','images/stories/virtuemart/product/product62.png','images/stories/virtuemart/product/resized/product62_resized.png',1,0,0,'',0,0,1,'2012-01-10 15:32:01',42,'2012-01-10 15:32:01',42,'0000-00-00 00:00:00',0),(162,1,'product63.png','','','image/png','product','images/stories/virtuemart/product/product63.png','images/stories/virtuemart/product/resized/product63_resized.png',1,0,0,'',0,0,1,'2012-01-10 15:32:01',42,'2012-01-10 15:32:01',42,'0000-00-00 00:00:00',0),(163,1,'product64.png','','','image/png','product','images/stories/virtuemart/product/product64.png','images/stories/virtuemart/product/resized/product64_resized.png',1,0,0,'',0,0,1,'2012-01-10 15:32:01',42,'2012-01-10 15:32:01',42,'0000-00-00 00:00:00',0),(164,1,'product65.png','','','image/png','product','images/stories/virtuemart/product/product65.png','images/stories/virtuemart/product/resized/product65_resized.png',1,0,0,'',0,0,1,'2012-01-10 15:32:01',42,'2012-01-10 15:32:01',42,'0000-00-00 00:00:00',0),(165,1,'product66.png','','','image/png','product','images/stories/virtuemart/product/product66.png','images/stories/virtuemart/product/resized/product66_resized.png',1,0,0,'',0,0,1,'2012-01-10 15:32:01',42,'2012-01-10 15:32:01',42,'0000-00-00 00:00:00',0),(166,1,'product67.png','','','image/png','product','images/stories/virtuemart/product/product67.png','images/stories/virtuemart/product/resized/product67_resized.png',1,0,0,'',0,0,1,'2012-01-10 15:32:01',42,'2012-01-10 15:32:01',42,'0000-00-00 00:00:00',0),(167,1,'product68.png','','','image/png','product','images/stories/virtuemart/product/product68.png','images/stories/virtuemart/product/resized/product68_resized.png',1,0,0,'',0,0,1,'2012-01-10 15:32:01',42,'2012-01-10 15:32:01',42,'0000-00-00 00:00:00',0),(168,1,'product69.png','','','image/png','product','images/stories/virtuemart/product/product69.png','images/stories/virtuemart/product/resized/product69_resized.png',1,0,0,'',0,0,1,'2012-01-10 15:32:01',42,'2012-01-10 15:32:01',42,'0000-00-00 00:00:00',0),(169,1,'product70.png','','','image/png','product','images/stories/virtuemart/product/product70.png','images/stories/virtuemart/product/resized/product70_resized.png',1,0,0,'',0,0,1,'2012-01-10 15:32:01',42,'2012-01-10 15:32:01',42,'0000-00-00 00:00:00',0),(170,1,'product71.png','','','image/png','product','images/stories/virtuemart/product/product71.png','images/stories/virtuemart/product/resized/product71_resized.png',1,0,0,'',0,0,1,'2012-01-10 15:32:01',42,'2012-01-10 15:32:01',42,'0000-00-00 00:00:00',0),(171,1,'product72.png','','','image/png','product','images/stories/virtuemart/product/product72.png','images/stories/virtuemart/product/resized/product72_resized.png',1,0,0,'',0,0,1,'2012-01-10 15:32:01',42,'2012-01-10 15:32:01',42,'0000-00-00 00:00:00',0),(172,1,'product73.png','','','image/png','product','images/stories/virtuemart/product/product73.png','images/stories/virtuemart/product/resized/product73_resized.png',0,0,0,'',0,0,1,'2012-03-31 11:12:34',42,'2012-03-31 11:12:34',42,'0000-00-00 00:00:00',0),(173,1,'product74.png','','','image/png','product','images/stories/virtuemart/product/product74.png','images/stories/virtuemart/product/resized/product74_resized.png',0,0,0,'',0,0,1,'2012-03-31 11:12:53',42,'2012-03-31 11:12:53',42,'0000-00-00 00:00:00',0),(174,1,'product75.png','','','image/png','product','images/stories/virtuemart/product/product75.png','images/stories/virtuemart/product/resized/product75_resized.png',0,0,0,'',0,0,1,'2012-03-31 11:13:35',42,'2012-03-31 11:13:35',42,'0000-00-00 00:00:00',0),(175,1,'product76.png','','','image/png','product','images/stories/virtuemart/product/product76.png','images/stories/virtuemart/product/resized/product76_resized.png',0,0,0,'',0,0,1,'2012-03-31 11:13:06',42,'2012-03-31 11:13:06',42,'0000-00-00 00:00:00',0),(176,1,'product77.png','','','image/png','product','images/stories/virtuemart/product/product77.png','images/stories/virtuemart/product/resized/product77_resized.png',0,0,0,'',0,0,1,'2012-03-31 11:12:59',42,'2012-03-31 11:12:59',42,'0000-00-00 00:00:00',0),(177,1,'product78.png','','','image/png','product','images/stories/virtuemart/product/product78.png','images/stories/virtuemart/product/resized/product78_resized.png',0,0,0,'',0,0,1,'2012-03-31 11:15:33',42,'2012-03-31 11:15:33',42,'0000-00-00 00:00:00',0),(178,1,'product79.png','','','image/png','product','images/stories/virtuemart/product/product79.png','images/stories/virtuemart/product/resized/product79_resized.png',0,0,0,'',0,0,1,'2012-03-31 11:13:18',42,'2012-03-31 11:13:18',42,'0000-00-00 00:00:00',0),(179,1,'product80.png','','','image/png','product','images/stories/virtuemart/product/product80.png','images/stories/virtuemart/product/resized/product80_resized.png',0,0,0,'',0,0,1,'2012-03-31 11:13:12',42,'2012-03-31 11:13:12',42,'0000-00-00 00:00:00',0),(1000,1,'product02_thumb01.png','','','image/png','product','images/stories/virtuemart/product/thumb_01/product02_thumb01.png','images/stories/virtuemart/product/resized/thumb_01/product02_thumb01_resized.png',1,0,0,'',0,0,1,'2012-01-10 15:32:01',42,'2012-01-10 15:32:01',42,'0000-00-00 00:00:00',0),(1001,1,'product02_thumb02.png','','','image/png','product','images/stories/virtuemart/product/thumb_02/product02_thumb02.png','images/stories/virtuemart/product/resized/thumb_02/product02_thumb02_resized.png',1,0,0,'',0,0,1,'2012-01-10 15:32:01',42,'2012-01-10 15:32:01',42,'0000-00-00 00:00:00',0),(1002,1,'product03_thumb01.png','','','image/png','product','images/stories/virtuemart/product/thumb_01/product03_thumb01.png','images/stories/virtuemart/product/resized/thumb_01/product03_thumb01_resized.png',1,0,0,'',0,0,1,'2012-01-10 15:32:01',42,'2012-01-10 15:32:01',42,'0000-00-00 00:00:00',0),(1003,1,'product03_thumb02.png','','','image/png','product','images/stories/virtuemart/product/thumb_02/product03_thumb02.png','images/stories/virtuemart/product/resized/thumb_02/product03_thumb02_resized.png',1,0,0,'',0,0,1,'2012-01-10 15:32:01',42,'2012-01-10 15:32:01',42,'0000-00-00 00:00:00',0),(1004,1,'product04_thumb01.png','','','image/png','product','images/stories/virtuemart/product/thumb_01/product04_thumb01.png','images/stories/virtuemart/product/resized/thumb_01/product04_thumb01_resized.png',1,0,0,'',0,0,1,'2012-01-10 15:32:01',42,'2012-01-10 15:32:01',42,'0000-00-00 00:00:00',0),(1005,1,'product04_thumb02.png','','','image/png','product','images/stories/virtuemart/product/thumb_02/product04_thumb02.png','images/stories/virtuemart/product/resized/thumb_02/product04_thumb02_resized.png',1,0,0,'',0,0,1,'2012-01-10 15:32:01',42,'2012-01-10 15:32:01',42,'0000-00-00 00:00:00',0),(1006,1,'product05_thumb01.png','','','image/png','product','images/stories/virtuemart/product/thumb_01/product05_thumb01.png','images/stories/virtuemart/product/resized/thumb_01/product05_thumb01_resized.png',1,0,0,'',0,0,1,'2012-01-10 15:32:01',42,'2012-01-10 15:32:01',42,'0000-00-00 00:00:00',0),(1007,1,'product05_thumb02.png','','','image/png','product','images/stories/virtuemart/product/thumb_02/product05_thumb02.png','images/stories/virtuemart/product/resized/thumb_02/product05_thumb02_resized.png',1,0,0,'',0,0,1,'2012-01-10 15:32:01',42,'2012-01-10 15:32:01',42,'0000-00-00 00:00:00',0),(1008,1,'product06_thumb01.png','','','image/png','product','images/stories/virtuemart/product/thumb_01/product06_thumb01.png','images/stories/virtuemart/product/resized/thumb_01/product06_thumb01_resized.png',1,0,0,'',0,0,1,'2012-01-10 15:32:01',42,'2012-01-10 15:32:01',42,'0000-00-00 00:00:00',0),(1009,1,'product06_thumb02.png','','','image/png','product','images/stories/virtuemart/product/thumb_02/product06_thumb02.png','images/stories/virtuemart/product/resized/thumb_02/product06_thumb02_resized.png',1,0,0,'',0,0,1,'2012-01-10 15:32:01',42,'2012-01-10 15:32:01',42,'0000-00-00 00:00:00',0),(1010,1,'product07_thumb01.png','','','image/png','product','images/stories/virtuemart/product/thumb_01/product07_thumb01.png','images/stories/virtuemart/product/resized/thumb_01/product07_thumb01_resized.png',1,0,0,'',0,0,1,'2012-01-10 15:32:01',42,'2012-01-10 15:32:01',42,'0000-00-00 00:00:00',0),(1011,1,'product07_thumb02.png','','','image/png','product','images/stories/virtuemart/product/thumb_02/product07_thumb02.png','images/stories/virtuemart/product/resized/thumb_02/product07_thumb02_resized.png',1,0,0,'',0,0,1,'2012-01-10 15:32:01',42,'2012-01-10 15:32:01',42,'0000-00-00 00:00:00',0),(1012,1,'product08_thumb01.png','','','image/png','product','images/stories/virtuemart/product/thumb_01/product08_thumb01.png','images/stories/virtuemart/product/resized/thumb_01/product08_thumb01_resized.png',1,0,0,'',0,0,1,'2012-01-10 15:32:01',42,'2012-01-10 15:32:01',42,'0000-00-00 00:00:00',0),(1013,1,'product08_thumb02.png','','','image/png','product','images/stories/virtuemart/product/thumb_02/product08_thumb02.png','images/stories/virtuemart/product/resized/thumb_02/product08_thumb02_resized.png',1,0,0,'',0,0,1,'2012-01-10 15:32:01',42,'2012-01-10 15:32:01',42,'0000-00-00 00:00:00',0),(1014,1,'product09_thumb01.png','','','image/png','product','images/stories/virtuemart/product/thumb_01/product09_thumb01.png','images/stories/virtuemart/product/resized/thumb_01/product09_thumb01_resized.png',1,0,0,'',0,0,1,'2012-01-10 15:32:01',42,'2012-01-10 15:32:01',42,'0000-00-00 00:00:00',0),(1015,1,'product09_thumb02.png','','','image/png','product','images/stories/virtuemart/product/thumb_02/product09_thumb02.png','images/stories/virtuemart/product/resized/thumb_02/product09_thumb02_resized.png',1,0,0,'',0,0,1,'2012-01-10 15:32:01',42,'2012-01-10 15:32:01',42,'0000-00-00 00:00:00',0),(1016,1,'product10_thumb01.png','','','image/png','product','images/stories/virtuemart/product/thumb_01/product10_thumb01.png','images/stories/virtuemart/product/resized/thumb_01/product10_thumb01_resized.png',1,0,0,'',0,0,1,'2012-01-10 15:32:01',42,'2012-01-10 15:32:01',42,'0000-00-00 00:00:00',0),(1017,1,'product10_thumb02.png','','','image/png','product','images/stories/virtuemart/product/thumb_02/product10_thumb02.png','images/stories/virtuemart/product/resized/thumb_02/product10_thumb02_resized.png',1,0,0,'',0,0,1,'2012-01-10 15:32:01',42,'2012-01-10 15:32:01',42,'0000-00-00 00:00:00',0),(1018,1,'product11_thumb01.png','','','image/png','product','images/stories/virtuemart/product/thumb_01/product11_thumb01.png','images/stories/virtuemart/product/resized/thumb_01/product11_thumb01_resized.png',1,0,0,'',0,0,1,'2012-01-10 15:32:01',42,'2012-01-10 15:32:01',42,'0000-00-00 00:00:00',0),(1019,1,'product11_thumb02.png','','','image/png','product','images/stories/virtuemart/product/thumb_02/product11_thumb02.png','images/stories/virtuemart/product/resized/thumb_02/product11_thumb02_resized.png',1,0,0,'',0,0,1,'2012-01-10 15:32:01',42,'2012-01-10 15:32:01',42,'0000-00-00 00:00:00',0),(1020,1,'product12_thumb01.png','','','image/png','product','images/stories/virtuemart/product/thumb_01/product12_thumb01.png','images/stories/virtuemart/product/resized/thumb_01/product12_thumb01_resized.png',1,0,0,'',0,0,1,'2012-01-10 15:32:01',42,'2012-01-10 15:32:01',42,'0000-00-00 00:00:00',0),(1021,1,'product12_thumb02.png','','','image/png','product','images/stories/virtuemart/product/thumb_02/product12_thumb02.png','images/stories/virtuemart/product/resized/thumb_02/product12_thumb02_resized.png',1,0,0,'',0,0,1,'2012-01-10 15:32:01',42,'2012-01-10 15:32:01',42,'0000-00-00 00:00:00',0),(1022,1,'product13_thumb01.png','','','image/png','product','images/stories/virtuemart/product/thumb_01/product13_thumb01.png','images/stories/virtuemart/product/resized/thumb_01/product13_thumb01_resized.png',1,0,0,'',0,0,1,'2012-01-10 15:32:01',42,'2012-01-10 15:32:01',42,'0000-00-00 00:00:00',0),(1023,1,'product13_thumb02.png','','','image/png','product','images/stories/virtuemart/product/thumb_02/product13_thumb02.png','images/stories/virtuemart/product/resized/thumb_02/product13_thumb02_resized.png',1,0,0,'',0,0,1,'2012-01-10 15:32:01',42,'2012-01-10 15:32:01',42,'0000-00-00 00:00:00',0),(1024,1,'product14_thumb01.png','','','image/png','product','images/stories/virtuemart/product/thumb_01/product14_thumb01.png','images/stories/virtuemart/product/resized/thumb_01/product14_thumb01_resized.png',1,0,0,'',0,0,1,'2012-01-10 15:32:01',42,'2012-01-10 15:32:01',42,'0000-00-00 00:00:00',0),(1025,1,'product14_thumb02.png','','','image/png','product','images/stories/virtuemart/product/thumb_02/product14_thumb02.png','images/stories/virtuemart/product/resized/thumb_02/product14_thumb02_resized.png',1,0,0,'',0,0,1,'2012-01-10 15:32:01',42,'2012-01-10 15:32:01',42,'0000-00-00 00:00:00',0),(1026,1,'product15_thumb01.png','','','image/png','product','images/stories/virtuemart/product/thumb_01/product15_thumb01.png','images/stories/virtuemart/product/resized/thumb_01/product15_thumb01_resized.png',1,0,0,'',0,0,1,'2012-01-10 15:32:01',42,'2012-01-10 15:32:01',42,'0000-00-00 00:00:00',0),(1027,1,'product15_thumb02.png','','','image/png','product','images/stories/virtuemart/product/thumb_02/product15_thumb02.png','images/stories/virtuemart/product/resized/thumb_02/product15_thumb02_resized.png',1,0,0,'',0,0,1,'2012-01-10 15:32:01',42,'2012-01-10 15:32:01',42,'0000-00-00 00:00:00',0),(1028,1,'product16_thumb01.png','','','image/png','product','images/stories/virtuemart/product/thumb_01/product16_thumb01.png','images/stories/virtuemart/product/resized/thumb_01/product16_thumb01_resized.png',1,0,0,'',0,0,1,'2012-01-10 15:32:01',42,'2012-01-10 15:32:01',42,'0000-00-00 00:00:00',0),(1029,1,'product16_thumb02.png','','','image/png','product','images/stories/virtuemart/product/thumb_02/product16_thumb02.png','images/stories/virtuemart/product/resized/thumb_02/product16_thumb02_resized.png',1,0,0,'',0,0,1,'2012-01-10 15:32:01',42,'2012-01-10 15:32:01',42,'0000-00-00 00:00:00',0),(1030,1,'product17_thumb01.png','','','image/png','product','images/stories/virtuemart/product/thumb_01/product17_thumb01.png','images/stories/virtuemart/product/resized/thumb_01/product17_thumb01_resized.png',1,0,0,'',0,0,1,'2012-01-10 15:32:01',42,'2012-01-10 15:32:01',42,'0000-00-00 00:00:00',0),(1031,1,'product17_thumb02.png','','','image/png','product','images/stories/virtuemart/product/thumb_02/product17_thumb02.png','images/stories/virtuemart/product/resized/thumb_02/product17_thumb02_resized.png',1,0,0,'',0,0,1,'2012-01-10 15:32:01',42,'2012-01-10 15:32:01',42,'0000-00-00 00:00:00',0),(1032,1,'product18_thumb01.png','','','image/png','product','images/stories/virtuemart/product/thumb_01/product18_thumb01.png','images/stories/virtuemart/product/resized/thumb_01/product18_thumb01_resized.png',1,0,0,'',0,0,1,'2012-01-10 15:32:01',42,'2012-01-10 15:32:01',42,'0000-00-00 00:00:00',0),(1033,1,'product18_thumb02.png','','','image/png','product','images/stories/virtuemart/product/thumb_02/product18_thumb02.png','images/stories/virtuemart/product/resized/thumb_02/product18_thumb02_resized.png',1,0,0,'',0,0,1,'2012-01-10 15:32:01',42,'2012-01-10 15:32:01',42,'0000-00-00 00:00:00',0),(1034,1,'product19_thumb01.png','','','image/png','product','images/stories/virtuemart/product/thumb_01/product19_thumb01.png','images/stories/virtuemart/product/resized/thumb_01/product19_thumb01_resized.png',1,0,0,'',0,0,1,'2012-01-10 15:32:01',42,'2012-01-10 15:32:01',42,'0000-00-00 00:00:00',0),(1035,1,'product19_thumb02.png','','','image/png','product','images/stories/virtuemart/product/thumb_02/product19_thumb02.png','images/stories/virtuemart/product/resized/thumb_02/product19_thumb02_resized.png',1,0,0,'',0,0,1,'2012-01-10 15:32:01',42,'2012-01-10 15:32:01',42,'0000-00-00 00:00:00',0),(1036,1,'product20_thumb01.png','','','image/png','product','images/stories/virtuemart/product/thumb_01/product20_thumb01.png','images/stories/virtuemart/product/resized/thumb_01/product20_thumb01_resized.png',1,0,0,'',0,0,1,'2012-01-10 15:32:01',42,'2012-01-10 15:32:01',42,'0000-00-00 00:00:00',0),(1037,1,'product20_thumb02.png','','','image/png','product','images/stories/virtuemart/product/thumb_02/product20_thumb02.png','images/stories/virtuemart/product/resized/thumb_02/product20_thumb02_resized.png',1,0,0,'',0,0,1,'2012-01-10 15:32:01',42,'2012-01-10 15:32:01',42,'0000-00-00 00:00:00',0),(1038,1,'product21_thumb01.png','','','image/png','product','images/stories/virtuemart/product/thumb_01/product21_thumb01.png','images/stories/virtuemart/product/resized/thumb_01/product21_thumb01_resized.png',1,0,0,'',0,0,1,'2012-01-10 15:32:01',42,'2012-01-10 15:32:01',42,'0000-00-00 00:00:00',0),(1039,1,'product21_thumb02.png','','','image/png','product','images/stories/virtuemart/product/thumb_02/product21_thumb02.png','images/stories/virtuemart/product/resized/thumb_02/product21_thumb02_resized.png',1,0,0,'',0,0,1,'2012-01-10 15:32:01',42,'2012-01-10 15:32:01',42,'0000-00-00 00:00:00',0),(1040,1,'product22_thumb01.png','','','image/png','product','images/stories/virtuemart/product/thumb_01/product22_thumb01.png','images/stories/virtuemart/product/resized/thumb_01/product22_thumb01_resized.png',1,0,0,'',0,0,1,'2012-01-10 15:32:01',42,'2012-01-10 15:32:01',42,'0000-00-00 00:00:00',0),(1041,1,'product22_thumb02.png','','','image/png','product','images/stories/virtuemart/product/thumb_02/product22_thumb02.png','images/stories/virtuemart/product/resized/thumb_02/product22_thumb02_resized.png',1,0,0,'',0,0,1,'2012-01-10 15:32:01',42,'2012-01-10 15:32:01',42,'0000-00-00 00:00:00',0),(1042,1,'product23_thumb01.png','','','image/png','product','images/stories/virtuemart/product/thumb_01/product23_thumb01.png','images/stories/virtuemart/product/resized/thumb_01/product23_thumb01_resized.png',1,0,0,'',0,0,1,'2012-01-10 15:32:01',42,'2012-01-10 15:32:01',42,'0000-00-00 00:00:00',0),(1043,1,'product23_thumb02.png','','','image/png','product','images/stories/virtuemart/product/thumb_02/product23_thumb02.png','images/stories/virtuemart/product/resized/thumb_02/product23_thumb02_resized.png',1,0,0,'',0,0,1,'2012-01-10 15:32:01',42,'2012-01-10 15:32:01',42,'0000-00-00 00:00:00',0),(1044,1,'product24_thumb01.png','','','image/png','product','images/stories/virtuemart/product/thumb_01/product24_thumb01.png','images/stories/virtuemart/product/resized/thumb_01/product24_thumb01_resized.png',1,0,0,'',0,0,1,'2012-01-10 15:32:01',42,'2012-01-10 15:32:01',42,'0000-00-00 00:00:00',0),(1045,1,'product24_thumb02.png','','','image/png','product','images/stories/virtuemart/product/thumb_02/product24_thumb02.png','images/stories/virtuemart/product/resized/thumb_02/product24_thumb02_resized.png',1,0,0,'',0,0,1,'2012-01-10 15:32:01',42,'2012-01-10 15:32:01',42,'0000-00-00 00:00:00',0),(1046,1,'product25_thumb01.png','','','image/png','product','images/stories/virtuemart/product/thumb_01/product25_thumb01.png','images/stories/virtuemart/product/resized/thumb_01/product25_thumb01_resized.png',1,0,0,'',0,0,1,'2012-01-10 15:32:01',42,'2012-01-10 15:32:01',42,'0000-00-00 00:00:00',0),(1047,1,'product25_thumb02.png','','','image/png','product','images/stories/virtuemart/product/thumb_02/product25_thumb02.png','images/stories/virtuemart/product/resized/thumb_02/product25_thumb02_resized.png',1,0,0,'',0,0,1,'2012-01-10 15:32:01',42,'2012-01-10 15:32:01',42,'0000-00-00 00:00:00',0),(1048,1,'product26_thumb01.png','','','image/png','product','images/stories/virtuemart/product/thumb_01/product26_thumb01.png','images/stories/virtuemart/product/resized/thumb_01/product26_thumb01_resized.png',1,0,0,'',0,0,1,'2012-01-10 15:32:01',42,'2012-01-10 15:32:01',42,'0000-00-00 00:00:00',0),(1049,1,'product26_thumb02.png','','','image/png','product','images/stories/virtuemart/product/thumb_02/product26_thumb02.png','images/stories/virtuemart/product/resized/thumb_02/product26_thumb02_resized.png',1,0,0,'',0,0,1,'2012-01-10 15:32:01',42,'2012-01-10 15:32:01',42,'0000-00-00 00:00:00',0),(1050,1,'product27_thumb01.png','','','image/png','product','images/stories/virtuemart/product/thumb_01/product27_thumb01.png','images/stories/virtuemart/product/resized/thumb_01/product27_thumb01_resized.png',1,0,0,'',0,0,1,'2012-01-10 15:32:01',42,'2012-01-10 15:32:01',42,'0000-00-00 00:00:00',0),(1051,1,'product27_thumb02.png','','','image/png','product','images/stories/virtuemart/product/thumb_02/product27_thumb02.png','images/stories/virtuemart/product/resized/thumb_02/product27_thumb02_resized.png',1,0,0,'',0,0,1,'2012-01-10 15:32:01',42,'2012-01-10 15:32:01',42,'0000-00-00 00:00:00',0),(1052,1,'product28_thumb01.png','','','image/png','product','images/stories/virtuemart/product/thumb_01/product28_thumb01.png','images/stories/virtuemart/product/resized/thumb_01/product28_thumb01_resized.png',1,0,0,'',0,0,1,'2012-01-10 15:32:01',42,'2012-01-10 15:32:01',42,'0000-00-00 00:00:00',0),(1053,1,'product28_thumb02.png','','','image/png','product','images/stories/virtuemart/product/thumb_02/product28_thumb02.png','images/stories/virtuemart/product/resized/thumb_02/product28_thumb02_resized.png',1,0,0,'',0,0,1,'2012-01-10 15:32:01',42,'2012-01-10 15:32:01',42,'0000-00-00 00:00:00',0),(2000,1,'category01.png','','','image/png','category','images/stories/virtuemart/category/cat01.png','images/stories/virtuemart/category/resized/cat01_resized.png',1,0,0,'',0,0,1,'2012-01-10 15:32:01',42,'2012-01-10 15:32:01',42,'0000-00-00 00:00:00',0),(2001,1,'category02.png','','','image/png','category','images/stories/virtuemart/category/cat02.png','images/stories/virtuemart/category/resized/cat02_resized.png',1,0,0,'',0,0,1,'2012-01-10 15:32:01',42,'2012-01-10 15:32:01',42,'0000-00-00 00:00:00',0),(2002,1,'category03.png','','','image/png','category','images/stories/virtuemart/category/cat03.png','images/stories/virtuemart/category/resized/cat03_resized.png',1,0,0,'',0,0,1,'2012-01-10 15:32:01',42,'2012-01-10 15:32:01',42,'0000-00-00 00:00:00',0),(2003,1,'category04.png','','','image/png','category','images/stories/virtuemart/category/cat04.png','images/stories/virtuemart/category/resized/cat04_resized.png',1,0,0,'',0,0,1,'2012-01-10 15:32:01',42,'2012-01-10 15:32:01',42,'0000-00-00 00:00:00',0),(2004,1,'category05.png','','','image/png','category','images/stories/virtuemart/category/cat05.png','images/stories/virtuemart/category/resized/cat05_resized.png',1,0,0,'',0,0,1,'2012-01-10 15:32:01',42,'2012-01-10 15:32:01',42,'0000-00-00 00:00:00',0),(2005,1,'category06.png','','','image/png','category','images/stories/virtuemart/category/cat06.png','images/stories/virtuemart/category/resized/cat06_resized.png',1,0,0,'',0,0,1,'2012-01-10 15:32:01',42,'2012-01-10 15:32:01',42,'0000-00-00 00:00:00',0),(2006,1,'category07.png','','','image/png','category','images/stories/virtuemart/category/cat07.png','images/stories/virtuemart/category/resized/cat07_resized.png',1,0,0,'',0,0,1,'2012-01-10 15:32:01',42,'2012-01-10 15:32:01',42,'0000-00-00 00:00:00',0),(2007,1,'categoryt08.png','','','image/png','category','images/stories/virtuemart/category/cat08.png','images/stories/virtuemart/category/resized/cat08_resized.png',1,0,0,'',0,0,1,'2012-01-10 15:32:01',42,'2012-01-10 15:32:01',42,'0000-00-00 00:00:00',0),(2008,1,'category09.png','','','image/png','category','images/stories/virtuemart/category/cat09.png','images/stories/virtuemart/category/resized/cat09_resized.png',1,0,0,'',0,0,1,'2012-01-10 15:32:01',42,'2012-01-10 15:32:01',42,'0000-00-00 00:00:00',0),(2009,1,'category10.png','','','image/png','category','images/stories/virtuemart/category/cat10.png','images/stories/virtuemart/category/resized/cat10_resized.png',1,0,0,'',0,0,1,'2012-01-10 15:32:01',42,'2012-01-10 15:32:01',42,'0000-00-00 00:00:00',0),(2010,1,'category11.png','','','image/png','category','images/stories/virtuemart/category/cat11.png','images/stories/virtuemart/category/resized/cat11_resized.png',1,0,0,'',0,0,1,'2012-01-10 15:32:01',42,'2012-01-10 15:32:01',42,'0000-00-00 00:00:00',0),(2011,1,'category12.png','','','image/png','category','images/stories/virtuemart/category/cat12.png','images/stories/virtuemart/category/resized/cat12_resized.png',1,0,0,'',0,0,1,'2012-01-10 15:32:01',42,'2012-01-10 15:32:01',42,'0000-00-00 00:00:00',0),(2012,1,'category13.png','','','image/png','category','images/stories/virtuemart/category/cat13.png','images/stories/virtuemart/category/resized/cat13_resized.png',1,0,0,'',0,0,1,'2012-01-10 15:32:01',42,'2012-01-10 15:32:01',42,'0000-00-00 00:00:00',0),(2013,1,'category14.png','','','image/png','category','images/stories/virtuemart/category/cat14.png','images/stories/virtuemart/category/resized/cat14_resized.png',1,0,0,'',0,0,1,'2012-01-10 15:32:01',42,'2012-01-10 15:32:01',42,'0000-00-00 00:00:00',0),(2014,1,'category15.png','','','image/png','category','images/stories/virtuemart/category/cat15.png','images/stories/virtuemart/category/resized/cat15_resized.png',1,0,0,'',0,0,1,'2012-01-10 15:32:01',42,'2012-01-10 15:32:01',42,'0000-00-00 00:00:00',0),(2015,1,'category16.png','','','image/png','category','images/stories/virtuemart/category/cat16.png','images/stories/virtuemart/category/resized/cat16_resized.png',1,0,0,'',0,0,1,'2012-01-10 15:32:01',42,'2012-01-10 15:32:01',42,'0000-00-00 00:00:00',0),(2016,1,'category17.png','','','image/png','category','images/stories/virtuemart/category/cat17.png','images/stories/virtuemart/category/resized/cat17_resized.png',1,0,0,'',0,0,1,'2012-01-10 15:32:01',42,'2012-01-10 15:32:01',42,'0000-00-00 00:00:00',0),(2017,1,'categoryt18.png','','','image/png','category','images/stories/virtuemart/category/cat18.png','images/stories/virtuemart/category/resized/cat18_resized.png',1,0,0,'',0,0,1,'2012-01-10 15:32:01',42,'2012-01-10 15:32:01',42,'0000-00-00 00:00:00',0),(2018,1,'category19.png','','','image/png','category','images/stories/virtuemart/category/cat19.png','images/stories/virtuemart/category/resized/cat19_resized.png',1,0,0,'',0,0,1,'2012-01-10 15:32:01',42,'2012-01-10 15:32:01',42,'0000-00-00 00:00:00',0),(2019,1,'category20.png','','','image/png','category','images/stories/virtuemart/category/cat20.png','images/stories/virtuemart/category/resized/cat20_resized.png',1,0,0,'',0,0,1,'2012-01-10 15:32:01',42,'2012-01-10 15:32:01',42,'0000-00-00 00:00:00',0),(2020,1,'category21.png','','','image/png','category','images/stories/virtuemart/category/cat21.png','images/stories/virtuemart/category/resized/cat21_resized.png',1,0,0,'',0,0,1,'2012-01-10 15:32:01',42,'2012-01-10 15:32:01',42,'0000-00-00 00:00:00',0);
/*!40000 ALTER TABLE `jos_virtuemart_medias` ENABLE KEYS */;
UNLOCK TABLES;

--
-- Table structure for table `jos_virtuemart_migration_oldtonew_ids`
--

DROP TABLE IF EXISTS `jos_virtuemart_migration_oldtonew_ids`;
/*!40101 SET @saved_cs_client     = @@character_set_client */;
/*!40101 SET character_set_client = utf8 */;
CREATE TABLE `jos_virtuemart_migration_oldtonew_ids` (
  `id` smallint(1) unsigned NOT NULL AUTO_INCREMENT,
  `cats` blob,
  `catsxref` blob,
  `manus` blob,
  `mfcats` blob,
  `shoppergroups` blob,
  `products` blob,
  `orderstates` blob,
  `orders` blob,
  PRIMARY KEY (`id`)
) ENGINE=MyISAM DEFAULT CHARSET=utf8 COMMENT='xref table for vm1 ids to vm2 ids';
/*!40101 SET character_set_client = @saved_cs_client */;

--
-- Dumping data for table `jos_virtuemart_migration_oldtonew_ids`
--

LOCK TABLES `jos_virtuemart_migration_oldtonew_ids` WRITE;
/*!40000 ALTER TABLE `jos_virtuemart_migration_oldtonew_ids` DISABLE KEYS */;
/*!40000 ALTER TABLE `jos_virtuemart_migration_oldtonew_ids` ENABLE KEYS */;
UNLOCK TABLES;

--
-- Table structure for table `jos_virtuemart_modules`
--

DROP TABLE IF EXISTS `jos_virtuemart_modules`;
/*!40101 SET @saved_cs_client     = @@character_set_client */;
/*!40101 SET character_set_client = utf8 */;
CREATE TABLE `jos_virtuemart_modules` (
  `module_id` int(11) unsigned NOT NULL AUTO_INCREMENT,
  `module_name` char(255) DEFAULT NULL,
  `module_description` text,
  `module_perms` char(255) DEFAULT NULL,
  `published` tinyint(1) NOT NULL DEFAULT '1',
  `is_admin` enum('0','1') NOT NULL DEFAULT '0',
  `ordering` int(11) NOT NULL DEFAULT '0',
  PRIMARY KEY (`module_id`),
  KEY `idx_module_name` (`module_name`),
  KEY `idx_module_ordering` (`ordering`)
) ENGINE=MyISAM AUTO_INCREMENT=14 DEFAULT CHARSET=utf8 COMMENT='VirtueMart Core Modules, not: Joomla modules';
/*!40101 SET character_set_client = @saved_cs_client */;

--
-- Dumping data for table `jos_virtuemart_modules`
--

LOCK TABLES `jos_virtuemart_modules` WRITE;
/*!40000 ALTER TABLE `jos_virtuemart_modules` DISABLE KEYS */;
INSERT INTO `jos_virtuemart_modules` VALUES (1,'product','Here you can administer your online catalog of products.  Categories , Products (view=product), Attributes  ,Product Types      Product Files (view=media), Inventory  , Calculation Rules ,Customer Reviews  ','storeadmin,admin',1,'1',1),(2,'order','View Order and Update Order Status:    Orders , Coupons , Revenue Report ,Shopper , Shopper Groups ','admin,storeadmin',1,'1',2),(3,'manufacturer','Manage the manufacturers of products in your store.','storeadmin,admin',1,'1',3),(4,'store','Store Configuration: Store Information, Payment Methods , Shipment, Shipment Rates','storeadmin,admin',1,'1',4),(5,'configuration','Configuration: shop configuration , currencies (view=currency), Credit Card List, Countries, userfields, order status  ','admin,storeadmin',1,'1',5),(6,'msgs','This module is unprotected an used for displaying system messages to users.  We need to have an area that does not require authorization when things go wrong.','none',0,'0',99),(7,'shop','This is the Washupito store module.  This is the demo store included with the VirtueMart distribution.','none',1,'0',99),(8,'store','Store Configuration: Store Information, Payment Methods , Shipment, Shipment Rates','storeadmin,admin',1,'1',4),(9,'account','This module allows shoppers to update their account information and view previously placed orders.','shopper,storeadmin,admin,demo',1,'0',99),(10,'checkout','','none',0,'0',99),(11,'tools','Tools','admin',1,'1',8),(13,'zone','This is the zone-shipment module. Here you can manage your shipment costs according to Zones.','admin,storeadmin',0,'1',11);
/*!40000 ALTER TABLE `jos_virtuemart_modules` ENABLE KEYS */;
UNLOCK TABLES;

--
-- Table structure for table `jos_virtuemart_order_calc_rules`
--

DROP TABLE IF EXISTS `jos_virtuemart_order_calc_rules`;
/*!40101 SET @saved_cs_client     = @@character_set_client */;
/*!40101 SET character_set_client = utf8 */;
CREATE TABLE `jos_virtuemart_order_calc_rules` (
  `virtuemart_order_calc_rule_id` int(11) unsigned NOT NULL AUTO_INCREMENT,
  `virtuemart_order_id` int(11) DEFAULT NULL,
  `virtuemart_vendor_id` smallint(11) NOT NULL DEFAULT '1',
  `calc_rule_name` char(64) NOT NULL DEFAULT '' COMMENT 'Name of the rule',
  `calc_kind` char(16) NOT NULL DEFAULT '' COMMENT 'Discount/Tax/Margin/Commission',
  `calc_amount` decimal(15,5) NOT NULL DEFAULT '0.00000',
  `created_on` datetime NOT NULL DEFAULT '0000-00-00 00:00:00',
  `created_by` int(11) NOT NULL DEFAULT '0',
  `modified_on` datetime NOT NULL DEFAULT '0000-00-00 00:00:00',
  `modified_by` int(11) NOT NULL DEFAULT '0',
  `locked_on` datetime NOT NULL DEFAULT '0000-00-00 00:00:00',
  `locked_by` int(11) NOT NULL DEFAULT '0',
  PRIMARY KEY (`virtuemart_order_calc_rule_id`)
) ENGINE=MyISAM DEFAULT CHARSET=utf8 COMMENT='Stores all calculation rules which are part of an order';
/*!40101 SET character_set_client = @saved_cs_client */;

--
-- Dumping data for table `jos_virtuemart_order_calc_rules`
--

LOCK TABLES `jos_virtuemart_order_calc_rules` WRITE;
/*!40000 ALTER TABLE `jos_virtuemart_order_calc_rules` DISABLE KEYS */;
/*!40000 ALTER TABLE `jos_virtuemart_order_calc_rules` ENABLE KEYS */;
UNLOCK TABLES;

--
-- Table structure for table `jos_virtuemart_order_histories`
--

DROP TABLE IF EXISTS `jos_virtuemart_order_histories`;
/*!40101 SET @saved_cs_client     = @@character_set_client */;
/*!40101 SET character_set_client = utf8 */;
CREATE TABLE `jos_virtuemart_order_histories` (
  `virtuemart_order_history_id` int(11) unsigned NOT NULL AUTO_INCREMENT,
  `virtuemart_order_id` int(1) unsigned NOT NULL DEFAULT '0',
  `order_status_code` char(1) NOT NULL DEFAULT '0',
  `customer_notified` tinyint(1) NOT NULL DEFAULT '0',
  `comments` text,
  `published` tinyint(1) NOT NULL DEFAULT '1',
  `created_on` datetime NOT NULL DEFAULT '0000-00-00 00:00:00',
  `created_by` int(11) NOT NULL DEFAULT '0',
  `modified_on` datetime NOT NULL DEFAULT '0000-00-00 00:00:00',
  `modified_by` int(11) NOT NULL DEFAULT '0',
  `locked_on` datetime NOT NULL DEFAULT '0000-00-00 00:00:00',
  `locked_by` int(11) NOT NULL DEFAULT '0',
  PRIMARY KEY (`virtuemart_order_history_id`)
) ENGINE=MyISAM AUTO_INCREMENT=49 DEFAULT CHARSET=utf8 COMMENT='Stores all actions and changes that occur to an order';
/*!40101 SET character_set_client = @saved_cs_client */;

--
-- Dumping data for table `jos_virtuemart_order_histories`
--

LOCK TABLES `jos_virtuemart_order_histories` WRITE;
/*!40000 ALTER TABLE `jos_virtuemart_order_histories` DISABLE KEYS */;
INSERT INTO `jos_virtuemart_order_histories` VALUES (1,1,'P',0,'',1,'2012-03-05 15:25:51',42,'2012-03-05 15:25:51',42,'0000-00-00 00:00:00',0),(2,1,'P',0,'',1,'2012-03-05 15:25:51',42,'2012-03-05 15:25:51',42,'0000-00-00 00:00:00',0),(3,2,'P',0,'',1,'2012-03-19 10:39:41',42,'2012-03-19 10:39:41',42,'0000-00-00 00:00:00',0),(4,3,'P',0,'',1,'2012-03-19 12:48:56',42,'2012-03-19 12:48:56',42,'0000-00-00 00:00:00',0),(5,3,'P',0,'',1,'2012-03-19 12:48:56',42,'2012-03-19 12:48:56',42,'0000-00-00 00:00:00',0),(6,4,'P',0,'',1,'2012-03-19 12:50:02',42,'2012-03-19 12:50:02',42,'0000-00-00 00:00:00',0),(7,4,'P',0,'',1,'2012-03-19 12:50:02',42,'2012-03-19 12:50:02',42,'0000-00-00 00:00:00',0),(8,1,'-',0,'Order deleted',1,'2012-03-19 14:51:52',0,'0000-00-00 00:00:00',0,'0000-00-00 00:00:00',0),(9,2,'-',0,'Order deleted',1,'2012-03-19 14:51:52',0,'0000-00-00 00:00:00',0,'0000-00-00 00:00:00',0),(10,3,'-',0,'Order deleted',1,'2012-03-19 14:51:52',0,'0000-00-00 00:00:00',0,'0000-00-00 00:00:00',0),(11,4,'-',0,'Order deleted',1,'2012-03-19 14:51:52',0,'0000-00-00 00:00:00',0,'0000-00-00 00:00:00',0),(12,5,'P',0,'',1,'2012-03-30 12:40:19',42,'2012-03-30 12:40:19',42,'0000-00-00 00:00:00',0),(13,5,'P',0,'',1,'2012-03-30 12:40:19',42,'2012-03-30 12:40:19',42,'0000-00-00 00:00:00',0),(14,6,'P',0,'',1,'2012-03-30 14:22:09',42,'2012-03-30 14:22:09',42,'0000-00-00 00:00:00',0),(15,6,'P',0,'',1,'2012-03-30 14:22:09',42,'2012-03-30 14:22:09',42,'0000-00-00 00:00:00',0),(16,7,'P',0,'',1,'2012-04-03 09:30:54',42,'2012-04-03 09:30:54',42,'0000-00-00 00:00:00',0),(17,8,'P',0,'',1,'2012-04-03 09:31:44',42,'2012-04-03 09:31:44',42,'0000-00-00 00:00:00',0),(18,9,'P',0,'',1,'2012-04-03 09:31:52',42,'2012-04-03 09:31:52',42,'0000-00-00 00:00:00',0),(19,10,'P',0,'',1,'2012-04-03 09:33:53',42,'2012-04-03 09:33:53',42,'0000-00-00 00:00:00',0),(20,11,'P',0,'',1,'2012-04-03 09:34:18',42,'2012-04-03 09:34:18',42,'0000-00-00 00:00:00',0),(21,12,'P',0,'',1,'2012-04-03 09:34:39',42,'2012-04-03 09:34:39',42,'0000-00-00 00:00:00',0),(22,13,'P',0,'',1,'2012-04-03 09:35:21',42,'2012-04-03 09:35:21',42,'0000-00-00 00:00:00',0),(23,14,'P',0,'',1,'2012-04-03 09:35:32',42,'2012-04-03 09:35:32',42,'0000-00-00 00:00:00',0),(24,15,'P',0,'',1,'2012-04-03 09:35:47',42,'2012-04-03 09:35:47',42,'0000-00-00 00:00:00',0),(25,16,'P',0,'',1,'2012-04-03 09:36:38',42,'2012-04-03 09:36:38',42,'0000-00-00 00:00:00',0),(26,17,'P',0,'',1,'2012-04-03 09:38:03',42,'2012-04-03 09:38:03',42,'0000-00-00 00:00:00',0),(27,18,'P',0,'',1,'2012-04-03 09:38:36',42,'2012-04-03 09:38:36',42,'0000-00-00 00:00:00',0),(28,19,'P',0,'',1,'2012-04-03 09:39:06',42,'2012-04-03 09:39:06',42,'0000-00-00 00:00:00',0),(29,20,'P',0,'',1,'2012-04-03 09:39:27',42,'2012-04-03 09:39:27',42,'0000-00-00 00:00:00',0),(30,20,'P',0,'',1,'2012-04-03 09:39:27',42,'2012-04-03 09:39:27',42,'0000-00-00 00:00:00',0),(31,21,'P',0,'',1,'2012-04-09 13:50:35',42,'2012-04-09 13:50:35',42,'0000-00-00 00:00:00',0),(32,21,'P',0,'',1,'2012-04-09 13:50:35',42,'2012-04-09 13:50:35',42,'0000-00-00 00:00:00',0),(33,22,'P',0,'',1,'2012-09-14 17:19:04',42,'2012-09-14 17:19:04',42,'0000-00-00 00:00:00',0),(34,22,'P',0,'',1,'2012-09-14 17:19:04',42,'2012-09-14 17:19:04',42,'0000-00-00 00:00:00',0),(35,23,'P',0,'',1,'2012-09-14 17:23:55',42,'2012-09-14 17:23:55',42,'0000-00-00 00:00:00',0),(36,23,'P',0,'',1,'2012-09-14 17:23:55',42,'2012-09-14 17:23:55',42,'0000-00-00 00:00:00',0),(37,24,'P',0,'',1,'2012-09-14 17:24:53',42,'2012-09-14 17:24:53',42,'0000-00-00 00:00:00',0),(38,24,'P',0,'',1,'2012-09-14 17:24:53',42,'2012-09-14 17:24:53',42,'0000-00-00 00:00:00',0),(39,25,'P',0,'',1,'2012-09-14 17:28:41',42,'2012-09-14 17:28:41',42,'0000-00-00 00:00:00',0),(40,25,'P',0,'',1,'2012-09-14 17:28:41',42,'2012-09-14 17:28:41',42,'0000-00-00 00:00:00',0),(41,26,'P',0,'',1,'2012-09-14 17:32:42',42,'2012-09-14 17:32:42',42,'0000-00-00 00:00:00',0),(42,26,'P',0,'',1,'2012-09-14 17:32:42',42,'2012-09-14 17:32:42',42,'0000-00-00 00:00:00',0),(43,27,'P',0,'',1,'2012-09-14 17:37:18',42,'2012-09-14 17:37:18',42,'0000-00-00 00:00:00',0),(44,27,'P',0,'',1,'2012-09-14 17:37:18',42,'2012-09-14 17:37:18',42,'0000-00-00 00:00:00',0),(45,28,'P',0,'',1,'2012-09-14 17:48:45',42,'2012-09-14 17:48:45',42,'0000-00-00 00:00:00',0),(46,28,'P',0,'',1,'2012-09-14 17:48:45',42,'2012-09-14 17:48:45',42,'0000-00-00 00:00:00',0),(47,29,'P',0,'',1,'2012-09-14 18:51:41',43,'2012-09-14 18:51:41',43,'0000-00-00 00:00:00',0),(48,30,'P',0,'',1,'2012-09-14 18:56:06',43,'2012-09-14 18:56:06',43,'0000-00-00 00:00:00',0);
/*!40000 ALTER TABLE `jos_virtuemart_order_histories` ENABLE KEYS */;
UNLOCK TABLES;

--
-- Table structure for table `jos_virtuemart_order_items`
--

DROP TABLE IF EXISTS `jos_virtuemart_order_items`;
/*!40101 SET @saved_cs_client     = @@character_set_client */;
/*!40101 SET character_set_client = utf8 */;
CREATE TABLE `jos_virtuemart_order_items` (
  `virtuemart_order_item_id` int(11) unsigned NOT NULL AUTO_INCREMENT,
  `virtuemart_order_id` int(11) DEFAULT NULL,
  `virtuemart_vendor_id` smallint(11) NOT NULL DEFAULT '1',
  `virtuemart_product_id` int(11) DEFAULT NULL,
  `order_item_sku` char(64) NOT NULL DEFAULT '',
  `order_item_name` char(255) NOT NULL DEFAULT '',
  `product_quantity` int(11) DEFAULT NULL,
  `product_item_price` decimal(15,5) DEFAULT NULL,
  `product_tax` decimal(15,5) DEFAULT NULL,
  `product_basePriceWithTax` decimal(15,5) DEFAULT NULL,
  `product_final_price` decimal(15,5) NOT NULL DEFAULT '0.00000',
  `product_subtotal_discount` decimal(15,5) NOT NULL DEFAULT '0.00000',
  `product_subtotal_with_tax` decimal(15,5) NOT NULL DEFAULT '0.00000',
  `order_item_currency` int(11) DEFAULT NULL,
  `order_status` char(1) DEFAULT NULL,
  `product_attribute` text,
  `created_on` datetime NOT NULL DEFAULT '0000-00-00 00:00:00',
  `created_by` int(11) NOT NULL DEFAULT '0',
  `modified_on` datetime NOT NULL DEFAULT '0000-00-00 00:00:00',
  `modified_by` int(11) NOT NULL DEFAULT '0',
  `locked_on` datetime NOT NULL DEFAULT '0000-00-00 00:00:00',
  `locked_by` int(11) NOT NULL DEFAULT '0',
  PRIMARY KEY (`virtuemart_order_item_id`),
  KEY `virtuemart_product_id` (`virtuemart_product_id`),
  KEY `idx_order_item_virtuemart_order_id` (`virtuemart_order_id`),
  KEY `idx_order_item_virtuemart_vendor_id` (`virtuemart_vendor_id`)
) ENGINE=MyISAM AUTO_INCREMENT=62 DEFAULT CHARSET=utf8 COMMENT='Stores all items (products) which are part of an order';
/*!40101 SET character_set_client = @saved_cs_client */;

--
-- Dumping data for table `jos_virtuemart_order_items`
--

LOCK TABLES `jos_virtuemart_order_items` WRITE;
/*!40000 ALTER TABLE `jos_virtuemart_order_items` DISABLE KEYS */;
INSERT INTO `jos_virtuemart_order_items` VALUES (12,5,1,1,'PS01','Вolor sit amet conse ctetur dipisicing elit',1,'100.00000','9.25000','109.25000','95.00000','-14.25000','95.00000',NULL,'P',NULL,'2012-03-30 12:40:19',42,'2012-03-30 12:40:19',42,'0000-00-00 00:00:00',0),(13,5,1,2,'PS02','Product 02',1,'145.00000','13.41000','158.41000','135.00000','-23.41000','135.00000',NULL,'P',NULL,'2012-03-30 12:40:19',42,'2012-03-30 12:40:19',42,'0000-00-00 00:00:00',0),(14,6,1,79,'PS79','Сonse ctetur adipisicing elit',3,'145.00000','40.23000','158.41000','158.41000','0.00000','475.23000',NULL,'P',NULL,'2012-03-30 14:22:09',42,'2012-03-30 14:22:09',42,'0000-00-00 00:00:00',0),(15,6,1,80,'PS80','Lorem ipsum dolor sit amet conse ctetur adipisicing elit',1,'120.00000','11.10000','131.10000','131.10000','0.00000','131.10000',NULL,'P',NULL,'2012-03-30 14:22:09',42,'2012-03-30 14:22:09',42,'0000-00-00 00:00:00',0),(16,6,1,73,'PS73','ipsum dolor sit amet conse ctetur adipisicing elit',1,'113.00000','10.45000','123.45000','123.45000','0.00000','123.45000',NULL,'P',NULL,'2012-03-30 14:22:09',42,'2012-03-30 14:22:09',42,'0000-00-00 00:00:00',0),(17,6,1,24,'PS24','Product 24',2,'100.00000','18.50000','109.25000','95.00000','-28.50000','190.00000',NULL,'P',NULL,'2012-03-30 14:22:09',42,'2012-03-30 14:22:09',42,'0000-00-00 00:00:00',0),(18,6,1,23,'PS23','Product 23',1,'113.00000','10.45000','123.45000','123.45000','0.00000','123.45000',NULL,'P',NULL,'2012-03-30 14:22:09',42,'2012-03-30 14:22:09',42,'0000-00-00 00:00:00',0),(19,7,1,8,'PS08','Product 08',1,'100.00000','9.25000','109.25000','109.25000','0.00000','109.25000',NULL,'P',NULL,'2012-04-03 09:30:54',42,'2012-04-03 09:30:54',42,'0000-00-00 00:00:00',0),(20,7,1,22,'PS22','Product 22',1,'120.00000','11.10000','131.10000','131.10000','0.00000','131.10000',NULL,'P',NULL,'2012-04-03 09:30:54',42,'2012-04-03 09:30:54',42,'0000-00-00 00:00:00',0),(21,8,1,8,'PS08','Product 08',1,'100.00000','9.25000','109.25000','109.25000','0.00000','109.25000',NULL,'P',NULL,'2012-04-03 09:31:44',42,'2012-04-03 09:31:44',42,'0000-00-00 00:00:00',0),(22,8,1,22,'PS22','Product 22',1,'120.00000','11.10000','131.10000','131.10000','0.00000','131.10000',NULL,'P',NULL,'2012-04-03 09:31:44',42,'2012-04-03 09:31:44',42,'0000-00-00 00:00:00',0),(23,9,1,8,'PS08','Product 08',1,'100.00000','9.25000','109.25000','109.25000','0.00000','109.25000',NULL,'P',NULL,'2012-04-03 09:31:52',42,'2012-04-03 09:31:52',42,'0000-00-00 00:00:00',0),(24,9,1,22,'PS22','Product 22',1,'120.00000','11.10000','131.10000','131.10000','0.00000','131.10000',NULL,'P',NULL,'2012-04-03 09:31:52',42,'2012-04-03 09:31:52',42,'0000-00-00 00:00:00',0),(25,10,1,8,'PS08','Product 08',1,'100.00000','9.25000','109.25000','109.25000','0.00000','109.25000',NULL,'P',NULL,'2012-04-03 09:33:53',42,'2012-04-03 09:33:53',42,'0000-00-00 00:00:00',0),(26,10,1,22,'PS22','Product 22',1,'120.00000','11.10000','131.10000','131.10000','0.00000','131.10000',NULL,'P',NULL,'2012-04-03 09:33:53',42,'2012-04-03 09:33:53',42,'0000-00-00 00:00:00',0),(27,11,1,8,'PS08','Product 08',1,'100.00000','9.25000','109.25000','109.25000','0.00000','109.25000',NULL,'P',NULL,'2012-04-03 09:34:18',42,'2012-04-03 09:34:18',42,'0000-00-00 00:00:00',0),(28,11,1,22,'PS22','Product 22',1,'120.00000','11.10000','131.10000','131.10000','0.00000','131.10000',NULL,'P',NULL,'2012-04-03 09:34:18',42,'2012-04-03 09:34:18',42,'0000-00-00 00:00:00',0),(29,12,1,8,'PS08','Product 08',1,'100.00000','9.25000','109.25000','109.25000','0.00000','109.25000',NULL,'P',NULL,'2012-04-03 09:34:39',42,'2012-04-03 09:34:39',42,'0000-00-00 00:00:00',0),(30,12,1,22,'PS22','Product 22',1,'120.00000','11.10000','131.10000','131.10000','0.00000','131.10000',NULL,'P',NULL,'2012-04-03 09:34:39',42,'2012-04-03 09:34:39',42,'0000-00-00 00:00:00',0),(31,13,1,8,'PS08','Product 08',1,'100.00000','9.25000','109.25000','109.25000','0.00000','109.25000',NULL,'P',NULL,'2012-04-03 09:35:21',42,'2012-04-03 09:35:21',42,'0000-00-00 00:00:00',0),(32,13,1,22,'PS22','Product 22',1,'120.00000','11.10000','131.10000','131.10000','0.00000','131.10000',NULL,'P',NULL,'2012-04-03 09:35:21',42,'2012-04-03 09:35:21',42,'0000-00-00 00:00:00',0),(33,14,1,8,'PS08','Product 08',1,'100.00000','9.25000','109.25000','109.25000','0.00000','109.25000',NULL,'P',NULL,'2012-04-03 09:35:32',42,'2012-04-03 09:35:32',42,'0000-00-00 00:00:00',0),(34,14,1,22,'PS22','Product 22',1,'120.00000','11.10000','131.10000','131.10000','0.00000','131.10000',NULL,'P',NULL,'2012-04-03 09:35:32',42,'2012-04-03 09:35:32',42,'0000-00-00 00:00:00',0),(35,15,1,8,'PS08','Product 08',1,'100.00000','9.25000','109.25000','109.25000','0.00000','109.25000',NULL,'P',NULL,'2012-04-03 09:35:47',42,'2012-04-03 09:35:47',42,'0000-00-00 00:00:00',0),(36,15,1,22,'PS22','Product 22',1,'120.00000','11.10000','131.10000','131.10000','0.00000','131.10000',NULL,'P',NULL,'2012-04-03 09:35:47',42,'2012-04-03 09:35:47',42,'0000-00-00 00:00:00',0),(37,16,1,8,'PS08','Product 08',1,'100.00000','9.25000','109.25000','109.25000','0.00000','109.25000',NULL,'P',NULL,'2012-04-03 09:36:38',42,'2012-04-03 09:36:38',42,'0000-00-00 00:00:00',0),(38,16,1,22,'PS22','Product 22',1,'120.00000','11.10000','131.10000','131.10000','0.00000','131.10000',NULL,'P',NULL,'2012-04-03 09:36:38',42,'2012-04-03 09:36:38',42,'0000-00-00 00:00:00',0),(39,17,1,8,'PS08','Product 08',1,'100.00000','9.25000','109.25000','109.25000','0.00000','109.25000',NULL,'P',NULL,'2012-04-03 09:38:03',42,'2012-04-03 09:38:03',42,'0000-00-00 00:00:00',0),(40,17,1,22,'PS22','Product 22',1,'120.00000','11.10000','131.10000','131.10000','0.00000','131.10000',NULL,'P',NULL,'2012-04-03 09:38:03',42,'2012-04-03 09:38:03',42,'0000-00-00 00:00:00',0),(41,18,1,8,'PS08','Product 08',1,'100.00000','9.25000','109.25000','109.25000','0.00000','109.25000',NULL,'P',NULL,'2012-04-03 09:38:36',42,'2012-04-03 09:38:36',42,'0000-00-00 00:00:00',0),(42,18,1,22,'PS22','Product 22',1,'120.00000','11.10000','131.10000','131.10000','0.00000','131.10000',NULL,'P',NULL,'2012-04-03 09:38:36',42,'2012-04-03 09:38:36',42,'0000-00-00 00:00:00',0),(43,19,1,8,'PS08','Product 08',1,'100.00000','9.25000','109.25000','109.25000','0.00000','109.25000',NULL,'P',NULL,'2012-04-03 09:39:06',42,'2012-04-03 09:39:06',42,'0000-00-00 00:00:00',0),(44,19,1,22,'PS22','Product 22',1,'120.00000','11.10000','131.10000','131.10000','0.00000','131.10000',NULL,'P',NULL,'2012-04-03 09:39:06',42,'2012-04-03 09:39:06',42,'0000-00-00 00:00:00',0),(45,20,1,8,'PS08','Product 08',1,'100.00000','9.25000','109.25000','109.25000','0.00000','109.25000',NULL,'P',NULL,'2012-04-03 09:39:27',42,'2012-04-03 09:39:27',42,'0000-00-00 00:00:00',0),(46,20,1,22,'PS22','Product 22',1,'120.00000','11.10000','131.10000','131.10000','0.00000','131.10000',NULL,'P',NULL,'2012-04-03 09:39:27',42,'2012-04-03 09:39:27',42,'0000-00-00 00:00:00',0),(47,21,1,1,'PS01','Ut enim ad minim veniam',1,'100.00000','9.25000','109.25000','95.00000','-14.25000','95.00000',NULL,'P',NULL,'2012-04-09 13:50:35',42,'2012-04-09 13:50:35',42,'0000-00-00 00:00:00',0),(48,21,1,2,'PS02','Quis nostrud exercitation ull',1,'145.00000','13.41000','158.41000','135.00000','-23.41000','135.00000',NULL,'P',NULL,'2012-04-09 13:50:35',42,'2012-04-09 13:50:35',42,'0000-00-00 00:00:00',0),(49,22,1,80,'PS80','Lorem ipsum dolor',1,'120.00000','11.10000','131.10000','131.10000','0.00000','131.10000',NULL,'P',NULL,'2012-09-14 17:19:04',42,'2012-09-14 17:19:04',42,'0000-00-00 00:00:00',0),(50,23,1,80,'PS80','Lorem ipsum dolor',1,'243.44000','22.52000','265.96000','265.96000','0.00000','265.96000',NULL,'P',NULL,'2012-09-14 17:23:55',42,'2012-09-14 17:23:55',42,'0000-00-00 00:00:00',0),(51,24,1,80,'PS80','Lorem ipsum dolor',1,'243.44000','22.52000','265.96000','265.96000','0.00000','265.96000',NULL,'P',NULL,'2012-09-14 17:24:53',42,'2012-09-14 17:24:53',42,'0000-00-00 00:00:00',0),(52,25,1,80,'PS80','Lorem ipsum dolor',1,'243.44000','22.52000','265.96000','265.96000','0.00000','265.96000',NULL,'P',NULL,'2012-09-14 17:28:41',42,'2012-09-14 17:28:41',42,'0000-00-00 00:00:00',0),(53,26,1,80,'PS80','Lorem ipsum dolor',1,'243.44000','22.52000','265.96000','265.96000','0.00000','265.96000',NULL,'P',NULL,'2012-09-14 17:32:42',42,'2012-09-14 17:32:42',42,'0000-00-00 00:00:00',0),(54,27,1,80,'PS80','Lorem ipsum dolor',1,'243.44000','22.52000','265.96000','265.96000','0.00000','265.96000',NULL,'P',NULL,'2012-09-14 17:37:18',42,'2012-09-14 17:37:18',42,'0000-00-00 00:00:00',0),(55,28,1,80,'PS80','Lorem ipsum dolor',1,'243.44000','22.52000','265.96000','265.96000','0.00000','265.96000',NULL,'P',NULL,'2012-09-14 17:48:45',42,'2012-09-14 17:48:45',42,'0000-00-00 00:00:00',0),(56,29,1,80,'PS80','Lorem ipsum dolor',1,'243.44000','22.52000','265.96000','265.96000','0.00000','265.96000',NULL,'P',NULL,'2012-09-14 18:51:41',43,'2012-09-14 18:51:41',43,'0000-00-00 00:00:00',0),(57,29,1,79,'PS79','Do eiusmod tempor',1,'294.16000','27.21000','321.37000','140.00000','-181.37000','140.00000',NULL,'P',NULL,'2012-09-14 18:51:41',43,'2012-09-14 18:51:41',43,'0000-00-00 00:00:00',0),(58,29,1,1,'PS01','Ut enim ad minim veniam',1,'202.87000','18.77000','221.64000','95.00000','-126.64000','95.00000',NULL,'P',NULL,'2012-09-14 18:51:41',43,'2012-09-14 18:51:41',43,'0000-00-00 00:00:00',0),(59,30,1,80,'PS80','Lorem ipsum dolor',1,'243.44000','22.52000','265.96000','265.96000','0.00000','265.96000',NULL,'P',NULL,'2012-09-14 18:56:06',43,'2012-09-14 18:56:06',43,'0000-00-00 00:00:00',0),(60,30,1,79,'PS79','Do eiusmod tempor',1,'294.16000','27.21000','321.37000','140.00000','-181.37000','140.00000',NULL,'P',NULL,'2012-09-14 18:56:06',43,'2012-09-14 18:56:06',43,'0000-00-00 00:00:00',0),(61,30,1,1,'PS01','Ut enim ad minim veniam',1,'202.87000','18.77000','221.64000','95.00000','-126.64000','95.00000',NULL,'P',NULL,'2012-09-14 18:56:06',43,'2012-09-14 18:56:06',43,'0000-00-00 00:00:00',0);
/*!40000 ALTER TABLE `jos_virtuemart_order_items` ENABLE KEYS */;
UNLOCK TABLES;

--
-- Table structure for table `jos_virtuemart_order_userinfos`
--

DROP TABLE IF EXISTS `jos_virtuemart_order_userinfos`;
/*!40101 SET @saved_cs_client     = @@character_set_client */;
/*!40101 SET character_set_client = utf8 */;
CREATE TABLE `jos_virtuemart_order_userinfos` (
  `virtuemart_order_userinfo_id` int(1) unsigned NOT NULL AUTO_INCREMENT,
  `virtuemart_order_id` int(1) unsigned NOT NULL DEFAULT '0',
  `virtuemart_user_id` int(1) unsigned NOT NULL DEFAULT '0',
  `address_type` char(2) DEFAULT NULL,
  `address_type_name` char(32) DEFAULT NULL,
  `company` char(64) DEFAULT NULL,
  `title` char(32) DEFAULT NULL,
  `last_name` char(32) DEFAULT NULL,
  `first_name` char(32) DEFAULT NULL,
  `middle_name` char(32) DEFAULT NULL,
  `phone_1` char(24) DEFAULT NULL,
  `phone_2` char(24) DEFAULT NULL,
  `fax` char(24) DEFAULT NULL,
  `address_1` char(64) NOT NULL DEFAULT '',
  `address_2` char(64) DEFAULT NULL,
  `city` char(32) NOT NULL DEFAULT '',
  `virtuemart_state_id` smallint(1) unsigned NOT NULL DEFAULT '0',
  `virtuemart_country_id` smallint(1) unsigned NOT NULL DEFAULT '0',
  `zip` char(16) NOT NULL DEFAULT '',
  `email` char(255) DEFAULT NULL,
  `agreed` tinyint(1) NOT NULL DEFAULT '0',
  `created_on` datetime NOT NULL DEFAULT '0000-00-00 00:00:00',
  `created_by` int(11) NOT NULL DEFAULT '0',
  `modified_on` datetime NOT NULL DEFAULT '0000-00-00 00:00:00',
  `modified_by` int(11) NOT NULL DEFAULT '0',
  `locked_on` datetime NOT NULL DEFAULT '0000-00-00 00:00:00',
  `locked_by` int(11) NOT NULL DEFAULT '0',
  PRIMARY KEY (`virtuemart_order_userinfo_id`),
  KEY `i_virtuemart_order_id` (`virtuemart_order_id`),
  KEY `i_virtuemart_user_id` (`virtuemart_user_id`)
) ENGINE=MyISAM AUTO_INCREMENT=31 DEFAULT CHARSET=utf8 COMMENT='Stores the BillTo and ShipTo Information at order time';
/*!40101 SET character_set_client = @saved_cs_client */;

--
-- Dumping data for table `jos_virtuemart_order_userinfos`
--

LOCK TABLES `jos_virtuemart_order_userinfos` WRITE;
/*!40000 ALTER TABLE `jos_virtuemart_order_userinfos` DISABLE KEYS */;
INSERT INTO `jos_virtuemart_order_userinfos` VALUES (5,5,42,'BT',NULL,'Washupito\'s the virtual mart','Mr','upito','Wash','the cheapest','555-555-555',NULL,NULL,'vendorra road 8',NULL,'Canangra',10,223,'0555555','admin@admin.com',1,'2012-03-30 12:40:19',42,'2012-03-30 12:40:19',42,'0000-00-00 00:00:00',0),(6,6,42,'BT',NULL,'Washupito\'s the virtual mart','Mr','upito','Wash','the cheapest','555-555-555',NULL,NULL,'vendorra road 8',NULL,'Canangra',10,223,'0555555','admin@admin.com',1,'2012-03-30 14:22:09',42,'2012-03-30 14:22:09',42,'0000-00-00 00:00:00',0),(7,7,42,'BT',NULL,'Washupito\'s the virtual mart','Mr','upito','Wash','the cheapest','555-555-555',NULL,NULL,'vendorra road 8',NULL,'Canangra',10,223,'0555555','admin@admin.com',1,'2012-04-03 09:30:54',42,'2012-04-03 09:30:54',42,'0000-00-00 00:00:00',0),(8,8,42,'BT',NULL,'Washupito\'s the virtual mart','Mr','upito','Wash','the cheapest','555-555-555',NULL,NULL,'vendorra road 8',NULL,'Canangra',10,223,'0555555','admin@admin.com',1,'2012-04-03 09:31:44',42,'2012-04-03 09:31:44',42,'0000-00-00 00:00:00',0),(9,9,42,'BT',NULL,'Washupito\'s the virtual mart','Mr','upito','Wash','the cheapest','555-555-555',NULL,NULL,'vendorra road 8',NULL,'Canangra',10,223,'0555555','admin@admin.com',1,'2012-04-03 09:31:52',42,'2012-04-03 09:31:52',42,'0000-00-00 00:00:00',0),(10,10,42,'BT',NULL,'Washupito\'s the virtual mart','Mr','upito','Wash','the cheapest','555-555-555',NULL,NULL,'vendorra road 8',NULL,'Canangra',10,223,'0555555','admin@admin.com',1,'2012-04-03 09:33:53',42,'2012-04-03 09:33:53',42,'0000-00-00 00:00:00',0),(11,11,42,'BT',NULL,'Washupito\'s the virtual mart','Mr','upito','Wash','the cheapest','555-555-555',NULL,NULL,'vendorra road 8',NULL,'Canangra',10,223,'0555555','admin@admin.com',1,'2012-04-03 09:34:18',42,'2012-04-03 09:34:18',42,'0000-00-00 00:00:00',0),(12,12,42,'BT',NULL,'Washupito\'s the virtual mart','Mr','upito','Wash','the cheapest','555-555-555',NULL,NULL,'vendorra road 8',NULL,'Canangra',10,223,'0555555','admin@admin.com',1,'2012-04-03 09:34:39',42,'2012-04-03 09:34:39',42,'0000-00-00 00:00:00',0),(13,13,42,'BT',NULL,'Washupito\'s the virtual mart','Mr','upito','Wash','the cheapest','555-555-555',NULL,NULL,'vendorra road 8',NULL,'Canangra',10,223,'0555555','admin@admin.com',1,'2012-04-03 09:35:21',42,'2012-04-03 09:35:21',42,'0000-00-00 00:00:00',0),(14,14,42,'BT',NULL,'Washupito\'s the virtual mart','Mr','upito','Wash','the cheapest','555-555-555',NULL,NULL,'vendorra road 8',NULL,'Canangra',10,223,'0555555','admin@admin.com',1,'2012-04-03 09:35:32',42,'2012-04-03 09:35:32',42,'0000-00-00 00:00:00',0),(15,15,42,'BT',NULL,'Washupito\'s the virtual mart','Mr','upito','Wash','the cheapest','555-555-555',NULL,NULL,'vendorra road 8',NULL,'Canangra',10,223,'0555555','admin@admin.com',1,'2012-04-03 09:35:47',42,'2012-04-03 09:35:47',42,'0000-00-00 00:00:00',0),(16,16,42,'BT',NULL,'Washupito\'s the virtual mart','Mr','upito','Wash','the cheapest','555-555-555',NULL,NULL,'vendorra road 8',NULL,'Canangra',10,223,'0555555','admin@admin.com',1,'2012-04-03 09:36:38',42,'2012-04-03 09:36:38',42,'0000-00-00 00:00:00',0),(17,17,42,'BT',NULL,'Washupito\'s the virtual mart','Mr','upito','Wash','the cheapest','555-555-555',NULL,NULL,'vendorra road 8',NULL,'Canangra',10,223,'0555555','admin@admin.com',1,'2012-04-03 09:38:03',42,'2012-04-03 09:38:03',42,'0000-00-00 00:00:00',0),(18,18,42,'BT',NULL,'Washupito\'s the virtual mart','Mr','upito','Wash','the cheapest','555-555-555',NULL,NULL,'vendorra road 8',NULL,'Canangra',10,223,'0555555','admin@admin.com',1,'2012-04-03 09:38:36',42,'2012-04-03 09:38:36',42,'0000-00-00 00:00:00',0),(19,19,42,'BT',NULL,'Washupito\'s the virtual mart','Mr','upito','Wash','the cheapest','555-555-555',NULL,NULL,'vendorra road 8',NULL,'Canangra',10,223,'0555555','admin@admin.com',1,'2012-04-03 09:39:06',42,'2012-04-03 09:39:06',42,'0000-00-00 00:00:00',0),(20,20,42,'BT',NULL,'Washupito\'s the virtual mart','Mr','upito','Wash','the cheapest','555-555-555',NULL,NULL,'vendorra road 8',NULL,'Canangra',10,223,'0555555','admin@admin.com',1,'2012-04-03 09:39:27',42,'2012-04-03 09:39:27',42,'0000-00-00 00:00:00',0),(21,21,42,'BT',NULL,'Washupito\'s the virtual mart','Mr','upito','Wash','the cheapest','555-555-555',NULL,NULL,'vendorra road 8',NULL,'Canangra',10,223,'0555555','admin@admin.com',1,'2012-04-09 13:50:35',42,'2012-04-09 13:50:35',42,'0000-00-00 00:00:00',0),(22,22,42,'BT',NULL,'Washupito\'s the virtual mart','Mr','upito','Wash','the cheapest','555-555-555',NULL,NULL,'vendorra road 8',NULL,'Canangra',10,223,'0555555','felipe@reydosom.com.br',1,'2012-09-14 17:19:04',42,'2012-09-14 17:19:04',42,'0000-00-00 00:00:00',0),(23,23,42,'BT',NULL,'Washupito\'s the virtual mart','Mr','upito','Wash','the cheapest','555-555-555',NULL,NULL,'vendorra road 8',NULL,'Canangra',10,223,'0555555','felipe@reydosom.com.br',1,'2012-09-14 17:23:55',42,'2012-09-14 17:23:55',42,'0000-00-00 00:00:00',0),(24,24,42,'BT',NULL,'Washupito\'s the virtual mart','Mr','upito','Wash','the cheapest','555-555-555',NULL,NULL,'vendorra road 8',NULL,'Canangra',10,223,'0555555','felipe@reydosom.com.br',1,'2012-09-14 17:24:53',42,'2012-09-14 17:24:53',42,'0000-00-00 00:00:00',0),(25,25,42,'BT',NULL,'Washupito\'s the virtual mart','Mr','upito','Wash','the cheapest','555-555-555',NULL,NULL,'vendorra road 8',NULL,'Canangra',10,223,'0555555','felipe@reydosom.com.br',1,'2012-09-14 17:28:41',42,'2012-09-14 17:28:41',42,'0000-00-00 00:00:00',0),(26,26,42,'BT',NULL,'Washupito\'s the virtual mart','Mr','upito','Wash','the cheapest','555-555-555',NULL,NULL,'vendorra road 8',NULL,'Canangra',10,223,'0555555','felipe@reydosom.com.br',1,'2012-09-14 17:32:42',42,'2012-09-14 17:32:42',42,'0000-00-00 00:00:00',0),(27,27,42,'BT',NULL,'Washupito\'s the virtual mart','Mr','upito','Wash','the cheapest','555-555-555',NULL,NULL,'vendorra road 8',NULL,'Canangra',10,223,'0555555','felipe@reydosom.com.br',1,'2012-09-14 17:37:18',42,'2012-09-14 17:37:18',42,'0000-00-00 00:00:00',0),(28,28,42,'BT',NULL,'Washupito\'s the virtual mart','Mr','upito','Wash','the cheapest','555-555-555',NULL,NULL,'vendorra road 8',NULL,'Canangra',10,223,'0555555','felipe@reydosom.com.br',1,'2012-09-14 17:48:45',42,'2012-09-14 17:48:45',42,'0000-00-00 00:00:00',0),(29,29,43,'BT',NULL,'Drupal Informatica.com.br','Mr','Miranda','Felipe',NULL,'1233411086','1278134217',NULL,'Rua Cordoba, 77, ap 84, Jd. América',NULL,'São José dos Campos',134,30,'12235390','felipemiranda@outlook.com',1,'2012-09-14 18:51:41',43,'2012-09-14 18:51:41',43,'0000-00-00 00:00:00',0),(30,30,43,'BT',NULL,'Drupal Informatica.com.br','Mr','Miranda','Felipe',NULL,'1233411086','1278134217',NULL,'Rua Cordoba, 77, ap 84, Jd. América',NULL,'São José dos Campos',134,30,'12235390','felipemiranda@outlook.com',1,'2012-09-14 18:56:06',43,'2012-09-14 18:56:06',43,'0000-00-00 00:00:00',0);
/*!40000 ALTER TABLE `jos_virtuemart_order_userinfos` ENABLE KEYS */;
UNLOCK TABLES;

--
-- Table structure for table `jos_virtuemart_orders`
--

DROP TABLE IF EXISTS `jos_virtuemart_orders`;
/*!40101 SET @saved_cs_client     = @@character_set_client */;
/*!40101 SET character_set_client = utf8 */;
CREATE TABLE `jos_virtuemart_orders` (
  `virtuemart_order_id` int(1) unsigned NOT NULL AUTO_INCREMENT,
  `virtuemart_user_id` int(1) unsigned NOT NULL DEFAULT '0',
  `virtuemart_vendor_id` smallint(1) unsigned NOT NULL DEFAULT '0',
  `order_number` char(64) DEFAULT NULL,
  `order_pass` char(8) DEFAULT NULL,
  `order_total` decimal(15,5) NOT NULL DEFAULT '0.00000',
  `order_salesPrice` decimal(15,5) NOT NULL DEFAULT '0.00000',
  `order_billTaxAmount` decimal(15,5) NOT NULL DEFAULT '0.00000',
  `order_billDiscountAmount` decimal(15,5) NOT NULL DEFAULT '0.00000',
  `order_discountAmount` decimal(15,5) NOT NULL DEFAULT '0.00000',
  `order_subtotal` decimal(15,5) DEFAULT NULL,
  `order_tax` decimal(10,5) DEFAULT NULL,
  `order_shipment` decimal(10,2) DEFAULT NULL,
  `order_shipment_tax` decimal(10,5) DEFAULT NULL,
  `order_payment` decimal(10,2) DEFAULT NULL,
  `order_payment_tax` decimal(10,5) DEFAULT NULL,
  `coupon_discount` decimal(12,2) NOT NULL DEFAULT '0.00',
  `coupon_code` char(32) DEFAULT NULL,
  `order_discount` decimal(12,2) NOT NULL DEFAULT '0.00',
  `order_currency` smallint(1) DEFAULT NULL,
  `order_status` char(1) DEFAULT NULL,
  `user_currency_id` char(4) DEFAULT NULL,
  `user_currency_rate` decimal(10,5) NOT NULL DEFAULT '1.00000',
  `virtuemart_paymentmethod_id` mediumint(1) unsigned DEFAULT NULL,
  `virtuemart_shipmentmethod_id` mediumint(1) unsigned DEFAULT NULL,
  `customer_note` text,
  `ip_address` char(15) NOT NULL DEFAULT '',
  `created_on` datetime NOT NULL DEFAULT '0000-00-00 00:00:00',
  `created_by` int(11) NOT NULL DEFAULT '0',
  `modified_on` datetime NOT NULL DEFAULT '0000-00-00 00:00:00',
  `modified_by` int(11) NOT NULL DEFAULT '0',
  `locked_on` datetime NOT NULL DEFAULT '0000-00-00 00:00:00',
  `locked_by` int(11) NOT NULL DEFAULT '0',
  PRIMARY KEY (`virtuemart_order_id`),
  KEY `idx_orders_virtuemart_user_id` (`virtuemart_user_id`),
  KEY `idx_orders_virtuemart_vendor_id` (`virtuemart_vendor_id`),
  KEY `idx_orders_order_number` (`order_number`),
  KEY `idx_orders_virtuemart_paymentmethod_id` (`virtuemart_paymentmethod_id`),
  KEY `idx_orders_virtuemart_shipmentmethod_id` (`virtuemart_shipmentmethod_id`)
) ENGINE=MyISAM AUTO_INCREMENT=31 DEFAULT CHARSET=utf8 COMMENT='Used to store all orders';
/*!40101 SET character_set_client = @saved_cs_client */;

--
-- Dumping data for table `jos_virtuemart_orders`
--

LOCK TABLES `jos_virtuemart_orders` WRITE;
/*!40000 ALTER TABLE `jos_virtuemart_orders` DISABLE KEYS */;
INSERT INTO `jos_virtuemart_orders` VALUES (5,42,1,'f53703','p_951e6','242.56000','230.00000','23.72000','-37.66000','-37.66000','245.00000','22.66000','0.00','0.00000','11.50','1.06000','0.00',NULL,'-37.66',144,'P','144','1.00000',1,1,'www','192.168.9.1','2012-03-30 12:40:19',42,'2012-03-30 12:40:19',42,'0000-00-00 00:00:00',0),(6,42,1,'afc804','p_85273','1100.21000','1043.23000','95.55000','-28.50000','-28.50000','981.00000','90.73000','0.00','0.00000','52.16','4.82000','0.00',NULL,'-28.50',144,'P','144','1.00000',1,1,'gfhfg','127.0.0.1','2012-03-30 14:22:09',42,'2012-03-30 14:22:09',42,'0000-00-00 00:00:00',0),(7,42,1,'15a005','p_a9f6a','240.35000','240.35000','20.35000','0.00000','0.00000','220.00000','20.35000','0.00','0.00000','0.00','0.00000','0.00',NULL,'0.00',144,'P','144','1.00000',2,1,'','192.168.9.1','2012-04-03 09:30:54',42,'2012-04-03 09:30:54',42,'0000-00-00 00:00:00',0),(8,42,1,'ba3d06','p_90874','240.35000','240.35000','20.35000','0.00000','0.00000','220.00000','20.35000','0.00','0.00000','0.00','0.00000','0.00',NULL,'0.00',144,'P','144','1.00000',2,1,'','192.168.9.1','2012-04-03 09:31:44',42,'2012-04-03 09:31:44',42,'0000-00-00 00:00:00',0),(9,42,1,'45c107','p_b81be','240.35000','240.35000','20.35000','0.00000','0.00000','220.00000','20.35000','0.00','0.00000','0.00','0.00000','0.00',NULL,'0.00',144,'P','144','1.00000',2,1,'','192.168.9.1','2012-04-03 09:31:52',42,'2012-04-03 09:31:52',42,'0000-00-00 00:00:00',0),(10,42,1,'ce6c08','p_3c8c8','240.35000','240.35000','20.35000','0.00000','0.00000','220.00000','20.35000','0.00','0.00000','0.00','0.00000','0.00',NULL,'0.00',144,'P','144','1.00000',2,1,'','192.168.9.1','2012-04-03 09:33:53',42,'2012-04-03 09:33:53',42,'0000-00-00 00:00:00',0),(11,42,1,'f7a509','p_bcaa4','240.35000','240.35000','20.35000','0.00000','0.00000','220.00000','20.35000','0.00','0.00000','0.00','0.00000','0.00',NULL,'0.00',144,'P','144','1.00000',2,1,'','192.168.9.1','2012-04-03 09:34:18',42,'2012-04-03 09:34:18',42,'0000-00-00 00:00:00',0),(12,42,1,'eecd010','p_ec851','240.35000','240.35000','20.35000','0.00000','0.00000','220.00000','20.35000','0.00','0.00000','0.00','0.00000','0.00',NULL,'0.00',144,'P','144','1.00000',2,1,'','192.168.9.1','2012-04-03 09:34:39',42,'2012-04-03 09:34:39',42,'0000-00-00 00:00:00',0),(13,42,1,'a163011','p_380f5','240.35000','240.35000','20.35000','0.00000','0.00000','220.00000','20.35000','0.00','0.00000','0.00','0.00000','0.00',NULL,'0.00',144,'P','144','1.00000',2,1,'','192.168.9.1','2012-04-03 09:35:21',42,'2012-04-03 09:35:21',42,'0000-00-00 00:00:00',0),(14,42,1,'cb8c012','p_27574','240.35000','240.35000','20.35000','0.00000','0.00000','220.00000','20.35000','0.00','0.00000','0.00','0.00000','0.00',NULL,'0.00',144,'P','144','1.00000',2,1,'','192.168.9.1','2012-04-03 09:35:32',42,'2012-04-03 09:35:32',42,'0000-00-00 00:00:00',0),(15,42,1,'18e1013','p_fe993','240.35000','240.35000','20.35000','0.00000','0.00000','220.00000','20.35000','0.00','0.00000','0.00','0.00000','0.00',NULL,'0.00',144,'P','144','1.00000',2,1,'','192.168.9.1','2012-04-03 09:35:47',42,'2012-04-03 09:35:47',42,'0000-00-00 00:00:00',0),(16,42,1,'d760014','p_34f12','240.35000','240.35000','20.35000','0.00000','0.00000','220.00000','20.35000','0.00','0.00000','0.00','0.00000','0.00',NULL,'0.00',144,'P','144','1.00000',2,1,'','192.168.9.1','2012-04-03 09:36:38',42,'2012-04-03 09:36:38',42,'0000-00-00 00:00:00',0),(17,42,1,'e598015','p_2753d','240.35000','240.35000','20.35000','0.00000','0.00000','220.00000','20.35000','0.00','0.00000','0.00','0.00000','0.00',NULL,'0.00',144,'P','144','1.00000',2,1,'','192.168.9.1','2012-04-03 09:38:03',42,'2012-04-03 09:38:03',42,'0000-00-00 00:00:00',0),(18,42,1,'7117016','p_ea6a1','240.35000','240.35000','20.35000','0.00000','0.00000','220.00000','20.35000','0.00','0.00000','0.00','0.00000','0.00',NULL,'0.00',144,'P','144','1.00000',2,1,'','192.168.9.1','2012-04-03 09:38:36',42,'2012-04-03 09:38:36',42,'0000-00-00 00:00:00',0),(19,42,1,'b68b017','p_247ab','240.35000','240.35000','20.35000','0.00000','0.00000','220.00000','20.35000','0.00','0.00000','0.00','0.00000','0.00',NULL,'0.00',144,'P','144','1.00000',2,1,'','192.168.9.1','2012-04-03 09:39:06',42,'2012-04-03 09:39:06',42,'0000-00-00 00:00:00',0),(20,42,1,'b169018','p_57d6f','253.48000','240.35000','21.46000','0.00000','0.00000','220.00000','20.35000','0.00','0.00000','12.02','1.11000','0.00',NULL,'0.00',144,'P','144','1.00000',1,1,'','192.168.9.1','2012-04-03 09:39:27',42,'2012-04-03 09:39:27',42,'0000-00-00 00:00:00',0),(21,42,1,'63da019','p_4b3e9','242.56000','230.00000','23.72000','-37.66000','-37.66000','245.00000','22.66000','0.00','0.00000','11.50','1.06000','0.00',NULL,'-37.66',144,'P','144','1.00000',1,1,'','127.0.0.1','2012-04-09 13:50:35',42,'2012-04-09 13:50:35',42,'0000-00-00 00:00:00',0),(22,42,1,'6aa0020','p_7fb54','138.27000','131.10000','11.71000','0.00000','0.00000','120.00000','11.10000','0.00','0.00000','6.56','0.61000','0.00',NULL,'0.00',144,'P','144','1.00000',1,1,'','201.74.172.198','2012-09-14 17:19:04',42,'2012-09-14 17:19:04',42,'0000-00-00 00:00:00',0),(23,42,1,'11e5021','p_bb921','280.49000','265.96000','23.75000','0.00000','0.00000','243.44000','22.52000','0.00','0.00000','13.30','1.23000','0.00',NULL,'0.00',20,'P','20','1.00000',1,1,'','201.74.172.198','2012-09-14 17:23:55',42,'2012-09-14 17:23:55',42,'0000-00-00 00:00:00',0),(24,42,1,'7bce022','p_f65b8','280.49000','265.96000','23.75000','0.00000','0.00000','243.44000','22.52000','0.00','0.00000','13.30','1.23000','0.00',NULL,'0.00',20,'P','20','1.00000',1,1,'','201.74.172.198','2012-09-14 17:24:53',42,'2012-09-14 17:24:53',42,'0000-00-00 00:00:00',0),(25,42,1,'eb39023','p_8e04c','280.49000','265.96000','23.75000','0.00000','0.00000','243.44000','22.52000','0.00','0.00000','13.30','1.23000','0.00',NULL,'0.00',20,'P','20','1.00000',1,1,'','201.74.172.198','2012-09-14 17:28:41',42,'2012-09-14 17:28:41',42,'0000-00-00 00:00:00',0),(26,42,1,'a9c0024','p_73f08','280.49000','265.96000','23.75000','0.00000','0.00000','243.44000','22.52000','0.00','0.00000','13.30','1.23000','0.00',NULL,'0.00',20,'P','20','1.00000',1,1,'','201.74.172.198','2012-09-14 17:32:42',42,'2012-09-14 17:32:42',42,'0000-00-00 00:00:00',0),(27,42,1,'ae2f025','p_7fce0','280.49000','265.96000','23.75000','0.00000','0.00000','243.44000','22.52000','0.00','0.00000','13.30','1.23000','0.00',NULL,'0.00',20,'P','20','1.00000',1,1,'','201.74.172.198','2012-09-14 17:37:18',42,'2012-09-14 17:37:18',42,'0000-00-00 00:00:00',0),(28,42,1,'c26b026','p_d4bf5','280.49000','265.96000','23.75000','0.00000','0.00000','243.44000','22.52000','0.00','0.00000','13.30','1.23000','0.00',NULL,'0.00',20,'P','20','1.00000',1,3,'','201.74.172.198','2012-09-14 17:48:45',42,'2012-09-14 17:48:45',42,'0000-00-00 00:00:00',0),(29,43,1,'f2b9027','p_14f61','554.71000','500.96000','68.50000','-308.01000','-308.01000','740.47000','68.50000','53.75','0.00000','0.00','0.00000','0.00',NULL,'-308.01',20,'P','20','1.00000',3,3,'','201.74.172.198','2012-09-14 18:51:41',43,'2012-09-14 18:51:41',43,'0000-00-00 00:00:00',0),(30,43,1,'fdd1028','p_86123','554.71000','500.96000','68.50000','-308.01000','-308.01000','740.47000','68.50000','53.75','0.00000','0.00','0.00000','0.00',NULL,'-308.01',20,'P','20','1.00000',4,3,'','201.74.172.198','2012-09-14 18:56:06',43,'2012-09-14 18:56:06',43,'0000-00-00 00:00:00',0);
/*!40000 ALTER TABLE `jos_virtuemart_orders` ENABLE KEYS */;
UNLOCK TABLES;

--
-- Table structure for table `jos_virtuemart_orderstates`
--

DROP TABLE IF EXISTS `jos_virtuemart_orderstates`;
/*!40101 SET @saved_cs_client     = @@character_set_client */;
/*!40101 SET character_set_client = utf8 */;
CREATE TABLE `jos_virtuemart_orderstates` (
  `virtuemart_orderstate_id` tinyint(1) unsigned NOT NULL AUTO_INCREMENT,
  `virtuemart_vendor_id` smallint(11) NOT NULL DEFAULT '1',
  `order_status_code` char(1) NOT NULL DEFAULT '',
  `order_status_name` char(64) DEFAULT NULL,
  `order_status_description` text,
  `ordering` int(2) NOT NULL DEFAULT '0',
  `published` tinyint(1) NOT NULL DEFAULT '1',
  `created_on` datetime NOT NULL DEFAULT '0000-00-00 00:00:00',
  `created_by` int(11) NOT NULL DEFAULT '0',
  `modified_on` datetime NOT NULL DEFAULT '0000-00-00 00:00:00',
  `modified_by` int(11) NOT NULL DEFAULT '0',
  `locked_on` datetime NOT NULL DEFAULT '0000-00-00 00:00:00',
  `locked_by` int(11) NOT NULL DEFAULT '0',
  PRIMARY KEY (`virtuemart_orderstate_id`),
  KEY `idx_order_status_ordering` (`ordering`),
  KEY `idx_order_status_virtuemart_vendor_id` (`virtuemart_vendor_id`)
) ENGINE=MyISAM AUTO_INCREMENT=6 DEFAULT CHARSET=utf8 COMMENT='All available order statuses';
/*!40101 SET character_set_client = @saved_cs_client */;

--
-- Dumping data for table `jos_virtuemart_orderstates`
--

LOCK TABLES `jos_virtuemart_orderstates` WRITE;
/*!40000 ALTER TABLE `jos_virtuemart_orderstates` DISABLE KEYS */;
INSERT INTO `jos_virtuemart_orderstates` VALUES (1,1,'P','Pending','',1,1,'0000-00-00 00:00:00',0,'0000-00-00 00:00:00',0,'0000-00-00 00:00:00',0),(2,1,'C','Confirmed','',2,1,'0000-00-00 00:00:00',0,'0000-00-00 00:00:00',0,'0000-00-00 00:00:00',0),(3,1,'X','Cancelled','',3,1,'0000-00-00 00:00:00',0,'0000-00-00 00:00:00',0,'0000-00-00 00:00:00',0),(4,1,'R','Refunded','',4,1,'0000-00-00 00:00:00',0,'0000-00-00 00:00:00',0,'0000-00-00 00:00:00',0),(5,1,'S','Shipped','',5,1,'0000-00-00 00:00:00',0,'0000-00-00 00:00:00',0,'0000-00-00 00:00:00',0);
/*!40000 ALTER TABLE `jos_virtuemart_orderstates` ENABLE KEYS */;
UNLOCK TABLES;

--
-- Table structure for table `jos_virtuemart_payment_plg_bancodobrasil`
--

DROP TABLE IF EXISTS `jos_virtuemart_payment_plg_bancodobrasil`;
/*!40101 SET @saved_cs_client     = @@character_set_client */;
/*!40101 SET character_set_client = utf8 */;
CREATE TABLE `jos_virtuemart_payment_plg_bancodobrasil` (
  `id` tinyint(1) unsigned NOT NULL AUTO_INCREMENT,
  `virtuemart_order_id` int(11) unsigned DEFAULT NULL,
  `order_number` char(32) DEFAULT NULL,
  `virtuemart_paymentmethod_id` mediumint(1) unsigned DEFAULT NULL,
  `payment_name` char(255) NOT NULL DEFAULT '',
  `payment_order_total` decimal(15,5) NOT NULL DEFAULT '0.00000',
  `payment_currency` char(3) DEFAULT NULL,
  `cost_per_transaction` decimal(10,2) DEFAULT NULL,
  `cost_percent_total` decimal(10,2) DEFAULT NULL,
  `tax_id` smallint(11) DEFAULT NULL,
  `created_on` datetime NOT NULL DEFAULT '0000-00-00 00:00:00',
  `created_by` int(11) NOT NULL DEFAULT '0',
  `modified_on` datetime NOT NULL DEFAULT '0000-00-00 00:00:00',
  `modified_by` int(11) NOT NULL DEFAULT '0',
  `locked_on` datetime NOT NULL DEFAULT '0000-00-00 00:00:00',
  `locked_by` int(11) NOT NULL DEFAULT '0',
  PRIMARY KEY (`id`)
) ENGINE=MyISAM AUTO_INCREMENT=2 DEFAULT CHARSET=utf8 COMMENT='Payment Bancodobrasil Table';
/*!40101 SET character_set_client = @saved_cs_client */;

--
-- Dumping data for table `jos_virtuemart_payment_plg_bancodobrasil`
--

LOCK TABLES `jos_virtuemart_payment_plg_bancodobrasil` WRITE;
/*!40000 ALTER TABLE `jos_virtuemart_payment_plg_bancodobrasil` DISABLE KEYS */;
INSERT INTO `jos_virtuemart_payment_plg_bancodobrasil` VALUES (1,30,'fdd1028',4,'<img align=\"middle\" src=\"http://anaperotti.com.br/images/stories/virtuemart/payment/bancodobrasil_botao.png\"  alt=\"bancodobrasil_botao\" />  <span class=\"vmpayment_name\">Banco do Brasil</span><span class=\"vmpayment_description\">Pague com Boleto ou Transfer','554.71000','BRL','0.00','0.00',0,'2012-09-14 18:56:06',43,'2012-09-14 18:56:06',43,'0000-00-00 00:00:00',0);
/*!40000 ALTER TABLE `jos_virtuemart_payment_plg_bancodobrasil` ENABLE KEYS */;
UNLOCK TABLES;

--
-- Table structure for table `jos_virtuemart_payment_plg_paypal`
--

DROP TABLE IF EXISTS `jos_virtuemart_payment_plg_paypal`;
/*!40101 SET @saved_cs_client     = @@character_set_client */;
/*!40101 SET character_set_client = utf8 */;
CREATE TABLE `jos_virtuemart_payment_plg_paypal` (
  `id` int(11) unsigned NOT NULL AUTO_INCREMENT,
  `virtuemart_order_id` int(1) unsigned DEFAULT NULL,
  `order_number` char(32) DEFAULT NULL,
  `virtuemart_paymentmethod_id` mediumint(1) unsigned DEFAULT NULL,
  `payment_name` varchar(5000) DEFAULT NULL,
  `payment_order_total` decimal(15,5) NOT NULL DEFAULT '0.00000',
  `payment_currency` char(3) DEFAULT NULL,
  `cost_per_transaction` decimal(10,2) DEFAULT NULL,
  `cost_percent_total` decimal(10,2) DEFAULT NULL,
  `tax_id` smallint(1) DEFAULT NULL,
  `paypal_custom` varchar(255) DEFAULT NULL,
  `paypal_response_mc_gross` decimal(10,2) DEFAULT NULL,
  `paypal_response_mc_currency` char(10) DEFAULT NULL,
  `paypal_response_invoice` char(32) DEFAULT NULL,
  `paypal_response_protection_eligibility` char(128) DEFAULT NULL,
  `paypal_response_payer_id` char(13) DEFAULT NULL,
  `paypal_response_tax` decimal(10,2) DEFAULT NULL,
  `paypal_response_payment_date` char(28) DEFAULT NULL,
  `paypal_response_payment_status` char(50) DEFAULT NULL,
  `paypal_response_mc_fee` decimal(10,2) DEFAULT NULL,
  `paypal_response_payer_email` char(128) DEFAULT NULL,
  `paypal_response_last_name` char(64) DEFAULT NULL,
  `paypal_response_first_name` char(64) DEFAULT NULL,
  `paypal_response_business` char(128) DEFAULT NULL,
  `paypal_response_receiver_email` char(128) DEFAULT NULL,
  `paypal_response_transaction_subject` char(128) DEFAULT NULL,
  `paypal_response_residence_country` char(2) DEFAULT NULL,
  `paypalresponse_raw` varchar(512) DEFAULT NULL,
  `created_on` datetime NOT NULL DEFAULT '0000-00-00 00:00:00',
  `created_by` int(11) NOT NULL DEFAULT '0',
  `modified_on` datetime NOT NULL DEFAULT '0000-00-00 00:00:00',
  `modified_by` int(11) NOT NULL DEFAULT '0',
  `locked_on` datetime NOT NULL DEFAULT '0000-00-00 00:00:00',
  `locked_by` int(11) NOT NULL DEFAULT '0',
  PRIMARY KEY (`id`)
) ENGINE=MyISAM DEFAULT CHARSET=utf8 COMMENT='Payment Paypal Table';
/*!40101 SET character_set_client = @saved_cs_client */;

--
-- Dumping data for table `jos_virtuemart_payment_plg_paypal`
--

LOCK TABLES `jos_virtuemart_payment_plg_paypal` WRITE;
/*!40000 ALTER TABLE `jos_virtuemart_payment_plg_paypal` DISABLE KEYS */;
/*!40000 ALTER TABLE `jos_virtuemart_payment_plg_paypal` ENABLE KEYS */;
UNLOCK TABLES;

--
-- Table structure for table `jos_virtuemart_payment_plg_payzen`
--

DROP TABLE IF EXISTS `jos_virtuemart_payment_plg_payzen`;
/*!40101 SET @saved_cs_client     = @@character_set_client */;
/*!40101 SET character_set_client = utf8 */;
CREATE TABLE `jos_virtuemart_payment_plg_payzen` (
  `id` int(11) unsigned NOT NULL AUTO_INCREMENT,
  `virtuemart_order_id` int(1) unsigned DEFAULT NULL,
  `order_number` char(64) DEFAULT NULL,
  `virtuemart_paymentmethod_id` mediumint(1) unsigned DEFAULT NULL,
  `payment_name` varchar(5000) DEFAULT NULL,
  `payment_order_total` decimal(15,5) NOT NULL DEFAULT '0.00000',
  `payment_currency` char(3) DEFAULT NULL,
  `cost_per_transaction` decimal(10,2) DEFAULT NULL,
  `cost_percent_total` decimal(10,2) DEFAULT NULL,
  `tax_id` smallint(1) DEFAULT NULL,
  `payzen_custom` varchar(255) NOT NULL DEFAULT '',
  `payzen_response_payment_amount` char(15) NOT NULL DEFAULT '',
  `payzen_response_auth_number` char(10) NOT NULL DEFAULT '',
  `payzen_response_payment_currency` char(3) DEFAULT NULL,
  `payzen_response_payment_mean` char(255) NOT NULL DEFAULT '',
  `payzen_response_payment_date` char(20) NOT NULL DEFAULT '',
  `payzen_response_payment_status` char(3) DEFAULT NULL,
  `payzen_response_payment_message` char(255) DEFAULT NULL,
  `payzen_response_card_number` char(50) DEFAULT NULL,
  `payzen_response_trans_id` char(6) DEFAULT NULL,
  `payzen_response_expiry_month` char(2) DEFAULT NULL,
  `payzen_response_expiry_year` char(4) DEFAULT NULL,
  `created_on` datetime NOT NULL DEFAULT '0000-00-00 00:00:00',
  `created_by` int(11) NOT NULL DEFAULT '0',
  `modified_on` datetime NOT NULL DEFAULT '0000-00-00 00:00:00',
  `modified_by` int(11) NOT NULL DEFAULT '0',
  `locked_on` datetime NOT NULL DEFAULT '0000-00-00 00:00:00',
  `locked_by` int(11) NOT NULL DEFAULT '0',
  PRIMARY KEY (`id`)
) ENGINE=MyISAM AUTO_INCREMENT=3 DEFAULT CHARSET=utf8 COMMENT='Payment PayZen Table';
/*!40101 SET character_set_client = @saved_cs_client */;

--
-- Dumping data for table `jos_virtuemart_payment_plg_payzen`
--

LOCK TABLES `jos_virtuemart_payment_plg_payzen` WRITE;
/*!40000 ALTER TABLE `jos_virtuemart_payment_plg_payzen` DISABLE KEYS */;
INSERT INTO `jos_virtuemart_payment_plg_payzen` VALUES (2,29,'f2b9027',3,'<span class=\"vmpayment_name\">VM - Payment Payzen</span><span class=\"vmpayment_description\">VM - Payment Payzen</span>','0.00000','0','0.00','0.00',0,'79bdc4c26628645028b6e2bd75f63448','0','0','0','0','0','0','0','0','0','0','0','2012-09-14 18:51:41',43,'2012-09-14 18:51:41',43,'0000-00-00 00:00:00',0);
/*!40000 ALTER TABLE `jos_virtuemart_payment_plg_payzen` ENABLE KEYS */;
UNLOCK TABLES;

--
-- Table structure for table `jos_virtuemart_payment_plg_standard`
--

DROP TABLE IF EXISTS `jos_virtuemart_payment_plg_standard`;
/*!40101 SET @saved_cs_client     = @@character_set_client */;
/*!40101 SET character_set_client = utf8 */;
CREATE TABLE `jos_virtuemart_payment_plg_standard` (
  `id` int(1) unsigned NOT NULL AUTO_INCREMENT,
  `virtuemart_order_id` int(1) unsigned DEFAULT NULL,
  `order_number` char(32) DEFAULT NULL,
  `virtuemart_paymentmethod_id` mediumint(1) unsigned DEFAULT NULL,
  `payment_name` varchar(5000) DEFAULT NULL,
  `payment_order_total` decimal(15,5) NOT NULL DEFAULT '0.00000',
  `payment_currency` char(3) DEFAULT NULL,
  `cost_per_transaction` decimal(10,2) DEFAULT NULL,
  `cost_percent_total` decimal(10,2) DEFAULT NULL,
  `tax_id` smallint(1) DEFAULT NULL,
  `created_on` datetime NOT NULL DEFAULT '0000-00-00 00:00:00',
  `created_by` int(11) NOT NULL DEFAULT '0',
  `modified_on` datetime NOT NULL DEFAULT '0000-00-00 00:00:00',
  `modified_by` int(11) NOT NULL DEFAULT '0',
  `locked_on` datetime NOT NULL DEFAULT '0000-00-00 00:00:00',
  `locked_by` int(11) NOT NULL DEFAULT '0',
  PRIMARY KEY (`id`)
) ENGINE=MyISAM AUTO_INCREMENT=15 DEFAULT CHARSET=utf8 COMMENT='Payment Standard Table';
/*!40101 SET character_set_client = @saved_cs_client */;

--
-- Dumping data for table `jos_virtuemart_payment_plg_standard`
--

LOCK TABLES `jos_virtuemart_payment_plg_standard` WRITE;
/*!40000 ALTER TABLE `jos_virtuemart_payment_plg_standard` DISABLE KEYS */;
INSERT INTO `jos_virtuemart_payment_plg_standard` VALUES (4,5,'f53703',1,'<span class=\"vmpayment_name\">VM - Payment Standart</span><span class=\"vmpayment_description\">VM - Payment Standart</span><br />add a message to display with the order','242.56000','USD','0.00','5.00',1,'2012-03-30 12:40:19',42,'2012-03-30 12:40:19',42,'0000-00-00 00:00:00',0),(5,6,'afc804',1,'<span class=\"vmpayment_name\">VM - Payment Standart</span><span class=\"vmpayment_description\">VM - Payment Standart</span><br />add a message to display with the order','1100.21000','USD','0.00','5.00',1,'2012-03-30 14:22:09',42,'2012-03-30 14:22:09',42,'0000-00-00 00:00:00',0),(6,20,'b169018',1,'<span class=\"vmpayment_name\">VM - Payment Standart</span><span class=\"vmpayment_description\">VM - Payment Standart</span><br />add a message to display with the order','253.48000','USD','0.00','5.00',1,'2012-04-03 09:39:27',42,'2012-04-03 09:39:27',42,'0000-00-00 00:00:00',0),(7,21,'63da019',1,'<span class=\"vmpayment_name\">VM - Payment Standart</span><span class=\"vmpayment_description\">VM - Payment Standart</span><br />add a message to display with the order','242.56000','USD','0.00','5.00',1,'2012-04-09 13:50:35',42,'2012-04-09 13:50:35',42,'0000-00-00 00:00:00',0),(8,22,'6aa0020',1,'<span class=\"vmpayment_name\">VM - Payment Standart</span><span class=\"vmpayment_description\">VM - Payment Standart</span><br />add a message to display with the order','138.27000','USD','0.00','5.00',1,'2012-09-14 17:19:04',42,'2012-09-14 17:19:04',42,'0000-00-00 00:00:00',0),(9,23,'11e5021',1,'<span class=\"vmpayment_name\">VM - Payment Standart</span><span class=\"vmpayment_description\">VM - Payment Standart</span><br />add a message to display with the order','280.49000','BRL','0.00','5.00',1,'2012-09-14 17:23:55',42,'2012-09-14 17:23:55',42,'0000-00-00 00:00:00',0),(10,24,'7bce022',1,'<span class=\"vmpayment_name\">VM - Payment Standart</span><span class=\"vmpayment_description\">VM - Payment Standart</span><br />add a message to display with the order','280.49000','BRL','0.00','5.00',1,'2012-09-14 17:24:53',42,'2012-09-14 17:24:53',42,'0000-00-00 00:00:00',0),(11,25,'eb39023',1,'<span class=\"vmpayment_name\">VM - Payment Standart</span><span class=\"vmpayment_description\">VM - Payment Standart</span><br />add a message to display with the order','280.49000','BRL','0.00','5.00',1,'2012-09-14 17:28:41',42,'2012-09-14 17:28:41',42,'0000-00-00 00:00:00',0),(12,26,'a9c0024',1,'<span class=\"vmpayment_name\">VM - Payment Standart</span><span class=\"vmpayment_description\">VM - Payment Standart</span><br />add a message to display with the order','280.49000','BRL','0.00','5.00',1,'2012-09-14 17:32:42',42,'2012-09-14 17:32:42',42,'0000-00-00 00:00:00',0),(13,27,'ae2f025',1,'<span class=\"vmpayment_name\">VM - Payment Standart</span><span class=\"vmpayment_description\">VM - Payment Standart</span><br />add a message to display with the order','280.49000','BRL','0.00','5.00',1,'2012-09-14 17:37:18',42,'2012-09-14 17:37:18',42,'0000-00-00 00:00:00',0),(14,28,'c26b026',1,'<span class=\"vmpayment_name\">VM - Payment Standart</span><span class=\"vmpayment_description\">VM - Payment Standart</span><br />add a message to display with the order','280.49000','BRL','0.00','5.00',1,'2012-09-14 17:48:45',42,'2012-09-14 17:48:45',42,'0000-00-00 00:00:00',0);
/*!40000 ALTER TABLE `jos_virtuemart_payment_plg_standard` ENABLE KEYS */;
UNLOCK TABLES;

--
-- Table structure for table `jos_virtuemart_paymentmethod_shoppergroups`
--

DROP TABLE IF EXISTS `jos_virtuemart_paymentmethod_shoppergroups`;
/*!40101 SET @saved_cs_client     = @@character_set_client */;
/*!40101 SET character_set_client = utf8 */;
CREATE TABLE `jos_virtuemart_paymentmethod_shoppergroups` (
  `id` int(11) unsigned NOT NULL AUTO_INCREMENT,
  `virtuemart_paymentmethod_id` mediumint(1) unsigned NOT NULL DEFAULT '0',
  `virtuemart_shoppergroup_id` smallint(1) unsigned NOT NULL DEFAULT '0',
  PRIMARY KEY (`id`),
  UNIQUE KEY `i_virtuemart_paymentmethod_id` (`virtuemart_paymentmethod_id`,`virtuemart_shoppergroup_id`)
) ENGINE=MyISAM AUTO_INCREMENT=5 DEFAULT CHARSET=utf8 COMMENT='xref table for paymentmethods to shoppergroup';
/*!40101 SET character_set_client = @saved_cs_client */;

--
-- Dumping data for table `jos_virtuemart_paymentmethod_shoppergroups`
--

LOCK TABLES `jos_virtuemart_paymentmethod_shoppergroups` WRITE;
/*!40000 ALTER TABLE `jos_virtuemart_paymentmethod_shoppergroups` DISABLE KEYS */;
INSERT INTO `jos_virtuemart_paymentmethod_shoppergroups` VALUES (1,1,1),(2,2,1),(3,3,1),(4,4,1);
/*!40000 ALTER TABLE `jos_virtuemart_paymentmethod_shoppergroups` ENABLE KEYS */;
UNLOCK TABLES;

--
-- Table structure for table `jos_virtuemart_paymentmethods`
--

DROP TABLE IF EXISTS `jos_virtuemart_paymentmethods`;
/*!40101 SET @saved_cs_client     = @@character_set_client */;
/*!40101 SET character_set_client = utf8 */;
CREATE TABLE `jos_virtuemart_paymentmethods` (
  `virtuemart_paymentmethod_id` mediumint(1) unsigned NOT NULL AUTO_INCREMENT,
  `virtuemart_vendor_id` smallint(11) NOT NULL DEFAULT '1',
  `payment_jplugin_id` int(11) NOT NULL DEFAULT '0',
  `slug` char(255) NOT NULL DEFAULT '',
  `payment_element` char(50) NOT NULL DEFAULT '',
  `payment_params` text,
  `shared` tinyint(1) NOT NULL DEFAULT '0' COMMENT 'valide for all vendors?',
  `ordering` int(2) NOT NULL DEFAULT '0',
  `published` tinyint(1) NOT NULL DEFAULT '1',
  `created_on` datetime NOT NULL DEFAULT '0000-00-00 00:00:00',
  `created_by` int(11) NOT NULL DEFAULT '0',
  `modified_on` datetime NOT NULL DEFAULT '0000-00-00 00:00:00',
  `modified_by` int(11) NOT NULL DEFAULT '0',
  `locked_on` datetime NOT NULL DEFAULT '0000-00-00 00:00:00',
  `locked_by` int(11) NOT NULL DEFAULT '0',
  PRIMARY KEY (`virtuemart_paymentmethod_id`),
  KEY `idx_payment_jplugin_id` (`payment_jplugin_id`),
  KEY `idx_payment_element` (`payment_element`,`virtuemart_vendor_id`),
  KEY `idx_payment_method_ordering` (`ordering`)
) ENGINE=MyISAM AUTO_INCREMENT=5 DEFAULT CHARSET=utf8 COMMENT='The payment methods of your store';
/*!40101 SET character_set_client = @saved_cs_client */;

--
-- Dumping data for table `jos_virtuemart_paymentmethods`
--

LOCK TABLES `jos_virtuemart_paymentmethods` WRITE;
/*!40000 ALTER TABLE `jos_virtuemart_paymentmethods` DISABLE KEYS */;
INSERT INTO `jos_virtuemart_paymentmethods` VALUES (1,1,10033,'','standard','payment_logos=\"\"|countries=[\"223\"]|payment_currency=\"0\"|min_amount=\"0\"|max_amount=\"0\"|cost_per_transaction=\"0\"|cost_percent_total=\"5\"|tax_id=\"1\"|payment_info=\"add a message to display with the order\"|',0,1,1,'2012-03-19 12:35:39',42,'2012-03-19 12:35:39',42,'0000-00-00 00:00:00',0),(2,1,10034,'','paypal','paypal_merchant_email=\"username@email.com\"|paypal_verified_only=\"1\"|payment_currency=\"0\"|sandbox=\"1\"|sandbox_merchant_email=\"\"|payment_logos=\"\"|debug=\"0\"|status_pending=\"P\"|status_success=\"C\"|status_canceled=\"X\"|countries=[\"223\"]|min_amount=\"0\"|max_amount=\"0\"|secure_post=\"\"|ipn_test=\"\"|no_shipping=\"0\"|address_override=\"1\"|cost_per_transaction=\"0\"|cost_percent_total=\"0\"|tax_id=\"1\"|',0,2,1,'2012-03-05 15:06:12',42,'2012-03-05 15:06:12',42,'0000-00-00 00:00:00',0),(3,1,10051,'','payzen','developed_by=\"\"|contact_email=\"\"|contrib_version=\"\"|gateway_version=\"\"|cms_version=\"\"|documentation=\"\"|payment_logos=\"\"|cost_per_transaction=\"\"|cost_percent_total=\"\"|tax_id=\"\"|site_id=\"\"|key_test=\"\"|key_prod=\"\"|ctx_mode=\"\"|platform_url=\"\"|language=\"\"|available_languages=\"\"|capture_delay=\"\"|validation_mode=\"\"|payment_cards=\"\"|min_amount=\"\"|max_amount=\"\"|redirect_enabled=\"\"|redirect_success_timeout=\"\"|redirect_success_message=\"\"|redirect_error_timeout=\"\"|redirect_error_message=\"\"|return_mode=\"\"|url_success=\"\"|url_return=\"\"|url_cancel=\"\"|silent_url=\"\"|order_success_status=\"\"|order_failure_status=\"\"|debug=\"\"|',0,3,1,'2012-03-05 15:23:19',42,'2012-03-05 15:23:19',42,'0000-00-00 00:00:00',0),(4,1,10061,'','bancodobrasil','payment_logos=[\"bancodobrasil_botao.png\"]|modo_teste=\"1\"|convenio=\"\"|cobranca=\"\"|dias_vencimento=\"\"|convenio_teste=\"\"|cobranca_teste=\"\"|dias_vencimento_teste=\"\"|mensagem_boleto=\"\"|tipo_integracao=\"0\"|status_aprovado=\"C\"|status_cancelado=\"X\"|status_aguardando=\"P\"|countries=\"\"|min_amount=\"\"|max_amount=\"\"|cost_per_transaction=\"\"|cost_percent_total=\"\"|tax_id=0|',0,0,1,'2012-09-14 18:55:28',42,'2012-09-14 18:55:28',42,'0000-00-00 00:00:00',0);
/*!40000 ALTER TABLE `jos_virtuemart_paymentmethods` ENABLE KEYS */;
UNLOCK TABLES;

--
-- Table structure for table `jos_virtuemart_paymentmethods_en_gb`
--

DROP TABLE IF EXISTS `jos_virtuemart_paymentmethods_en_gb`;
/*!40101 SET @saved_cs_client     = @@character_set_client */;
/*!40101 SET character_set_client = utf8 */;
CREATE TABLE `jos_virtuemart_paymentmethods_en_gb` (
  `virtuemart_paymentmethod_id` int(1) unsigned NOT NULL AUTO_INCREMENT,
  `payment_name` char(180) NOT NULL DEFAULT '',
  `payment_desc` varchar(20000) NOT NULL DEFAULT '',
  `slug` char(192) NOT NULL DEFAULT '',
  PRIMARY KEY (`virtuemart_paymentmethod_id`),
  UNIQUE KEY `slug` (`slug`)
) ENGINE=MyISAM AUTO_INCREMENT=5 DEFAULT CHARSET=utf8;
/*!40101 SET character_set_client = @saved_cs_client */;

--
-- Dumping data for table `jos_virtuemart_paymentmethods_en_gb`
--

LOCK TABLES `jos_virtuemart_paymentmethods_en_gb` WRITE;
/*!40000 ALTER TABLE `jos_virtuemart_paymentmethods_en_gb` DISABLE KEYS */;
INSERT INTO `jos_virtuemart_paymentmethods_en_gb` VALUES (1,'VM - Payment Standart','VM - Payment Standart','vm-payment-standart'),(2,'VM - Payment Paypal','VM - Payment Paypal','vm-payment-paypal'),(3,'VM - Payment Payzen','VM - Payment Payzen','vm-payment-payzen'),(4,'Banco do Brasil','Pague com Boleto ou Transferência do Banco do Brasil','banco-do-brasil');
/*!40000 ALTER TABLE `jos_virtuemart_paymentmethods_en_gb` ENABLE KEYS */;
UNLOCK TABLES;

--
-- Table structure for table `jos_virtuemart_permgroups`
--

DROP TABLE IF EXISTS `jos_virtuemart_permgroups`;
/*!40101 SET @saved_cs_client     = @@character_set_client */;
/*!40101 SET character_set_client = utf8 */;
CREATE TABLE `jos_virtuemart_permgroups` (
  `virtuemart_permgroup_id` tinyint(1) unsigned NOT NULL AUTO_INCREMENT,
  `virtuemart_vendor_id` smallint(1) unsigned NOT NULL DEFAULT '1',
  `group_name` char(128) DEFAULT NULL,
  `group_level` int(11) DEFAULT NULL,
  `ordering` int(2) NOT NULL DEFAULT '0',
  `shared` tinyint(1) NOT NULL DEFAULT '0',
  `published` tinyint(1) NOT NULL DEFAULT '1',
  `created_on` datetime NOT NULL DEFAULT '0000-00-00 00:00:00',
  `created_by` int(11) NOT NULL DEFAULT '0',
  `modified_on` datetime NOT NULL DEFAULT '0000-00-00 00:00:00',
  `modified_by` int(11) NOT NULL DEFAULT '0',
  `locked_on` datetime NOT NULL DEFAULT '0000-00-00 00:00:00',
  `locked_by` int(11) NOT NULL DEFAULT '0',
  PRIMARY KEY (`virtuemart_permgroup_id`),
  KEY `i_virtuemart_vendor_id` (`virtuemart_vendor_id`)
) ENGINE=MyISAM AUTO_INCREMENT=5 DEFAULT CHARSET=utf8 COMMENT='Holds all the user groups';
/*!40101 SET character_set_client = @saved_cs_client */;

--
-- Dumping data for table `jos_virtuemart_permgroups`
--

LOCK TABLES `jos_virtuemart_permgroups` WRITE;
/*!40000 ALTER TABLE `jos_virtuemart_permgroups` DISABLE KEYS */;
INSERT INTO `jos_virtuemart_permgroups` VALUES (1,1,'admin',0,0,0,1,'0000-00-00 00:00:00',0,'0000-00-00 00:00:00',0,'0000-00-00 00:00:00',0),(2,1,'storeadmin',250,0,0,1,'0000-00-00 00:00:00',0,'0000-00-00 00:00:00',0,'0000-00-00 00:00:00',0),(3,1,'shopper',500,0,0,1,'0000-00-00 00:00:00',0,'0000-00-00 00:00:00',0,'0000-00-00 00:00:00',0),(4,1,'demo',750,0,0,1,'0000-00-00 00:00:00',0,'0000-00-00 00:00:00',0,'0000-00-00 00:00:00',0);
/*!40000 ALTER TABLE `jos_virtuemart_permgroups` ENABLE KEYS */;
UNLOCK TABLES;

--
-- Table structure for table `jos_virtuemart_product_categories`
--

DROP TABLE IF EXISTS `jos_virtuemart_product_categories`;
/*!40101 SET @saved_cs_client     = @@character_set_client */;
/*!40101 SET character_set_client = utf8 */;
CREATE TABLE `jos_virtuemart_product_categories` (
  `id` int(11) unsigned NOT NULL AUTO_INCREMENT,
  `virtuemart_product_id` int(1) unsigned NOT NULL DEFAULT '0',
  `virtuemart_category_id` smallint(1) unsigned NOT NULL DEFAULT '0',
  `ordering` int(11) NOT NULL DEFAULT '0',
  PRIMARY KEY (`id`),
  UNIQUE KEY `i_virtuemart_product_id` (`virtuemart_product_id`,`virtuemart_category_id`)
) ENGINE=MyISAM AUTO_INCREMENT=178 DEFAULT CHARSET=utf8 COMMENT='Maps Products to Categories';
/*!40101 SET character_set_client = @saved_cs_client */;

--
-- Dumping data for table `jos_virtuemart_product_categories`
--

LOCK TABLES `jos_virtuemart_product_categories` WRITE;
/*!40000 ALTER TABLE `jos_virtuemart_product_categories` DISABLE KEYS */;
INSERT INTO `jos_virtuemart_product_categories` VALUES (1,1,1,1),(2,2,1,1),(3,3,1,1),(4,4,1,1),(5,5,1,1),(6,6,3,1),(7,7,3,1),(8,8,3,1),(9,9,3,1),(10,10,3,1),(11,11,4,1),(12,12,4,1),(13,13,4,1),(14,14,4,1),(15,15,6,1),(16,16,6,1),(17,17,6,1),(18,18,6,1),(19,19,6,1),(20,20,6,1),(21,21,6,1),(22,22,7,1),(23,23,7,1),(24,24,7,1),(25,25,7,1),(26,26,8,1),(27,27,8,1),(28,28,8,1),(29,29,8,1),(30,30,9,1),(31,31,9,1),(32,32,9,1),(33,33,10,1),(34,34,10,1),(35,35,10,1),(36,36,11,1),(37,37,11,1),(38,38,11,1),(39,39,11,1),(40,40,12,1),(41,41,12,1),(42,42,12,1),(43,43,13,1),(44,44,13,1),(45,45,13,1),(46,46,14,1),(47,47,14,1),(48,48,14,1),(49,49,14,1),(50,50,15,1),(51,51,15,1),(52,52,15,1),(53,53,16,1),(54,54,16,1),(55,55,16,1),(56,56,17,1),(57,57,17,1),(58,58,17,1),(59,59,17,1),(60,60,17,1),(61,61,18,1),(62,62,18,1),(63,63,18,1),(64,64,18,1),(65,65,18,1),(66,66,19,1),(67,67,19,1),(68,68,19,1),(69,69,19,1),(70,70,19,1),(71,71,20,1),(72,72,20,1),(73,73,20,1),(74,74,20,1),(75,75,20,1),(76,76,21,1),(77,77,21,1),(78,78,21,1),(79,79,21,1),(80,80,21,1);
/*!40000 ALTER TABLE `jos_virtuemart_product_categories` ENABLE KEYS */;
UNLOCK TABLES;

--
-- Table structure for table `jos_virtuemart_product_customfields`
--

DROP TABLE IF EXISTS `jos_virtuemart_product_customfields`;
/*!40101 SET @saved_cs_client     = @@character_set_client */;
/*!40101 SET character_set_client = utf8 */;
CREATE TABLE `jos_virtuemart_product_customfields` (
  `virtuemart_customfield_id` int(11) unsigned NOT NULL AUTO_INCREMENT COMMENT 'field id',
  `virtuemart_product_id` int(11) NOT NULL DEFAULT '0',
  `virtuemart_custom_id` int(11) NOT NULL DEFAULT '1' COMMENT 'custom group id',
  `custom_value` char(255) DEFAULT NULL COMMENT 'field value',
  `custom_price` char(255) DEFAULT NULL COMMENT 'price',
  `custom_param` text COMMENT 'Param for Plugins',
  `published` tinyint(1) NOT NULL DEFAULT '1',
  `created_on` datetime NOT NULL DEFAULT '0000-00-00 00:00:00',
  `created_by` int(1) unsigned NOT NULL DEFAULT '0',
  `modified_on` datetime NOT NULL DEFAULT '0000-00-00 00:00:00',
  `modified_by` int(1) unsigned NOT NULL DEFAULT '0',
  `locked_on` datetime NOT NULL DEFAULT '0000-00-00 00:00:00',
  `locked_by` int(1) unsigned NOT NULL DEFAULT '0',
  `ordering` int(2) NOT NULL DEFAULT '0',
  PRIMARY KEY (`virtuemart_customfield_id`),
  KEY `idx_virtuemart_product_id` (`virtuemart_product_id`),
  KEY `idx_virtuemart_custom_id` (`virtuemart_custom_id`),
  KEY `idx_custom_value` (`custom_value`)
) ENGINE=MyISAM AUTO_INCREMENT=29 DEFAULT CHARSET=utf8 COMMENT='custom fields';
/*!40101 SET character_set_client = @saved_cs_client */;

--
-- Dumping data for table `jos_virtuemart_product_customfields`
--

LOCK TABLES `jos_virtuemart_product_customfields` WRITE;
/*!40000 ALTER TABLE `jos_virtuemart_product_customfields` DISABLE KEYS */;
INSERT INTO `jos_virtuemart_product_customfields` VALUES (20,1,2,'3',NULL,'',0,'2012-04-09 12:54:54',42,'2012-04-09 12:54:54',42,'0000-00-00 00:00:00',0,0),(21,1,2,'12',NULL,'',0,'2012-04-09 12:54:54',42,'2012-04-09 12:54:54',42,'0000-00-00 00:00:00',0,0),(22,2,1,'6',NULL,'',0,'2012-03-30 08:36:26',42,'2012-03-30 08:36:26',42,'0000-00-00 00:00:00',0,0),(23,2,1,'8',NULL,'',0,'2012-03-30 08:36:26',42,'2012-03-30 08:36:26',42,'0000-00-00 00:00:00',0,0),(24,2,1,'10',NULL,'',0,'2012-03-30 08:36:26',42,'2012-03-30 08:36:26',42,'0000-00-00 00:00:00',0,0);
/*!40000 ALTER TABLE `jos_virtuemart_product_customfields` ENABLE KEYS */;
UNLOCK TABLES;

--
-- Table structure for table `jos_virtuemart_product_downloads`
--

DROP TABLE IF EXISTS `jos_virtuemart_product_downloads`;
/*!40101 SET @saved_cs_client     = @@character_set_client */;
/*!40101 SET character_set_client = utf8 */;
CREATE TABLE `jos_virtuemart_product_downloads` (
  `virtuemart_product_id` int(11) unsigned NOT NULL AUTO_INCREMENT,
  `virtuemart_user_id` int(1) unsigned NOT NULL DEFAULT '0',
  `virtuemart_order_id` int(1) unsigned NOT NULL DEFAULT '0',
  `end_date` datetime NOT NULL DEFAULT '0000-00-00 00:00:00',
  `download_max` int(1) unsigned NOT NULL DEFAULT '0',
  `download_id` char(32) NOT NULL DEFAULT '',
  `file_name` char(255) NOT NULL DEFAULT '',
  `published` tinyint(1) NOT NULL DEFAULT '1',
  `created_on` datetime NOT NULL DEFAULT '0000-00-00 00:00:00',
  `created_by` int(11) NOT NULL DEFAULT '0',
  `modified_on` datetime NOT NULL DEFAULT '0000-00-00 00:00:00',
  `modified_by` int(11) NOT NULL DEFAULT '0',
  `locked_on` datetime NOT NULL DEFAULT '0000-00-00 00:00:00',
  `locked_by` int(11) NOT NULL DEFAULT '0',
  PRIMARY KEY (`virtuemart_product_id`),
  KEY `virtuemart_user_id` (`virtuemart_user_id`),
  KEY `virtuemart_order_id` (`virtuemart_order_id`)
) ENGINE=MyISAM DEFAULT CHARSET=utf8 COMMENT='Active downloads for selling downloadable goods';
/*!40101 SET character_set_client = @saved_cs_client */;

--
-- Dumping data for table `jos_virtuemart_product_downloads`
--

LOCK TABLES `jos_virtuemart_product_downloads` WRITE;
/*!40000 ALTER TABLE `jos_virtuemart_product_downloads` DISABLE KEYS */;
/*!40000 ALTER TABLE `jos_virtuemart_product_downloads` ENABLE KEYS */;
UNLOCK TABLES;

--
-- Table structure for table `jos_virtuemart_product_manufacturers`
--

DROP TABLE IF EXISTS `jos_virtuemart_product_manufacturers`;
/*!40101 SET @saved_cs_client     = @@character_set_client */;
/*!40101 SET character_set_client = utf8 */;
CREATE TABLE `jos_virtuemart_product_manufacturers` (
  `id` int(11) unsigned NOT NULL AUTO_INCREMENT,
  `virtuemart_product_id` int(11) DEFAULT NULL,
  `virtuemart_manufacturer_id` smallint(1) unsigned DEFAULT NULL,
  PRIMARY KEY (`id`),
  UNIQUE KEY `i_virtuemart_product_id` (`virtuemart_product_id`,`virtuemart_manufacturer_id`)
) ENGINE=MyISAM AUTO_INCREMENT=106 DEFAULT CHARSET=utf8 COMMENT='Maps a product to a manufacturer';
/*!40101 SET character_set_client = @saved_cs_client */;

--
-- Dumping data for table `jos_virtuemart_product_manufacturers`
--

LOCK TABLES `jos_virtuemart_product_manufacturers` WRITE;
/*!40000 ALTER TABLE `jos_virtuemart_product_manufacturers` DISABLE KEYS */;
INSERT INTO `jos_virtuemart_product_manufacturers` VALUES (1,1,0),(2,2,0),(3,3,0),(4,4,0),(5,5,0),(6,6,0),(7,7,0),(8,8,2),(9,9,2),(10,10,3),(11,11,3),(12,12,3),(13,13,4),(14,14,4),(15,15,4),(16,16,5),(17,17,5),(18,18,5),(19,19,1),(20,20,1),(21,21,1),(22,22,2),(23,23,2),(24,24,2),(25,25,2),(26,26,2),(27,27,2),(28,28,3),(29,29,3),(30,30,3),(31,31,3),(32,32,3),(33,33,3),(34,34,4),(35,35,4),(36,36,4),(37,37,4),(38,38,5),(39,39,5),(40,40,5),(41,41,1),(42,42,2),(43,43,3),(44,44,4),(45,45,5),(46,46,5),(47,47,3),(48,48,2),(49,49,2),(50,50,2),(51,51,4),(52,52,4),(53,53,4),(54,54,1),(55,55,1),(56,56,1),(57,57,2),(58,58,2),(59,59,3),(60,60,3),(61,61,3),(62,62,4),(63,63,4),(64,64,4),(65,65,5),(66,66,5),(67,67,1),(68,68,5),(69,69,5),(70,70,5),(71,71,3),(72,72,3),(73,73,1),(74,74,1),(75,75,1),(76,76,2),(77,77,2),(78,78,2),(79,79,1),(80,80,1);
/*!40000 ALTER TABLE `jos_virtuemart_product_manufacturers` ENABLE KEYS */;
UNLOCK TABLES;

--
-- Table structure for table `jos_virtuemart_product_medias`
--

DROP TABLE IF EXISTS `jos_virtuemart_product_medias`;
/*!40101 SET @saved_cs_client     = @@character_set_client */;
/*!40101 SET character_set_client = utf8 */;
CREATE TABLE `jos_virtuemart_product_medias` (
  `id` int(11) unsigned NOT NULL AUTO_INCREMENT,
  `virtuemart_product_id` int(1) unsigned NOT NULL DEFAULT '0',
  `virtuemart_media_id` int(1) unsigned NOT NULL DEFAULT '0',
  `ordering` int(2) NOT NULL DEFAULT '0',
  PRIMARY KEY (`id`),
  UNIQUE KEY `i_virtuemart_category_id` (`virtuemart_product_id`,`virtuemart_media_id`)
) ENGINE=MyISAM AUTO_INCREMENT=135 DEFAULT CHARSET=utf8;
/*!40101 SET character_set_client = @saved_cs_client */;

--
-- Dumping data for table `jos_virtuemart_product_medias`
--

LOCK TABLES `jos_virtuemart_product_medias` WRITE;
/*!40000 ALTER TABLE `jos_virtuemart_product_medias` DISABLE KEYS */;
INSERT INTO `jos_virtuemart_product_medias` VALUES (1,1,100,1),(2,2,101,1),(3,3,102,1),(4,4,103,1),(5,5,104,1),(6,6,105,1),(7,7,106,1),(8,8,107,1),(9,9,108,1),(10,10,109,1),(11,11,110,1),(12,12,111,1),(13,13,112,1),(14,14,113,1),(15,15,114,1),(16,16,115,1),(17,17,116,1),(18,18,117,1),(19,19,118,1),(20,20,119,1),(21,21,120,1),(22,22,121,1),(23,23,122,1),(24,24,123,1),(25,25,124,1),(26,26,125,1),(27,27,126,1),(28,28,127,1),(29,29,128,1),(30,30,129,1),(31,31,130,1),(32,32,131,1),(33,33,132,1),(34,34,133,1),(35,35,134,1),(36,36,135,1),(37,37,136,1),(38,38,137,1),(39,39,138,1),(40,40,139,1),(41,41,140,1),(42,42,141,1),(43,43,142,1),(44,44,143,1),(45,45,144,1),(46,46,145,1),(47,47,146,1),(48,48,147,1),(49,49,148,1),(50,50,149,1),(51,51,150,1),(52,52,151,1),(53,53,152,1),(54,54,153,1),(55,55,154,1),(56,56,155,1),(57,57,156,1),(58,58,157,1),(59,59,158,1),(60,60,159,1),(61,61,160,1),(62,62,161,1),(63,63,162,1),(64,64,163,1),(65,65,164,1),(66,66,165,1),(67,67,166,1),(68,68,167,1),(69,69,168,1),(70,70,169,1),(71,71,170,1),(72,72,171,1),(73,73,172,1),(74,74,173,1),(75,75,174,1),(76,76,175,1),(77,77,176,1),(78,78,177,1),(79,79,178,1),(80,80,179,1),(81,2,1000,2),(82,2,1001,3),(83,3,1002,2),(84,3,1003,3),(85,4,1004,2),(86,4,1005,3),(87,5,1006,2),(88,5,1007,3),(89,6,1008,2),(90,6,1009,3),(91,7,1010,2),(92,7,1011,3),(93,8,1012,2),(94,8,1013,3),(95,9,1014,2),(96,9,1015,3),(97,10,1016,2),(98,10,1017,3),(99,11,1018,2),(100,11,1019,3),(101,12,1020,2),(102,12,1021,3),(103,13,1022,2),(104,13,1023,3),(105,14,1024,2),(106,14,1025,3),(107,15,1026,2),(108,15,1027,3),(109,16,1028,2),(110,16,1029,3),(111,17,1030,2),(112,17,1031,3),(113,18,1032,2),(114,18,1033,3),(115,19,1034,2),(116,19,1035,3),(117,20,1036,2),(118,20,1037,3),(119,21,1038,2),(120,21,1039,3),(121,22,1040,2),(122,22,1041,3),(123,23,1042,2),(124,23,1043,3),(125,24,1044,2),(126,24,1045,3),(127,25,1002,2),(128,25,1046,3),(129,26,1047,2),(130,26,1048,3),(131,27,1049,2),(132,27,1050,3),(133,28,1049,2),(134,28,1050,3);
/*!40000 ALTER TABLE `jos_virtuemart_product_medias` ENABLE KEYS */;
UNLOCK TABLES;

--
-- Table structure for table `jos_virtuemart_product_prices`
--

DROP TABLE IF EXISTS `jos_virtuemart_product_prices`;
/*!40101 SET @saved_cs_client     = @@character_set_client */;
/*!40101 SET character_set_client = utf8 */;
CREATE TABLE `jos_virtuemart_product_prices` (
  `virtuemart_product_price_id` int(11) unsigned NOT NULL AUTO_INCREMENT,
  `virtuemart_product_id` int(1) unsigned NOT NULL DEFAULT '0',
  `virtuemart_shoppergroup_id` int(11) DEFAULT NULL,
  `product_price` decimal(15,5) DEFAULT NULL,
  `override` tinyint(1) DEFAULT NULL,
  `product_override_price` decimal(15,5) DEFAULT NULL,
  `product_tax_id` int(11) DEFAULT NULL,
  `product_discount_id` int(11) DEFAULT NULL,
  `product_currency` mediumint(3) DEFAULT NULL,
  `product_price_vdate` datetime DEFAULT NULL,
  `product_price_edate` datetime DEFAULT NULL,
  `price_quantity_start` int(11) unsigned DEFAULT NULL,
  `price_quantity_end` int(11) unsigned DEFAULT NULL,
  `created_on` datetime NOT NULL DEFAULT '0000-00-00 00:00:00',
  `created_by` int(11) NOT NULL DEFAULT '0',
  `modified_on` datetime NOT NULL DEFAULT '0000-00-00 00:00:00',
  `modified_by` int(11) NOT NULL DEFAULT '0',
  `locked_on` datetime NOT NULL DEFAULT '0000-00-00 00:00:00',
  `locked_by` int(11) NOT NULL DEFAULT '0',
  PRIMARY KEY (`virtuemart_product_price_id`),
  KEY `idx_product_price_product_id` (`virtuemart_product_id`),
  KEY `idx_product_price_virtuemart_shoppergroup_id` (`virtuemart_shoppergroup_id`)
) ENGINE=MyISAM AUTO_INCREMENT=106 DEFAULT CHARSET=utf8 COMMENT='Holds price records for a product';
/*!40101 SET character_set_client = @saved_cs_client */;

--
-- Dumping data for table `jos_virtuemart_product_prices`
--

LOCK TABLES `jos_virtuemart_product_prices` WRITE;
/*!40000 ALTER TABLE `jos_virtuemart_product_prices` DISABLE KEYS */;
INSERT INTO `jos_virtuemart_product_prices` VALUES (1,1,NULL,'100.00000',1,'95.00000',0,0,144,NULL,NULL,NULL,NULL,'2012-01-11 11:48:49',42,'2012-01-11 11:48:49',42,'0000-00-00 00:00:00',0),(2,2,NULL,'145.00000',1,'135.00000',0,0,144,NULL,NULL,NULL,NULL,'2012-01-11 11:49:54',42,'2012-01-11 11:49:54',42,'0000-00-00 00:00:00',0),(3,3,NULL,'113.00000',1,'105.00000',0,0,144,NULL,NULL,NULL,NULL,'2012-01-11 11:56:21',42,'2012-01-11 11:56:21',42,'0000-00-00 00:00:00',0),(4,4,NULL,'113.00000',1,'109.00000',0,0,144,NULL,NULL,NULL,NULL,'2012-01-11 11:58:40',42,'2012-01-11 11:58:40',42,'0000-00-00 00:00:00',0),(5,5,NULL,'120.00000',1,'115.00000',0,0,144,NULL,NULL,NULL,NULL,'2012-01-11 11:54:59',42,'2012-01-11 11:54:59',42,'0000-00-00 00:00:00',0),(6,6,NULL,'147.00000',1,'140.00000',0,0,144,NULL,NULL,NULL,NULL,'2012-01-11 11:53:59',42,'2012-01-11 11:53:59',42,'0000-00-00 00:00:00',0),(7,7,NULL,'145.00000',0,'0.00000',1,1,144,NULL,NULL,NULL,NULL,'2012-01-11 11:53:36',42,'2012-01-11 11:53:36',42,'0000-00-00 00:00:00',0),(8,8,NULL,'100.00000',0,'0.00000',1,1,144,NULL,NULL,NULL,NULL,'2012-01-11 11:53:10',42,'2012-01-11 11:53:10',42,'0000-00-00 00:00:00',0),(9,9,NULL,'113.00000',0,'0.00000',1,1,144,NULL,NULL,NULL,NULL,'2012-01-11 11:51:58',42,'2012-01-11 11:51:58',42,'0000-00-00 00:00:00',0),(10,10,NULL,'120.00000',0,'0.00000',1,1,144,NULL,NULL,NULL,NULL,'2012-01-11 11:51:18',42,'2012-01-11 11:51:18',42,'0000-00-00 00:00:00',0),(11,11,NULL,'147.00000',0,'0.00000',1,1,144,NULL,NULL,NULL,NULL,'2012-01-11 11:50:39',42,'2012-01-11 11:50:39',42,'0000-00-00 00:00:00',0),(12,12,NULL,'130.00000',1,'125.00000',1,1,144,NULL,NULL,NULL,NULL,'2012-01-11 10:49:44',42,'2012-01-11 10:53:25',42,'0000-00-00 00:00:00',0),(13,13,NULL,'110.00000',0,'0.00000',1,1,144,NULL,NULL,NULL,NULL,'2012-01-11 11:01:08',42,'2012-01-11 11:01:08',42,'0000-00-00 00:00:00',0),(14,14,NULL,'120.00000',1,'115.00000',1,1,144,NULL,NULL,NULL,NULL,'2012-01-11 10:58:15',42,'2012-01-11 10:58:15',42,'0000-00-00 00:00:00',0),(15,15,NULL,'140.00000',0,'0.00000',1,1,144,NULL,NULL,NULL,NULL,'2012-01-11 10:59:25',42,'2012-01-11 10:59:25',42,'0000-00-00 00:00:00',0),(16,16,NULL,'145.00000',0,'0.00000',1,1,144,NULL,NULL,NULL,NULL,'2012-01-11 10:59:40',42,'2012-01-11 10:59:40',42,'0000-00-00 00:00:00',0),(17,17,NULL,'145.00000',1,'135.00000',1,1,144,NULL,NULL,NULL,NULL,'2012-01-11 11:53:36',42,'2012-01-11 11:53:36',42,'0000-00-00 00:00:00',0),(18,18,NULL,'100.00000',0,'0.00000',1,1,144,NULL,NULL,NULL,NULL,'2012-01-11 11:53:10',42,'2012-01-11 11:53:10',42,'0000-00-00 00:00:00',0),(19,19,NULL,'100.00000',1,'95.00000',1,1,144,NULL,NULL,NULL,NULL,'2012-01-11 11:56:47',42,'2012-01-11 11:56:47',42,'0000-00-00 00:00:00',0),(20,20,NULL,'145.00000',0,'0.00000',1,1,144,NULL,NULL,NULL,NULL,'2012-01-11 11:57:20',42,'2012-01-11 11:57:20',42,'0000-00-00 00:00:00',0),(21,21,NULL,'147.00000',0,'0.00000',1,1,144,NULL,NULL,NULL,NULL,'2012-01-11 11:57:43',42,'2012-01-11 11:57:43',42,'0000-00-00 00:00:00',0),(22,22,NULL,'120.00000',0,'0.00000',1,1,144,NULL,NULL,NULL,NULL,'2012-01-11 11:58:09',42,'2012-01-11 11:58:09',42,'0000-00-00 00:00:00',0),(23,23,NULL,'113.00000',0,'0.00000',1,1,144,NULL,NULL,NULL,NULL,'2012-01-11 10:49:44',42,'2012-01-11 11:55:49',42,'0000-00-00 00:00:00',0),(24,24,NULL,'100.00000',1,'95.00000',1,1,144,NULL,NULL,NULL,NULL,'2012-01-11 11:59:33',42,'2012-01-11 11:59:33',42,'0000-00-00 00:00:00',0),(25,25,NULL,'145.00000',1,'135.00000',1,1,144,NULL,NULL,NULL,NULL,'2012-01-11 11:59:57',42,'2012-01-11 11:59:57',42,'0000-00-00 00:00:00',0),(26,26,NULL,'147.00000',0,'0.00000',1,1,144,NULL,NULL,NULL,NULL,'2012-01-11 12:00:31',42,'2012-01-11 12:00:31',42,'0000-00-00 00:00:00',0),(27,27,NULL,'120.00000',0,'0.00000',1,1,144,NULL,NULL,NULL,NULL,'2012-01-11 12:00:54',42,'2012-01-11 12:00:54',42,'0000-00-00 00:00:00',0),(28,28,NULL,'113.00000',0,'0.00000',1,1,144,NULL,NULL,NULL,NULL,'2012-01-11 12:01:34',42,'2012-01-11 12:01:34',42,'0000-00-00 00:00:00',0),(29,29,NULL,'100.00000',1,'95.00000',1,1,144,NULL,NULL,NULL,NULL,'2012-01-11 12:17:53',42,'2012-01-11 12:17:53',42,'0000-00-00 00:00:00',0),(30,30,NULL,'145.00000',0,'0.00000',1,1,144,NULL,NULL,NULL,NULL,'2012-01-11 12:18:08',42,'2012-01-11 12:18:08',42,'0000-00-00 00:00:00',0),(31,31,NULL,'147.00000',0,'0.00000',1,1,144,NULL,NULL,NULL,NULL,'2012-01-11 12:18:21',42,'2012-01-11 12:18:21',42,'0000-00-00 00:00:00',0),(32,32,NULL,'120.00000',1,'115.00000',1,1,144,NULL,NULL,NULL,NULL,'2012-01-11 12:18:35',42,'2012-01-11 12:18:35',42,'0000-00-00 00:00:00',0),(33,33,NULL,'113.00000',0,'0.00000',1,10,144,NULL,NULL,NULL,NULL,'2012-01-11 12:18:47',42,'2012-01-11 12:18:47',42,'0000-00-00 00:00:00',0),(34,34,NULL,'100.00000',0,'0.00000',1,1,144,NULL,NULL,NULL,NULL,'2012-01-11 12:04:56',42,'2012-01-11 12:04:56',42,'0000-00-00 00:00:00',0),(35,35,NULL,'145.00000',1,'140.00000',1,1,144,NULL,NULL,NULL,NULL,'2012-01-11 12:05:25',42,'2012-01-11 12:05:25',42,'0000-00-00 00:00:00',0),(36,36,NULL,'147.00000',0,'0.00000',0,0,144,NULL,NULL,NULL,NULL,'2012-01-11 12:05:59',42,'2012-01-11 12:05:59',42,'0000-00-00 00:00:00',0),(37,37,NULL,'120.00000',0,'0.00000',1,1,144,NULL,NULL,NULL,NULL,'2012-01-11 12:06:27',42,'2012-01-11 12:06:27',42,'0000-00-00 00:00:00',0),(38,38,NULL,'113.00000',1,'105.00000',1,1,144,NULL,NULL,NULL,NULL,'2012-01-11 12:06:50',42,'2012-01-11 12:06:50',42,'0000-00-00 00:00:00',0),(39,39,NULL,'113.00000',0,'0.00000',1,1,144,NULL,NULL,NULL,NULL,'2012-01-11 12:08:42',42,'2012-01-11 12:08:42',42,'0000-00-00 00:00:00',0),(40,40,NULL,'100.00000',1,'95.00000',0,0,144,NULL,NULL,NULL,NULL,'2012-01-11 12:10:46',42,'2012-01-11 12:10:46',42,'0000-00-00 00:00:00',0),(41,41,NULL,'145.00000',0,'0.00000',1,1,144,NULL,NULL,NULL,NULL,'2012-01-11 12:11:11',42,'2012-01-11 12:11:11',42,'0000-00-00 00:00:00',0),(42,42,NULL,'147.00000',0,'0.00000',1,1,144,NULL,NULL,NULL,NULL,'2012-01-11 12:11:39',42,'2012-01-11 12:11:39',42,'0000-00-00 00:00:00',0),(43,43,NULL,'120.00000',0,'0.00000',1,1,144,NULL,NULL,NULL,NULL,'2012-01-11 12:12:02',42,'2012-01-11 12:12:02',42,'0000-00-00 00:00:00',0),(44,44,NULL,'113.00000',0,'0.00000',1,1,144,NULL,NULL,NULL,NULL,'2012-01-11 12:12:29',42,'2012-01-11 12:12:29',42,'0000-00-00 00:00:00',0),(45,45,NULL,'113.00000',0,'0.00000',1,1,144,NULL,NULL,NULL,NULL,'2012-01-11 12:16:59',42,'2012-01-11 12:16:59',42,'0000-00-00 00:00:00',0),(46,46,NULL,'120.00000',0,'0.00000',1,1,144,NULL,NULL,NULL,NULL,'2012-01-11 12:16:33',42,'2012-01-11 12:16:33',42,'0000-00-00 00:00:00',0),(47,47,NULL,'147.00000',0,'0.00000',1,1,144,NULL,NULL,NULL,NULL,'2012-01-11 12:16:02',42,'2012-01-11 12:16:02',42,'0000-00-00 00:00:00',0),(48,48,NULL,'145.00000',1,'135.00000',10,1,144,NULL,NULL,NULL,NULL,'2012-01-11 12:15:34',42,'2012-01-11 12:15:34',42,'0000-00-00 00:00:00',0),(49,49,NULL,'100.00000',0,'0.00000',1,1,144,NULL,NULL,NULL,NULL,'2012-01-11 12:20:09',42,'2012-01-11 12:20:09',42,'0000-00-00 00:00:00',0),(50,50,NULL,'113.00000',1,'110.00000',1,1,144,NULL,NULL,NULL,NULL,'2012-01-11 12:19:31',42,'2012-01-11 12:19:31',42,'0000-00-00 00:00:00',0),(51,51,NULL,'100.00000',1,'95.00000',1,1,144,NULL,NULL,NULL,NULL,'2012-01-11 10:49:44',42,'2012-01-11 12:17:18',42,'0000-00-00 00:00:00',0),(52,52,NULL,'145.00000',0,'0.00000',1,1,144,NULL,NULL,NULL,NULL,'2012-01-11 12:21:20',42,'2012-01-11 12:21:20',42,'0000-00-00 00:00:00',0),(53,53,NULL,'147.00000',0,'0.00000',1,1,144,NULL,NULL,NULL,NULL,'2012-01-11 12:22:21',42,'2012-01-11 12:22:21',42,'0000-00-00 00:00:00',0),(54,54,NULL,'120.00000',0,'0.00000',1,1,144,NULL,NULL,NULL,NULL,'2012-01-11 12:22:47',42,'2012-01-11 12:22:47',42,'0000-00-00 00:00:00',0),(55,55,NULL,'113.00000',0,'0.00000',1,1,144,NULL,NULL,NULL,NULL,'2012-01-11 12:23:28',42,'2012-01-11 12:23:28',42,'0000-00-00 00:00:00',0),(56,56,NULL,'100.00000',1,'95.00000',1,1,144,NULL,NULL,NULL,NULL,'2012-01-11 12:24:51',42,'2012-01-11 12:24:51',42,'0000-00-00 00:00:00',0),(57,57,NULL,'145.00000',0,'0.00000',1,1,144,NULL,NULL,NULL,NULL,'2012-01-11 12:25:16',42,'2012-01-11 12:25:16',42,'0000-00-00 00:00:00',0),(58,58,NULL,'147.00000',0,'0.00000',1,1,144,NULL,NULL,NULL,NULL,'2012-01-11 12:25:47',42,'2012-01-11 12:25:47',42,'0000-00-00 00:00:00',0),(59,59,NULL,'120.00000',0,'0.00000',1,1,144,NULL,NULL,NULL,NULL,'2012-01-11 12:26:13',42,'2012-01-11 12:26:13',42,'0000-00-00 00:00:00',0),(60,60,NULL,'113.00000',0,'0.00000',1,1,144,NULL,NULL,NULL,NULL,'2012-01-11 12:26:49',42,'2012-01-11 12:26:49',42,'0000-00-00 00:00:00',0),(61,61,NULL,'145.00000',0,'0.00000',1,1,144,NULL,NULL,NULL,NULL,'2012-01-11 12:27:58',42,'2012-01-11 12:27:58',42,'0000-00-00 00:00:00',0),(62,62,NULL,'147.00000',1,'140.00000',1,1,144,NULL,NULL,NULL,NULL,'2012-01-11 12:28:34',42,'2012-01-11 12:28:34',42,'0000-00-00 00:00:00',0),(63,63,NULL,'120.00000',0,'0.00000',1,1,144,NULL,NULL,NULL,NULL,'2012-01-11 12:29:13',42,'2012-01-11 12:29:13',42,'0000-00-00 00:00:00',0),(64,64,NULL,'113.00000',0,'0.00000',1,1,144,NULL,NULL,NULL,NULL,'2012-01-11 12:29:43',42,'2012-01-11 12:29:43',42,'0000-00-00 00:00:00',0),(65,65,NULL,'113.00000',0,'0.00000',1,1,144,NULL,NULL,NULL,NULL,'2012-01-11 12:30:28',42,'2012-01-11 12:30:28',42,'0000-00-00 00:00:00',0),(66,66,NULL,'145.00000',1,'135.00000',1,1,144,NULL,NULL,NULL,NULL,'2012-01-11 12:31:01',42,'2012-01-11 12:31:01',42,'0000-00-00 00:00:00',0),(67,67,NULL,'147.00000',1,'140.00000',1,1,144,NULL,NULL,NULL,NULL,'2012-01-11 12:31:24',42,'2012-01-11 12:31:24',42,'0000-00-00 00:00:00',0),(68,68,NULL,'120.00000',0,'0.00000',1,1,144,NULL,NULL,NULL,NULL,'2012-01-11 12:31:48',42,'2012-01-11 12:31:48',42,'0000-00-00 00:00:00',0),(69,69,NULL,'113.00000',0,'0.00000',1,1,144,NULL,NULL,NULL,NULL,'2012-01-11 12:32:18',42,'2012-01-11 12:32:18',42,'0000-00-00 00:00:00',0),(70,70,NULL,'145.00000',0,'0.00000',1,1,144,NULL,NULL,NULL,NULL,'2012-01-11 12:33:23',42,'2012-01-11 12:33:23',42,'0000-00-00 00:00:00',0),(71,71,NULL,'147.00000',0,'0.00000',1,1,144,NULL,NULL,NULL,NULL,'2012-01-11 12:35:11',42,'2012-01-11 12:35:11',42,'0000-00-00 00:00:00',0),(72,72,NULL,'120.00000',0,'0.00000',1,1,144,NULL,NULL,NULL,NULL,'2012-01-11 12:33:53',42,'2012-01-11 12:33:53',42,'0000-00-00 00:00:00',0),(73,73,NULL,'113.00000',0,'0.00000',1,1,144,NULL,NULL,NULL,NULL,'2012-01-11 12:34:18',42,'2012-01-11 12:34:18',42,'0000-00-00 00:00:00',0),(74,74,NULL,'113.00000',0,'0.00000',1,1,144,NULL,NULL,NULL,NULL,'2012-01-11 12:36:25',42,'2012-01-11 12:36:25',42,'0000-00-00 00:00:00',0),(75,75,NULL,'145.00000',0,'0.00000',1,1,144,NULL,NULL,NULL,NULL,'2012-01-11 12:36:55',42,'2012-01-11 12:36:55',42,'0000-00-00 00:00:00',0),(76,76,NULL,'120.00000',0,'0.00000',1,1,144,NULL,NULL,NULL,NULL,'2012-01-11 12:37:21',42,'2012-01-11 12:37:21',42,'0000-00-00 00:00:00',0),(77,77,NULL,'113.00000',0,'0.00000',1,1,144,NULL,NULL,NULL,NULL,'2012-01-11 12:37:44',42,'2012-01-11 12:37:44',42,'0000-00-00 00:00:00',0),(78,78,NULL,'147.00000',0,'0.00000',1,1,144,NULL,NULL,NULL,NULL,'2012-01-11 12:38:25',42,'2012-01-11 12:38:25',42,'0000-00-00 00:00:00',0),(79,79,NULL,'145.00000',1,'140.00000',1,1,144,NULL,NULL,NULL,NULL,'2012-01-11 12:39:10',42,'2012-01-11 12:39:10',42,'0000-00-00 00:00:00',0),(80,80,NULL,'120.00000',0,'0.00000',1,1,144,NULL,NULL,NULL,NULL,'2012-01-11 12:39:31',42,'2012-01-11 12:39:31',42,'0000-00-00 00:00:00',0);
/*!40000 ALTER TABLE `jos_virtuemart_product_prices` ENABLE KEYS */;
UNLOCK TABLES;

--
-- Table structure for table `jos_virtuemart_product_relations`
--

DROP TABLE IF EXISTS `jos_virtuemart_product_relations`;
/*!40101 SET @saved_cs_client     = @@character_set_client */;
/*!40101 SET character_set_client = utf8 */;
CREATE TABLE `jos_virtuemart_product_relations` (
  `id` int(11) unsigned NOT NULL AUTO_INCREMENT,
  `virtuemart_product_id` int(1) unsigned NOT NULL DEFAULT '0',
  `related_products` int(11) DEFAULT NULL,
  PRIMARY KEY (`id`),
  UNIQUE KEY `i_virtuemart_product_id` (`virtuemart_product_id`,`related_products`)
) ENGINE=MyISAM DEFAULT CHARSET=utf8;
/*!40101 SET character_set_client = @saved_cs_client */;

--
-- Dumping data for table `jos_virtuemart_product_relations`
--

LOCK TABLES `jos_virtuemart_product_relations` WRITE;
/*!40000 ALTER TABLE `jos_virtuemart_product_relations` DISABLE KEYS */;
/*!40000 ALTER TABLE `jos_virtuemart_product_relations` ENABLE KEYS */;
UNLOCK TABLES;

--
-- Table structure for table `jos_virtuemart_product_shoppergroups`
--

DROP TABLE IF EXISTS `jos_virtuemart_product_shoppergroups`;
/*!40101 SET @saved_cs_client     = @@character_set_client */;
/*!40101 SET character_set_client = utf8 */;
CREATE TABLE `jos_virtuemart_product_shoppergroups` (
  `id` int(11) unsigned NOT NULL AUTO_INCREMENT,
  `virtuemart_product_id` int(1) unsigned NOT NULL DEFAULT '0',
  `virtuemart_shoppergroup_id` smallint(1) unsigned NOT NULL DEFAULT '0',
  PRIMARY KEY (`id`),
  UNIQUE KEY `i_virtuemart_product_id` (`virtuemart_product_id`,`virtuemart_shoppergroup_id`)
) ENGINE=MyISAM AUTO_INCREMENT=2 DEFAULT CHARSET=utf8 COMMENT='Maps Products to Categories';
/*!40101 SET character_set_client = @saved_cs_client */;

--
-- Dumping data for table `jos_virtuemart_product_shoppergroups`
--

LOCK TABLES `jos_virtuemart_product_shoppergroups` WRITE;
/*!40000 ALTER TABLE `jos_virtuemart_product_shoppergroups` DISABLE KEYS */;
/*!40000 ALTER TABLE `jos_virtuemart_product_shoppergroups` ENABLE KEYS */;
UNLOCK TABLES;

--
-- Table structure for table `jos_virtuemart_products`
--

DROP TABLE IF EXISTS `jos_virtuemart_products`;
/*!40101 SET @saved_cs_client     = @@character_set_client */;
/*!40101 SET character_set_client = utf8 */;
CREATE TABLE `jos_virtuemart_products` (
  `virtuemart_product_id` int(11) unsigned NOT NULL AUTO_INCREMENT,
  `virtuemart_vendor_id` smallint(1) unsigned NOT NULL DEFAULT '1',
  `product_parent_id` int(1) unsigned NOT NULL DEFAULT '0',
  `product_sku` char(64) DEFAULT NULL,
  `product_weight` decimal(10,4) DEFAULT NULL,
  `product_weight_uom` char(7) DEFAULT NULL,
  `product_length` decimal(10,4) DEFAULT NULL,
  `product_width` decimal(10,4) DEFAULT NULL,
  `product_height` decimal(10,4) DEFAULT NULL,
  `product_lwh_uom` char(7) DEFAULT NULL,
  `product_url` char(255) DEFAULT NULL,
  `product_in_stock` int(1) unsigned DEFAULT NULL,
  `product_ordered` int(1) unsigned DEFAULT NULL,
  `low_stock_notification` int(1) unsigned DEFAULT NULL,
  `product_available_date` datetime NOT NULL DEFAULT '0000-00-00 00:00:00',
  `product_availability` char(32) DEFAULT NULL,
  `product_special` tinyint(1) DEFAULT NULL,
  `product_sales` int(1) unsigned DEFAULT NULL,
  `product_unit` char(4) DEFAULT NULL,
  `product_packaging` int(11) DEFAULT NULL,
  `product_params` text,
  `hits` int(11) unsigned DEFAULT NULL,
  `intnotes` text,
  `metarobot` text,
  `metaauthor` text,
  `layout` char(16) DEFAULT NULL,
  `published` tinyint(1) DEFAULT NULL,
  `created_on` datetime NOT NULL DEFAULT '0000-00-00 00:00:00',
  `created_by` int(11) NOT NULL DEFAULT '0',
  `modified_on` datetime NOT NULL DEFAULT '0000-00-00 00:00:00',
  `modified_by` int(11) NOT NULL DEFAULT '0',
  `locked_on` datetime NOT NULL DEFAULT '0000-00-00 00:00:00',
  `locked_by` int(11) NOT NULL DEFAULT '0',
  PRIMARY KEY (`virtuemart_product_id`),
  KEY `idx_product_virtuemart_vendor_id` (`virtuemart_vendor_id`),
  KEY `idx_product_product_parent_id` (`product_parent_id`),
  KEY `idx_product_sku` (`product_sku`)
) ENGINE=MyISAM AUTO_INCREMENT=111 DEFAULT CHARSET=utf8 COMMENT='All products are stored here.';
/*!40101 SET character_set_client = @saved_cs_client */;

--
-- Dumping data for table `jos_virtuemart_products`
--

LOCK TABLES `jos_virtuemart_products` WRITE;
/*!40000 ALTER TABLE `jos_virtuemart_products` DISABLE KEYS */;
INSERT INTO `jos_virtuemart_products` VALUES (1,1,0,'PS01','10.0000','KG','10.0000','0.0000','0.0000','M','',20,2,1,'2012-01-11 00:00:00','14d.gif',1,0,'',0,'min_order_level=\"1\"|max_order_level=\"10\"|',NULL,'','','','',1,'2012-01-11 10:49:44',42,'2012-01-11 11:55:49',42,'0000-00-00 00:00:00',0),(2,1,0,'PS02','10.0000','KG','10.0000','0.0000','0.0000','M','',20,0,1,'2012-01-11 00:00:00','1-4w.gif',1,0,'',0,'min_order_level=\"1\"|max_order_level=\"10\"|',NULL,'','','','',1,'2012-01-11 10:49:44',42,'2012-01-11 11:49:54',42,'0000-00-00 00:00:00',0),(3,1,0,'PS03','10.0000','KG','10.0000','0.0000','0.0000','M','',20,0,1,'2012-01-11 00:00:00','1-2m.gif',1,0,'',0,'min_order_level=\"1\"|max_order_level=\"10\"|',NULL,'','','','',1,'2012-01-11 10:49:44',42,'2012-01-11 11:48:49',42,'0000-00-00 00:00:00',0),(4,1,0,'PS04','10.0000','KG','10.0000','0.0000','0.0000','M','',20,0,1,'2012-01-11 00:00:00','1-4w.gif',0,0,'',0,'min_order_level=\"1\"|max_order_level=\"10\"|',NULL,'','','','',1,'2012-01-11 10:49:44',42,'2012-01-11 10:59:25',42,'0000-00-00 00:00:00',0),(5,1,0,'PS05','10.0000','KG','10.0000','0.0000','0.0000','M','',20,0,1,'2012-01-11 00:00:00','1-2m.gif',0,0,'',0,'min_order_level=\"1\"|max_order_level=\"10\"|',NULL,'','','','',1,'2012-01-11 10:49:44',42,'2012-01-11 10:59:40',42,'0000-00-00 00:00:00',0),(6,1,0,'PS06','10.0000','KG','10.0000','0.0000','0.0000','M','',20,0,1,'2012-01-11 00:00:00','14d.gif',0,0,'',0,'min_order_level=\"1\"|max_order_level=\"10\"|',NULL,'','','','',1,'2012-01-11 10:49:44',42,'2012-01-11 11:01:08',42,'0000-00-00 00:00:00',0),(7,1,0,'PS07','10.0000','KG','10.0000','0.0000','0.0000','M','',20,0,1,'2012-01-11 00:00:00','1-2m.gif',0,0,'',0,'min_order_level=\"1\"|max_order_level=\"10\"|',NULL,'','','','',1,'2012-01-11 10:49:44',42,'2012-01-11 10:53:25',42,'0000-00-00 00:00:00',0),(8,1,0,'PS08','10.0000','KG','10.0000','0.0000','0.0000','M','',20,0,1,'2012-01-11 00:00:00','1-2m.gif',0,0,'',0,'min_order_level=\"1\"|max_order_level=\"10\"|',NULL,'','','','',1,'2012-01-11 10:49:44',42,'2012-01-11 11:50:39',42,'0000-00-00 00:00:00',0),(9,1,0,'PS09','10.0000','KG','10.0000','0.0000','0.0000','M','',20,0,1,'2012-01-11 00:00:00','1-2m.gif',0,0,'',0,'min_order_level=\"1\"|max_order_level=\"10\"|',NULL,'','','','',1,'2012-01-11 10:49:44',42,'2012-01-11 11:51:17',42,'0000-00-00 00:00:00',0),(10,1,0,'PS10','10.0000','KG','10.0000','0.0000','0.0000','M','',20,0,1,'2012-01-11 00:00:00','14d.gif',0,0,'',0,'min_order_level=\"1\"|max_order_level=\"10\"|',NULL,'','','','',1,'2012-01-11 10:49:44',42,'2012-01-11 11:51:58',42,'0000-00-00 00:00:00',0),(11,1,0,'PS11','10.0000','KG','10.0000','0.0000','0.0000','M','',20,0,1,'2012-01-11 00:00:00','1-2m.gif',0,0,'',0,'min_order_level=\"1\"|max_order_level=\"10\"|',NULL,'','','','',1,'2012-01-11 10:49:44',42,'2012-01-11 11:53:10',42,'0000-00-00 00:00:00',0),(12,1,0,'PS12','10.0000','KG','10.0000','0.0000','0.0000','M','',20,0,1,'2012-01-11 00:00:00','1-4w.gif',0,0,'',0,'min_order_level=\"1\"|max_order_level=\"10\"|',NULL,'','','','',1,'2012-01-11 10:49:44',42,'2012-01-11 11:53:36',42,'0000-00-00 00:00:00',0),(13,1,0,'PS13','10.0000','KG','10.0000','0.0000','0.0000','M','',20,0,1,'2012-01-11 00:00:00','1-2m.gif',0,0,'',0,'min_order_level=\"1\"|max_order_level=\"10\"|',NULL,'','','','',1,'2012-01-11 10:49:44',42,'2012-01-11 11:53:59',42,'0000-00-00 00:00:00',0),(14,1,0,'PS14','10.0000','KG','10.0000','0.0000','0.0000','M','',20,0,1,'2012-01-11 00:00:00','1-4w.gif',0,0,'',0,'min_order_level=\"1\"|max_order_level=\"10\"|',NULL,'','','','',1,'2012-01-11 10:49:44',42,'2012-01-11 11:54:59',42,'0000-00-00 00:00:00',0),(15,1,0,'PS15','10.0000','KG','10.0000','0.0000','0.0000','M','',20,0,1,'2012-01-11 00:00:00','14d.gif',0,0,'',0,'min_order_level=\"1\"|max_order_level=\"10\"|',NULL,'','','','',1,'2012-01-11 10:49:44',42,'2012-01-11 11:58:40',42,'0000-00-00 00:00:00',0),(16,1,0,'PS16','10.0000','KG','10.0000','0.0000','0.0000','M','',20,0,1,'2012-01-11 00:00:00','14d.gif',0,0,'',0,'min_order_level=\"1\"|max_order_level=\"10\"|',NULL,'','','','',1,'2012-01-11 10:49:44',42,'2012-01-11 11:56:21',42,'0000-00-00 00:00:00',0),(17,1,0,'PS17','10.0000','KG','10.0000','0.0000','0.0000','M','',20,0,1,'2012-01-11 00:00:00','1-2m.gif',0,0,'',0,'min_order_level=\"1\"|max_order_level=\"10\"|',NULL,'','','','',1,'2012-01-11 10:49:44',42,'2012-01-11 11:56:47',42,'0000-00-00 00:00:00',0),(18,1,0,'PS18','10.0000','KG','10.0000','0.0000','0.0000','M','',20,0,1,'2012-01-11 00:00:00','1-4w.gif',0,0,'',0,'min_order_level=\"1\"|max_order_level=\"10\"|',NULL,'','','','',1,'2012-01-11 10:49:44',42,'2012-01-11 11:57:20',42,'0000-00-00 00:00:00',0),(19,1,0,'PS19','10.0000','KG','10.0000','0.0000','0.0000','M','',20,0,1,'2012-01-11 00:00:00','1-2m.gif',0,0,'',0,'min_order_level=\"1\"|max_order_level=\"10\"|',NULL,'','','','',1,'2012-01-11 10:49:44',42,'2012-01-11 11:57:43',42,'0000-00-00 00:00:00',0),(20,1,0,'PS20','10.0000','KG','10.0000','0.0000','0.0000','M','',20,0,1,'2012-01-11 00:00:00','1-4w.gif',0,0,'',0,'min_order_level=\"1\"|max_order_level=\"10\"|',NULL,'','','','',1,'2012-01-11 10:49:44',42,'2012-01-11 11:58:09',42,'0000-00-00 00:00:00',0),(21,1,0,'PS21','10.0000','KG','10.0000','0.0000','0.0000','M','',0,0,0,'2012-01-10 00:00:00','',0,0,'',0,'min_order_level=\"0\"|max_order_level=\"0\"|',NULL,'','','','0',1,'2012-01-10 15:35:06',42,'2012-01-10 15:35:06',42,'0000-00-00 00:00:00',0),(22,1,0,'PS22','10.0000','KG','10.0000','0.0000','0.0000','M','',20,0,1,'2012-01-11 00:00:00','1-2m.gif',0,0,'',0,'min_order_level=\"1\"|max_order_level=\"10\"|',NULL,'','','','',1,'2012-01-11 10:49:44',42,'2012-01-11 11:59:33',42,'0000-00-00 00:00:00',0),(23,1,0,'PS23','10.0000','KG','10.0000','0.0000','0.0000','M','',20,0,1,'2012-01-11 00:00:00','1-4w.gif',0,0,'',0,'min_order_level=\"1\"|max_order_level=\"10\"|',NULL,'','','','',1,'2012-01-11 10:49:44',42,'2012-01-11 11:59:57',42,'0000-00-00 00:00:00',0),(24,1,0,'PS24','10.0000','KG','10.0000','0.0000','0.0000','M','',20,0,1,'2012-01-11 00:00:00','1-2m.gif',0,0,'',0,'min_order_level=\"1\"|max_order_level=\"10\"|',NULL,'','','','',1,'2012-01-11 10:49:44',42,'2012-01-11 12:00:31',42,'0000-00-00 00:00:00',0),(25,1,0,'PS25','10.0000','KG','10.0000','0.0000','0.0000','M','',20,0,1,'2012-01-11 00:00:00','1-4w.gif',0,0,'',0,'min_order_level=\"1\"|max_order_level=\"10\"|',NULL,'','','','',1,'2012-01-11 10:49:44',42,'2012-01-11 12:00:54',42,'0000-00-00 00:00:00',0),(26,1,0,'PS26','10.0000','KG','10.0000','0.0000','0.0000','M','',20,0,1,'2012-01-11 00:00:00','14d.gif',0,0,'',0,'min_order_level=\"1\"|max_order_level=\"10\"|',NULL,'','','','',1,'2012-01-11 10:49:44',42,'2012-01-11 12:01:34',42,'0000-00-00 00:00:00',0),(27,1,0,'PS27','10.0000','KG','10.0000','0.0000','0.0000','M','',20,0,1,'2012-01-11 00:00:00','1-2m.gif',0,0,'',0,'min_order_level=\"1\"|max_order_level=\"10\"|',NULL,'','','','',1,'2012-01-11 10:49:44',42,'2012-01-11 12:17:53',42,'0000-00-00 00:00:00',0),(28,1,0,'PS28','10.0000','KG','10.0000','0.0000','0.0000','M','',20,0,1,'2012-01-11 00:00:00','1-4w.gif',0,0,'',0,'min_order_level=\"1\"|max_order_level=\"10\"|',NULL,'','','','',1,'2012-01-11 10:49:44',42,'2012-01-11 12:18:08',42,'0000-00-00 00:00:00',0),(29,1,0,'PS29','10.0000','KG','10.0000','0.0000','0.0000','M','',20,0,1,'2012-01-11 00:00:00','1-2m.gif',0,0,'',0,'min_order_level=\"1\"|max_order_level=\"10\"|',NULL,'','','','',1,'2012-01-11 10:49:44',42,'2012-01-11 12:18:21',42,'0000-00-00 00:00:00',0),(30,1,0,'PS30','10.0000','KG','10.0000','0.0000','0.0000','M','',20,0,1,'2012-01-11 00:00:00','1-4w.gif',0,0,'',0,'min_order_level=\"1\"|max_order_level=\"10\"|',NULL,'','','','',1,'2012-01-11 10:49:44',42,'2012-01-11 12:18:34',42,'0000-00-00 00:00:00',0),(31,1,0,'PS31','10.0000','KG','10.0000','0.0000','0.0000','M','',20,0,1,'2012-01-11 00:00:00','14d.gif',0,0,'',0,'min_order_level=\"1\"|max_order_level=\"10\"|',NULL,'','','','',1,'2012-01-11 10:49:44',42,'2012-01-11 12:18:47',42,'0000-00-00 00:00:00',0),(32,1,0,'PS32','10.0000','KG','10.0000','0.0000','0.0000','M','',20,0,1,'2012-01-11 00:00:00','1-2m.gif',0,0,'',0,'min_order_level=\"1\"|max_order_level=\"10\"|',NULL,'','','','',1,'2012-01-11 10:49:44',42,'2012-01-11 12:04:56',42,'0000-00-00 00:00:00',0),(33,1,0,'PS33','10.0000','KG','10.0000','0.0000','0.0000','M','',20,0,1,'2012-01-11 00:00:00','1-4w.gif',0,0,'',0,'min_order_level=\"1\"|max_order_level=\"10\"|',NULL,'','','','',1,'2012-01-11 10:49:44',42,'2012-01-11 12:05:25',42,'0000-00-00 00:00:00',0),(34,1,0,'PS34','10.0000','KG','10.0000','0.0000','0.0000','M','',20,0,1,'2012-01-11 00:00:00','1-2m.gif',0,0,'',0,'min_order_level=\"1\"|max_order_level=\"10\"|',NULL,'','','','',1,'2012-01-11 10:49:44',42,'2012-01-11 12:05:59',42,'0000-00-00 00:00:00',0),(35,1,0,'PS35','10.0000','KG','10.0000','0.0000','0.0000','M','',20,0,1,'2012-01-11 00:00:00','1-4w.gif',0,0,'',0,'min_order_level=\"1\"|max_order_level=\"10\"|',NULL,'','','','',1,'2012-01-11 10:49:44',42,'2012-01-11 12:06:27',42,'0000-00-00 00:00:00',0),(36,1,0,'PS36','10.0000','KG','10.0000','0.0000','0.0000','M','',20,0,1,'2012-01-11 00:00:00','14d.gif',0,0,'',0,'min_order_level=\"1\"|max_order_level=\"10\"|',NULL,'','','','',1,'2012-01-11 10:49:44',42,'2012-01-11 12:06:50',42,'0000-00-00 00:00:00',0),(37,1,0,'PS37','10.0000','KG','10.0000','0.0000','0.0000','M','',20,0,1,'2012-01-11 00:00:00','14d.gif',0,0,'',0,'min_order_level=\"1\"|max_order_level=\"10\"|',NULL,'','','','',1,'2012-01-11 10:49:44',42,'2012-01-11 12:08:42',42,'0000-00-00 00:00:00',0),(38,1,0,'PS38','10.0000','KG','10.0000','0.0000','0.0000','M','',20,0,1,'2012-01-11 00:00:00','1-2m.gif',0,0,'',0,'min_order_level=\"1\"|max_order_level=\"10\"|',NULL,'','','','',1,'2012-01-11 10:49:44',42,'2012-01-11 12:10:46',42,'0000-00-00 00:00:00',0),(39,1,0,'PS39','10.0000','KG','10.0000','0.0000','0.0000','M','',20,0,1,'2012-01-11 00:00:00','1-4w.gif',0,0,'',0,'min_order_level=\"1\"|max_order_level=\"10\"|',NULL,'','','','',1,'2012-01-11 10:49:44',42,'2012-01-11 12:11:10',42,'0000-00-00 00:00:00',0),(40,1,0,'PS40','10.0000','KG','10.0000','0.0000','0.0000','M','',20,0,1,'2012-01-11 00:00:00','1-2m.gif',0,0,'',0,'min_order_level=\"1\"|max_order_level=\"10\"|',NULL,'','','','',1,'2012-01-11 10:49:44',42,'2012-01-11 12:11:38',42,'0000-00-00 00:00:00',0),(41,1,0,'PS41','10.0000','KG','10.0000','0.0000','0.0000','M','',20,0,1,'2012-01-11 00:00:00','1-4w.gif',0,0,'',0,'min_order_level=\"1\"|max_order_level=\"10\"|',NULL,'','','','',1,'2012-01-11 10:49:44',42,'2012-01-11 12:12:02',42,'0000-00-00 00:00:00',0),(42,1,0,'PS42','10.0000','KG','10.0000','0.0000','0.0000','M','',20,0,1,'2012-01-11 00:00:00','14d.gif',0,0,'',0,'min_order_level=\"1\"|max_order_level=\"10\"|',NULL,'','','','',1,'2012-01-11 10:49:44',42,'2012-01-11 12:12:29',42,'0000-00-00 00:00:00',0),(43,1,0,'PS43','10.0000','KG','10.0000','0.0000','0.0000','M','',20,0,1,'2012-01-11 00:00:00','1-2m.gif',0,0,'',0,'min_order_level=\"1\"|max_order_level=\"10\"|',NULL,'','','','',1,'2012-01-11 10:49:44',42,'2012-01-11 12:17:18',42,'0000-00-00 00:00:00',0),(44,1,0,'PS44','10.0000','KG','10.0000','0.0000','0.0000','M','',20,0,1,'2012-01-11 00:00:00','1-4w.gif',0,0,'',0,'min_order_level=\"1\"|max_order_level=\"10\"|',NULL,'','','','',1,'2012-01-11 10:49:44',42,'2012-01-11 12:15:34',42,'0000-00-00 00:00:00',0),(45,1,0,'PS45','10.0000','KG','10.0000','0.0000','0.0000','M','',20,0,1,'2012-01-11 00:00:00','1-2m.gif',0,0,'',0,'min_order_level=\"1\"|max_order_level=\"10\"|',NULL,'','','','',1,'2012-01-11 10:49:44',42,'2012-01-11 12:16:02',42,'0000-00-00 00:00:00',0),(46,1,0,'PS46','10.0000','KG','10.0000','0.0000','0.0000','M','',20,0,1,'2012-01-11 00:00:00','1-4w.gif',0,0,'',0,'min_order_level=\"1\"|max_order_level=\"10\"|',NULL,'','','','',1,'2012-01-11 10:49:44',42,'2012-01-11 12:16:33',42,'0000-00-00 00:00:00',0),(47,1,0,'PS47','10.0000','KG','10.0000','0.0000','0.0000','M','',20,0,1,'2012-01-11 00:00:00','14d.gif',0,0,'',0,'min_order_level=\"1\"|max_order_level=\"10\"|',NULL,'','','','',1,'2012-01-11 10:49:44',42,'2012-01-11 12:16:59',42,'0000-00-00 00:00:00',0),(48,1,0,'PS48','10.0000','KG','10.0000','0.0000','0.0000','M','',20,0,1,'2012-01-11 00:00:00','14d.gif',0,0,'',0,'min_order_level=\"1\"|max_order_level=\"10\"|',NULL,'','','','',1,'2012-01-11 10:49:44',42,'2012-01-11 12:19:31',42,'0000-00-00 00:00:00',0),(49,1,0,'PS49','10.0000','KG','10.0000','0.0000','0.0000','M','',20,0,1,'2012-01-11 00:00:00','1-2m.gif',0,0,'',0,'min_order_level=\"1\"|max_order_level=\"10\"|',NULL,'','','','',1,'2012-01-11 10:49:44',42,'2012-01-11 12:20:09',42,'0000-00-00 00:00:00',0),(50,1,0,'PS50','10.0000','KG','10.0000','0.0000','0.0000','M','',20,0,1,'2012-01-11 00:00:00','1-4w.gif',0,0,'',0,'min_order_level=\"1\"|max_order_level=\"10\"|',NULL,'','','','',1,'2012-01-11 10:49:44',42,'2012-01-11 12:21:20',42,'0000-00-00 00:00:00',0),(51,1,0,'PS51','10.0000','KG','10.0000','0.0000','0.0000','M','',20,0,1,'2012-01-11 00:00:00','1-2m.gif',0,0,'',0,'min_order_level=\"1\"|max_order_level=\"10\"|',NULL,'','','','',1,'2012-01-11 10:49:44',42,'2012-01-11 12:22:21',42,'0000-00-00 00:00:00',0),(52,1,0,'PS52','10.0000','KG','10.0000','0.0000','0.0000','M','',20,0,1,'2012-01-11 00:00:00','1-4w.gif',0,0,'',0,'min_order_level=\"1\"|max_order_level=\"10\"|',NULL,'','','','',1,'2012-01-11 10:49:44',42,'2012-01-11 12:22:47',42,'0000-00-00 00:00:00',0),(53,1,0,'PS53','10.0000','KG','10.0000','0.0000','0.0000','M','',20,0,1,'2012-01-11 00:00:00','14d.gif',0,0,'',0,'min_order_level=\"1\"|max_order_level=\"10\"|',NULL,'','','','',1,'2012-01-11 10:49:44',42,'2012-01-11 12:23:28',42,'0000-00-00 00:00:00',0),(54,1,0,'PS54','10.0000','KG','10.0000','0.0000','0.0000','M','',20,0,1,'2012-01-11 00:00:00','1-2m.gif',0,0,'',0,'min_order_level=\"1\"|max_order_level=\"10\"|',NULL,'','','','',1,'2012-01-11 10:49:44',42,'2012-01-11 12:24:51',42,'0000-00-00 00:00:00',0),(55,1,0,'PS55','10.0000','KG','10.0000','0.0000','0.0000','M','',20,0,1,'2012-01-11 00:00:00','1-4w.gif',0,0,'',0,'min_order_level=\"1\"|max_order_level=\"10\"|',NULL,'','','','',1,'2012-01-11 10:49:44',42,'2012-01-11 12:25:16',42,'0000-00-00 00:00:00',0),(56,1,0,'PS56','10.0000','KG','10.0000','0.0000','0.0000','M','',20,0,1,'2012-01-11 00:00:00','1-2m.gif',0,0,'',0,'min_order_level=\"1\"|max_order_level=\"10\"|',NULL,'','','','',1,'2012-01-11 10:49:44',42,'2012-01-11 12:25:47',42,'0000-00-00 00:00:00',0),(57,1,0,'PS57','10.0000','KG','10.0000','0.0000','0.0000','M','',20,0,1,'2012-01-11 00:00:00','1-4w.gif',0,0,'',0,'min_order_level=\"1\"|max_order_level=\"10\"|',NULL,'','','','',1,'2012-01-11 10:49:44',42,'2012-01-11 12:26:13',42,'0000-00-00 00:00:00',0),(58,1,0,'PS58','10.0000','KG','10.0000','0.0000','0.0000','M','',20,0,1,'2012-01-11 00:00:00','14d.gif',0,0,'',0,'min_order_level=\"1\"|max_order_level=\"10\"|',NULL,'','','','',1,'2012-01-11 10:49:44',42,'2012-01-11 12:26:49',42,'0000-00-00 00:00:00',0),(59,1,0,'PS59','10.0000','KG','10.0000','0.0000','0.0000','M','',20,0,1,'2012-01-11 00:00:00','1-4w.gif',0,0,'',0,'min_order_level=\"1\"|max_order_level=\"10\"|',NULL,'','','','',1,'2012-01-11 10:49:44',42,'2012-01-11 12:27:58',42,'0000-00-00 00:00:00',0),(60,1,0,'PS60','10.0000','KG','10.0000','0.0000','0.0000','M','',20,0,1,'2012-01-11 00:00:00','1-2m.gif',0,0,'',0,'min_order_level=\"1\"|max_order_level=\"10\"|',NULL,'','','','',1,'2012-01-11 10:49:44',42,'2012-01-11 12:28:34',42,'0000-00-00 00:00:00',0),(61,1,0,'PS61','10.0000','KG','10.0000','0.0000','0.0000','M','',20,0,1,'2012-01-11 00:00:00','1-4w.gif',0,0,'',0,'min_order_level=\"1\"|max_order_level=\"10\"|',NULL,'','','','',1,'2012-01-11 10:49:44',42,'2012-01-11 12:29:13',42,'0000-00-00 00:00:00',0),(62,1,0,'PS62','10.0000','KG','10.0000','0.0000','0.0000','M','',20,0,1,'2012-01-11 00:00:00','14d.gif',0,0,'',0,'min_order_level=\"1\"|max_order_level=\"10\"|',NULL,'','','','',1,'2012-01-11 10:49:44',42,'2012-01-11 12:29:43',42,'0000-00-00 00:00:00',0),(63,1,0,'PS63','10.0000','KG','10.0000','0.0000','0.0000','M','',20,0,1,'2012-01-11 00:00:00','14d.gif',0,0,'',0,'min_order_level=\"1\"|max_order_level=\"10\"|',NULL,'','','','',1,'2012-01-11 10:49:44',42,'2012-01-11 12:30:28',42,'0000-00-00 00:00:00',0),(64,1,0,'PS64','10.0000','KG','10.0000','0.0000','0.0000','M','',20,0,1,'2012-01-11 00:00:00','1-4w.gif',0,0,'',0,'min_order_level=\"1\"|max_order_level=\"10\"|',NULL,'','','','',1,'2012-01-11 10:49:44',42,'2012-01-11 12:31:00',42,'0000-00-00 00:00:00',0),(65,1,0,'PS65','10.0000','KG','10.0000','0.0000','0.0000','M','',20,0,1,'2012-01-11 00:00:00','1-2m.gif',0,0,'',0,'min_order_level=\"1\"|max_order_level=\"10\"|',NULL,'','','','',1,'2012-01-11 10:49:44',42,'2012-01-11 12:31:24',42,'0000-00-00 00:00:00',0),(66,1,0,'PS66','10.0000','KG','10.0000','0.0000','0.0000','M','',20,0,1,'2012-01-11 00:00:00','1-4w.gif',0,0,'',0,'min_order_level=\"1\"|max_order_level=\"10\"|',NULL,'','','','',1,'2012-01-11 10:49:44',42,'2012-01-11 12:31:48',42,'0000-00-00 00:00:00',0),(67,1,0,'PS67','10.0000','KG','10.0000','0.0000','0.0000','M','',20,0,1,'2012-01-11 00:00:00','14d.gif',0,0,'',0,'min_order_level=\"1\"|max_order_level=\"10\"|',NULL,'','','','',1,'2012-01-11 10:49:44',42,'2012-01-11 12:32:18',42,'0000-00-00 00:00:00',0),(68,1,0,'PS68','10.0000','KG','10.0000','0.0000','0.0000','M','',20,0,1,'2012-01-11 00:00:00','1-4w.gif',0,0,'',0,'min_order_level=\"1\"|max_order_level=\"10\"|',NULL,'','','','',1,'2012-01-11 10:49:44',42,'2012-01-11 12:33:23',42,'0000-00-00 00:00:00',0),(69,1,0,'PS69','10.0000','KG','10.0000','0.0000','0.0000','M','',20,0,1,'2012-01-11 00:00:00','1-4w.gif',0,0,'',0,'min_order_level=\"1\"|max_order_level=\"10\"|',NULL,'','','','',1,'2012-01-11 10:49:44',42,'2012-01-11 12:33:53',42,'0000-00-00 00:00:00',0),(70,1,0,'PS70','10.0000','KG','10.0000','0.0000','0.0000','M','',20,0,1,'2012-01-11 00:00:00','14d.gif',0,0,'',0,'min_order_level=\"1\"|max_order_level=\"10\"|',NULL,'','','','',1,'2012-01-11 10:49:44',42,'2012-01-11 12:34:18',42,'0000-00-00 00:00:00',0),(71,1,0,'PS71','10.0000','KG','10.0000','0.0000','0.0000','M','',20,0,1,'2012-01-11 00:00:00','1-2m.gif',0,0,'',0,'min_order_level=\"1\"|max_order_level=\"10\"|',NULL,'','','','',1,'2012-01-11 10:49:44',42,'2012-01-11 12:35:11',42,'0000-00-00 00:00:00',0),(72,1,0,'PS72','10.0000','KG','10.0000','0.0000','0.0000','M','',20,0,1,'2012-01-11 00:00:00','14d.gif',0,0,'',0,'min_order_level=\"1\"|max_order_level=\"10\"|',NULL,'','','','',1,'2012-01-11 10:49:44',42,'2012-01-11 12:36:25',42,'0000-00-00 00:00:00',0),(73,1,0,'PS73','10.0000','KG','10.0000','0.0000','0.0000','M','',20,0,1,'2012-01-11 00:00:00','1-4w.gif',0,0,'',0,'min_order_level=\"1\"|max_order_level=\"10\"|',NULL,'','','','0',1,'2012-01-11 10:49:44',42,'2012-03-31 11:12:34',42,'2012-01-15 12:36:55',0),(74,1,0,'PS74','10.0000','KG','10.0000','0.0000','0.0000','M','',20,0,1,'2012-01-11 00:00:00','1-4w.gif',0,0,'',0,'min_order_level=\"1\"|max_order_level=\"10\"|',NULL,'','','','0',1,'2012-01-11 10:49:44',42,'2012-03-31 11:12:53',42,'2012-02-16 12:37:21',0),(75,1,0,'PS75','10.0000','KG','10.0000','0.0000','0.0000','M','',20,0,1,'2012-01-11 00:00:00','14d.gif',0,0,'',0,'min_order_level=\"1\"|max_order_level=\"10\"|',NULL,'','','','0',1,'2012-01-11 10:49:44',42,'2012-03-31 11:13:35',42,'2012-02-17 12:37:44',0),(76,1,0,'PS76','10.0000','KG','10.0000','0.0000','0.0000','M','',20,0,1,'2012-01-11 00:00:00','1-2m.gif',0,0,'',0,'min_order_level=\"1\"|max_order_level=\"10\"|',NULL,'','','','0',1,'2012-01-11 10:49:44',42,'2012-03-31 11:13:06',42,'2012-02-18 12:38:25',0),(77,1,0,'PS77','10.0000','KG','10.0000','0.0000','0.0000','M','',20,0,1,'2012-01-11 00:00:00','1-4w.gif',0,0,'',0,'min_order_level=\"1\"|max_order_level=\"10\"|',NULL,'','','','0',1,'2012-01-11 10:49:44',42,'2012-03-31 11:12:59',42,'2012-02-19 12:39:10',0),(78,1,0,'PS78','10.0000','KG','10.0000','0.0000','0.0000','M','',20,0,1,'2012-01-11 00:00:00','1-4w.gif',0,0,'',0,'min_order_level=\"1\"|max_order_level=\"10\"|',NULL,'','','','0',1,'2012-01-11 10:49:44',42,'2012-03-31 11:15:33',42,'2012-02-20 12:39:31',0),(79,1,0,'PS79','10.0000','KG','10.0000','0.0000','0.0000','M','',20,2,1,'2012-01-11 00:00:00','14d.gif',0,0,'',0,'min_order_level=\"1\"|max_order_level=\"10\"|',NULL,'','','','0',1,'2012-01-11 10:49:44',42,'2012-03-31 11:13:18',42,'2012-02-21 12:39:54',0),(80,1,0,'PS80','10.0000','KG','10.0000','0.0000','0.0000','M','',20,9,1,'2012-01-11 00:00:00','1-2m.gif',0,0,'',0,'min_order_level=\"1\"|max_order_level=\"10\"|',NULL,'','','','0',1,'2012-01-11 10:49:44',42,'2012-03-31 11:13:12',42,'2012-01-11 10:49:44',0);
/*!40000 ALTER TABLE `jos_virtuemart_products` ENABLE KEYS */;
UNLOCK TABLES;

--
-- Table structure for table `jos_virtuemart_products_en_gb`
--

DROP TABLE IF EXISTS `jos_virtuemart_products_en_gb`;
/*!40101 SET @saved_cs_client     = @@character_set_client */;
/*!40101 SET character_set_client = utf8 */;
CREATE TABLE `jos_virtuemart_products_en_gb` (
  `virtuemart_product_id` int(1) unsigned NOT NULL AUTO_INCREMENT,
  `product_s_desc` varchar(2000) NOT NULL DEFAULT '',
  `product_desc` varchar(18500) NOT NULL DEFAULT '',
  `product_name` char(180) NOT NULL DEFAULT '',
  `metadesc` char(192) NOT NULL DEFAULT '',
  `metakey` char(192) NOT NULL DEFAULT '',
  `customtitle` char(255) NOT NULL DEFAULT '',
  `slug` char(192) NOT NULL DEFAULT '',
  PRIMARY KEY (`virtuemart_product_id`),
  UNIQUE KEY `slug` (`slug`)
) ENGINE=MyISAM AUTO_INCREMENT=81 DEFAULT CHARSET=utf8;
/*!40101 SET character_set_client = @saved_cs_client */;

--
-- Dumping data for table `jos_virtuemart_products_en_gb`
--

LOCK TABLES `jos_virtuemart_products_en_gb` WRITE;
/*!40000 ALTER TABLE `jos_virtuemart_products_en_gb` DISABLE KEYS */;
INSERT INTO `jos_virtuemart_products_en_gb` VALUES (1,'<p>Comfort is a very important thing nowadays because it is a condition of satisfaction and calmness. It is clear that our way of life must be as comfortable as possible. Home electronics satisfy our wishes and make our life more pleasant.</p>','<div class=\"text\"><p>Comfort is a very important thing nowadays because it is a condition of satisfaction and calmness. It is clear that our way of life must be as comfortable as possible. Home electronics satisfy our wishes and make our life more pleasant. We must admit that our way of life depends on quality of different goods of popular brands. Many of our clients were surprised by the incredible assortment of products in our store. You know, we have many devoted customers all over the world, and this fact proves that we sell only quality commodities. Recipe of our success is a fair price and premium quality. We understand that it is very complicated to amaze present clients, they are so whimsical, but our products are very flexible and reliable.</p><p>Here you can find something more than just home electronics; you can find real comfort and satisfaction here! Our goods are the combination of perfect design and an ideal functionality. We have a tremendous variety of different models. Nowadays clients’ claims become so scrupulous that sometimes it is very hard to satisfy them. But we provide only real bestsellers and our products have a great number of options that can really help you. You’ll be amazed with its simplicity and durability.</p></div><div class=\"video\">{youtube}Ok2VamxrYAY{/youtube}</div>','Ut enim ad minim veniam','','','','product-1'),(2,'<p>Here you can find something more than just home electronics; you can find real comfort and satisfaction here! Our goods are the combination of perfect design and an ideal functionality. </p>','<div class=\"text\"><p>Here you can find something more than just home electronics; you can find real comfort and satisfaction here! Our goods are the combination of perfect design and an ideal functionality. We have a tremendous variety of different models. Nowadays clients’ claims become so scrupulous that sometimes it is very hard to satisfy them. But we provide only real bestsellers and our products have a great number of options that can really help you. You’ll be amazed with its simplicity and durability.<p>Our manufacturers and vendors provide only new technologies and it is very important because nowadays we see a furious development of electronics industry. Also we provide different economical, social and even technological researches. The main goal of their analysis is to find out the changes of clients’ demands and other useful data. We are trying to introduce positive results of our explorations.</p></div><div class=\"video\">{youtube}Ok2VamxrYAY{/youtube}</div>','Quis nostrud exercitation ull','','','','product-2'),(3,'<p>Our manufacturers and vendors provide only new technologies and it is very important because nowadays we see a furious development of electronics industry. Also we provide different economical, social and even technological researches. </p>','<div class=\"text\"><p>Our manufacturers and vendors provide only new technologies and it is very important because nowadays we see a furious development of electronics industry. Also we provide different economical, social and even technological researches. The main goal of their analysis is to find out the changes of clients’ demands and other useful data. We are trying to introduce positive results of our explorations.<p>If you want to know more information about our goods, terms, guarantees and other features, you can address our superb 24/7 support system. Also you can save some money at our store because we always provide different promos and you can get good discount and other benefits.Remember that only in our store you can buy fashionable, solid and very functional home electronics.</p></div><div class=\"video\">{youtube}Ok2VamxrYAY{/youtube}</div>','Lorem ipsum dolor','','','','product-3'),(4,'<p>Here you can find something more than just home electronics; you can find real comfort and satisfaction here! Our goods are the combination of perfect design and an ideal functionality.</p>','<div class=\"text\"><p>Here you can find something more than just home electronics; you can find real comfort and satisfaction here! Our goods are the combination of perfect design and an ideal functionality. We have a tremendous variety of different models. Nowadays clients’ claims become so scrupulous that sometimes it is very hard to satisfy them. But we provide only real bestsellers and our products have a great number of options that can really help you. You’ll be amazed with its simplicity and durability.<p>Our manufacturers and vendors provide only new technologies and it is very important because nowadays we see a furious development of electronics industry. Also we provide different economical, social and even technological researches. The main goal of their analysis is to find out the changes of clients’ demands and other useful data. We are trying to introduce positive results of our explorations.</p></div><div class=\"video\">{youtube}Ok2VamxrYAY{/youtube}</div>','Product 04','','','','product-4'),(5,'<p>Comfort is a very important thing nowadays because it is a condition of satisfaction and calmness. It is clear that our way of life must be as comfortable as possible. </p>','<div class=\"text\"><p>Comfort is a very important thing nowadays because it is a condition of satisfaction and calmness. It is clear that our way of life must be as comfortable as possible. Home electronics satisfy our wishes and make our life more pleasant. We must admit that our way of life depends on quality of different goods of popular brands. Many of our clients were surprised by the incredible assortment of products in our store.</p><p>You know, we have many devoted customers all over the world, and this fact proves that we sell only quality commodities. Recipe of our success is a fair price and premium quality. We understand that it is very complicated to amaze present clients, they are so whimsical, but our products are very flexible and reliable.</p></div><div class=\"video\">{youtube}Ok2VamxrYAY{/youtube}</div>','Product 05','','','','product-5'),(6,'<p>Comfort is a very important thing nowadays because it is a condition of satisfaction and calmness. It is clear that our way of life must be as comfortable as possible. Home electronics satisfy our wishes and make our life more pleasant.</p>','<div class=\"text\"><p>Comfort is a very important thing nowadays because it is a condition of satisfaction and calmness. It is clear that our way of life must be as comfortable as possible. Home electronics satisfy our wishes and make our life more pleasant. We must admit that our way of life depends on quality of different goods of popular brands. Many of our clients were surprised by the incredible assortment of products in our store. You know, we have many devoted customers all over the world, and this fact proves that we sell only quality commodities. Recipe of our success is a fair price and premium quality. We understand that it is very complicated to amaze present clients, they are so whimsical, but our products are very flexible and reliable.</p><p>Here you can find something more than just home electronics; you can find real comfort and satisfaction here! Our goods are the combination of perfect design and an ideal functionality. We have a tremendous variety of different models. Nowadays clients’ claims become so scrupulous that sometimes it is very hard to satisfy them. But we provide only real bestsellers and our products have a great number of options that can really help you. You’ll be amazed with its simplicity and durability.</p></div><div class=\"video\">{youtube}Ok2VamxrYAY{/youtube}</div>','Product 06','','','','product-6'),(7,'<p>Here you can find something more than just home electronics; you can find real comfort and satisfaction here! Our goods are the combination of perfect design and an ideal functionality. </p>','<div class=\"text\"><p>Here you can find something more than just home electronics; you can find real comfort and satisfaction here! Our goods are the combination of perfect design and an ideal functionality. We have a tremendous variety of different models. Nowadays clients’ claims become so scrupulous that sometimes it is very hard to satisfy them. But we provide only real bestsellers and our products have a great number of options that can really help you. You’ll be amazed with its simplicity and durability.<p>Our manufacturers and vendors provide only new technologies and it is very important because nowadays we see a furious development of electronics industry. Also we provide different economical, social and even technological researches. The main goal of their analysis is to find out the changes of clients’ demands and other useful data. We are trying to introduce positive results of our explorations.</p></div><div class=\"video\">{youtube}Ok2VamxrYAY{/youtube}</div>','Product 07','','','','product-7'),(8,'<p>Our manufacturers and vendors provide only new technologies and it is very important because nowadays we see a furious development of electronics industry. Also we provide different economical, social and even technological researches. </p>','<div class=\"text\"><p>Our manufacturers and vendors provide only new technologies and it is very important because nowadays we see a furious development of electronics industry. Also we provide different economical, social and even technological researches. The main goal of their analysis is to find out the changes of clients’ demands and other useful data. We are trying to introduce positive results of our explorations.<p>If you want to know more information about our goods, terms, guarantees and other features, you can address our superb 24/7 support system. Also you can save some money at our store because we always provide different promos and you can get good discount and other benefits.Remember that only in our store you can buy fashionable, solid and very functional home electronics.</p></div><div class=\"video\">{youtube}Ok2VamxrYAY{/youtube}</div>','Product 08','','','','product-8'),(9,'<p>Here you can find something more than just home electronics; you can find real comfort and satisfaction here! Our goods are the combination of perfect design and an ideal functionality.</p>','<div class=\"text\"><p>Here you can find something more than just home electronics; you can find real comfort and satisfaction here! Our goods are the combination of perfect design and an ideal functionality. We have a tremendous variety of different models. Nowadays clients’ claims become so scrupulous that sometimes it is very hard to satisfy them. But we provide only real bestsellers and our products have a great number of options that can really help you. You’ll be amazed with its simplicity and durability.<p>Our manufacturers and vendors provide only new technologies and it is very important because nowadays we see a furious development of electronics industry. Also we provide different economical, social and even technological researches. The main goal of their analysis is to find out the changes of clients’ demands and other useful data. We are trying to introduce positive results of our explorations.</p></div><div class=\"video\">{youtube}Ok2VamxrYAY{/youtube}</div>','Product 09','','','','product-9'),(10,'<p>Comfort is a very important thing nowadays because it is a condition of satisfaction and calmness. It is clear that our way of life must be as comfortable as possible. </p>','<div class=\"text\"><p>Comfort is a very important thing nowadays because it is a condition of satisfaction and calmness. It is clear that our way of life must be as comfortable as possible. Home electronics satisfy our wishes and make our life more pleasant. We must admit that our way of life depends on quality of different goods of popular brands. Many of our clients were surprised by the incredible assortment of products in our store.</p><p>You know, we have many devoted customers all over the world, and this fact proves that we sell only quality commodities. Recipe of our success is a fair price and premium quality. We understand that it is very complicated to amaze present clients, they are so whimsical, but our products are very flexible and reliable.</p></div><div class=\"video\">{youtube}Ok2VamxrYAY{/youtube}</div>','Product 10','','','','product-10'),(11,'<p>Comfort is a very important thing nowadays because it is a condition of satisfaction and calmness. It is clear that our way of life must be as comfortable as possible. Home electronics satisfy our wishes and make our life more pleasant.</p>','<div class=\"text\"><p>Comfort is a very important thing nowadays because it is a condition of satisfaction and calmness. It is clear that our way of life must be as comfortable as possible. Home electronics satisfy our wishes and make our life more pleasant. We must admit that our way of life depends on quality of different goods of popular brands. Many of our clients were surprised by the incredible assortment of products in our store. You know, we have many devoted customers all over the world, and this fact proves that we sell only quality commodities. Recipe of our success is a fair price and premium quality. We understand that it is very complicated to amaze present clients, they are so whimsical, but our products are very flexible and reliable.</p><p>Here you can find something more than just home electronics; you can find real comfort and satisfaction here! Our goods are the combination of perfect design and an ideal functionality. We have a tremendous variety of different models. Nowadays clients’ claims become so scrupulous that sometimes it is very hard to satisfy them. But we provide only real bestsellers and our products have a great number of options that can really help you. You’ll be amazed with its simplicity and durability.</p></div>','Product 11','','','','product-11'),(12,'<p>Here you can find something more than just home electronics; you can find real comfort and satisfaction here! Our goods are the combination of perfect design and an ideal functionality. </p>','<div class=\"text\"><p>Here you can find something more than just home electronics; you can find real comfort and satisfaction here! Our goods are the combination of perfect design and an ideal functionality. We have a tremendous variety of different models. Nowadays clients’ claims become so scrupulous that sometimes it is very hard to satisfy them. But we provide only real bestsellers and our products have a great number of options that can really help you. You’ll be amazed with its simplicity and durability.<p>Our manufacturers and vendors provide only new technologies and it is very important because nowadays we see a furious development of electronics industry. Also we provide different economical, social and even technological researches. The main goal of their analysis is to find out the changes of clients’ demands and other useful data. We are trying to introduce positive results of our explorations.</p></div>','Product 12','','','','product-12'),(13,'<p>Our manufacturers and vendors provide only new technologies and it is very important because nowadays we see a furious development of electronics industry. Also we provide different economical, social and even technological researches. </p>','<div class=\"text\"><p>Our manufacturers and vendors provide only new technologies and it is very important because nowadays we see a furious development of electronics industry. Also we provide different economical, social and even technological researches. The main goal of their analysis is to find out the changes of clients’ demands and other useful data. We are trying to introduce positive results of our explorations.<p>If you want to know more information about our goods, terms, guarantees and other features, you can address our superb 24/7 support system. Also you can save some money at our store because we always provide different promos and you can get good discount and other benefits.Remember that only in our store you can buy fashionable, solid and very functional home electronics.</p></div>','Product 13','','','','product-13'),(14,'<p>Here you can find something more than just home electronics; you can find real comfort and satisfaction here! Our goods are the combination of perfect design and an ideal functionality.</p>','<div class=\"text\"><p>Here you can find something more than just home electronics; you can find real comfort and satisfaction here! Our goods are the combination of perfect design and an ideal functionality. We have a tremendous variety of different models. Nowadays clients’ claims become so scrupulous that sometimes it is very hard to satisfy them. But we provide only real bestsellers and our products have a great number of options that can really help you. You’ll be amazed with its simplicity and durability.<p>Our manufacturers and vendors provide only new technologies and it is very important because nowadays we see a furious development of electronics industry. Also we provide different economical, social and even technological researches. The main goal of their analysis is to find out the changes of clients’ demands and other useful data. We are trying to introduce positive results of our explorations.</p></div>','Product 14','','','','product-14'),(15,'<p>Comfort is a very important thing nowadays because it is a condition of satisfaction and calmness. It is clear that our way of life must be as comfortable as possible. </p>','<div class=\"text\"><p>Comfort is a very important thing nowadays because it is a condition of satisfaction and calmness. It is clear that our way of life must be as comfortable as possible. Home electronics satisfy our wishes and make our life more pleasant. We must admit that our way of life depends on quality of different goods of popular brands. Many of our clients were surprised by the incredible assortment of products in our store.</p><p>You know, we have many devoted customers all over the world, and this fact proves that we sell only quality commodities. Recipe of our success is a fair price and premium quality. We understand that it is very complicated to amaze present clients, they are so whimsical, but our products are very flexible and reliable.</p></div>','Lorem ipsum dolor sit am','','','','product-15'),(16,'<p>Comfort is a very important thing nowadays because it is a condition of satisfaction and calmness. It is clear that our way of life must be as comfortable as possible. Home electronics satisfy our wishes and make our life more pleasant.</p>','<div class=\"text\"><p>Comfort is a very important thing nowadays because it is a condition of satisfaction and calmness. It is clear that our way of life must be as comfortable as possible. Home electronics satisfy our wishes and make our life more pleasant. We must admit that our way of life depends on quality of different goods of popular brands. Many of our clients were surprised by the incredible assortment of products in our store. You know, we have many devoted customers all over the world, and this fact proves that we sell only quality commodities. Recipe of our success is a fair price and premium quality. We understand that it is very complicated to amaze present clients, they are so whimsical, but our products are very flexible and reliable.</p><p>Here you can find something more than just home electronics; you can find real comfort and satisfaction here! Our goods are the combination of perfect design and an ideal functionality. We have a tremendous variety of different models. Nowadays clients’ claims become so scrupulous that sometimes it is very hard to satisfy them. But we provide only real bestsellers and our products have a great number of options that can really help you. You’ll be amazed with its simplicity and durability.</p></div>',' Dolor sit amet conse ctetur','','','','product-16'),(17,'<p>Here you can find something more than just home electronics; you can find real comfort and satisfaction here! Our goods are the combination of perfect design and an ideal functionality. </p>','<div class=\"text\"><p>Here you can find something more than just home electronics; you can find real comfort and satisfaction here! Our goods are the combination of perfect design and an ideal functionality. We have a tremendous variety of different models. Nowadays clients’ claims become so scrupulous that sometimes it is very hard to satisfy them. But we provide only real bestsellers and our products have a great number of options that can really help you. You’ll be amazed with its simplicity and durability.<p>Our manufacturers and vendors provide only new technologies and it is very important because nowadays we see a furious development of electronics industry. Also we provide different economical, social and even technological researches. The main goal of their analysis is to find out the changes of clients’ demands and other useful data. We are trying to introduce positive results of our explorations.</p></div>',' Ipsum dolor sit am','','','','product-17'),(18,'<p>Our manufacturers and vendors provide only new technologies and it is very important because nowadays we see a furious development of electronics industry. Also we provide different economical, social and even technological researches. </p>','<div class=\"text\"><p>Our manufacturers and vendors provide only new technologies and it is very important because nowadays we see a furious development of electronics industry. Also we provide different economical, social and even technological researches. The main goal of their analysis is to find out the changes of clients’ demands and other useful data. We are trying to introduce positive results of our explorations.<p>If you want to know more information about our goods, terms, guarantees and other features, you can address our superb 24/7 support system. Also you can save some money at our store because we always provide different promos and you can get good discount and other benefits.Remember that only in our store you can buy fashionable, solid and very functional home electronics.</p></div>',' Set magna ipsum dolor sit am','','','','product-18'),(19,'<p>Here you can find something more than just home electronics; you can find real comfort and satisfaction here! Our goods are the combination of perfect design and an ideal functionality.</p>','<div class=\"text\"><p>Here you can find something more than just home electronics; you can find real comfort and satisfaction here! Our goods are the combination of perfect design and an ideal functionality. We have a tremendous variety of different models. Nowadays clients’ claims become so scrupulous that sometimes it is very hard to satisfy them. But we provide only real bestsellers and our products have a great number of options that can really help you. You’ll be amazed with its simplicity and durability.<p>Our manufacturers and vendors provide only new technologies and it is very important because nowadays we see a furious development of electronics industry. Also we provide different economical, social and even technological researches. The main goal of their analysis is to find out the changes of clients’ demands and other useful data. We are trying to introduce positive results of our explorations.</p></div>','Dolor sit am','','','','product-19'),(20,'<p>Comfort is a very important thing nowadays because it is a condition of satisfaction and calmness. It is clear that our way of life must be as comfortable as possible. </p>','<div class=\"text\"><p>Comfort is a very important thing nowadays because it is a condition of satisfaction and calmness. It is clear that our way of life must be as comfortable as possible. Home electronics satisfy our wishes and make our life more pleasant. We must admit that our way of life depends on quality of different goods of popular brands. Many of our clients were surprised by the incredible assortment of products in our store.</p><p>You know, we have many devoted customers all over the world, and this fact proves that we sell only quality commodities. Recipe of our success is a fair price and premium quality. We understand that it is very complicated to amaze present clients, they are so whimsical, but our products are very flexible and reliable.</p></div>','Magna ipsum dolor sit am','','','','product-20'),(21,'<p>Comfort is a very important thing nowadays because it is a condition of satisfaction and calmness. It is clear that our way of life must be as comfortable as possible. Home electronics satisfy our wishes and make our life more pleasant.</p>','<div class=\"text\"><p>Comfort is a very important thing nowadays because it is a condition of satisfaction and calmness. It is clear that our way of life must be as comfortable as possible. Home electronics satisfy our wishes and make our life more pleasant. We must admit that our way of life depends on quality of different goods of popular brands. Many of our clients were surprised by the incredible assortment of products in our store. You know, we have many devoted customers all over the world, and this fact proves that we sell only quality commodities. Recipe of our success is a fair price and premium quality. We understand that it is very complicated to amaze present clients, they are so whimsical, but our products are very flexible and reliable.</p><p>Here you can find something more than just home electronics; you can find real comfort and satisfaction here! Our goods are the combination of perfect design and an ideal functionality. We have a tremendous variety of different models. Nowadays clients’ claims become so scrupulous that sometimes it is very hard to satisfy them. But we provide only real bestsellers and our products have a great number of options that can really help you. You’ll be amazed with its simplicity and durability.</p></div>','Dolor sit am lorem','','','','product-21'),(22,'<p>Here you can find something more than just home electronics; you can find real comfort and satisfaction here! Our goods are the combination of perfect design and an ideal functionality. </p>','<div class=\"text\"><p>Here you can find something more than just home electronics; you can find real comfort and satisfaction here! Our goods are the combination of perfect design and an ideal functionality. We have a tremendous variety of different models. Nowadays clients’ claims become so scrupulous that sometimes it is very hard to satisfy them. But we provide only real bestsellers and our products have a great number of options that can really help you. You’ll be amazed with its simplicity and durability.<p>Our manufacturers and vendors provide only new technologies and it is very important because nowadays we see a furious development of electronics industry. Also we provide different economical, social and even technological researches. The main goal of their analysis is to find out the changes of clients’ demands and other useful data. We are trying to introduce positive results of our explorations.</p></div>','Product 22','','','','product-22'),(23,'<p>Our manufacturers and vendors provide only new technologies and it is very important because nowadays we see a furious development of electronics industry. Also we provide different economical, social and even technological researches. </p>','<div class=\"text\"><p>Our manufacturers and vendors provide only new technologies and it is very important because nowadays we see a furious development of electronics industry. Also we provide different economical, social and even technological researches. The main goal of their analysis is to find out the changes of clients’ demands and other useful data. We are trying to introduce positive results of our explorations.<p>If you want to know more information about our goods, terms, guarantees and other features, you can address our superb 24/7 support system. Also you can save some money at our store because we always provide different promos and you can get good discount and other benefits.Remember that only in our store you can buy fashionable, solid and very functional home electronics.</p></div>','Product 23','','','','product-23'),(24,'<p>Here you can find something more than just home electronics; you can find real comfort and satisfaction here! Our goods are the combination of perfect design and an ideal functionality.</p>','<div class=\"text\"><p>Here you can find something more than just home electronics; you can find real comfort and satisfaction here! Our goods are the combination of perfect design and an ideal functionality. We have a tremendous variety of different models. Nowadays clients’ claims become so scrupulous that sometimes it is very hard to satisfy them. But we provide only real bestsellers and our products have a great number of options that can really help you. You’ll be amazed with its simplicity and durability.<p>Our manufacturers and vendors provide only new technologies and it is very important because nowadays we see a furious development of electronics industry. Also we provide different economical, social and even technological researches. The main goal of their analysis is to find out the changes of clients’ demands and other useful data. We are trying to introduce positive results of our explorations.</p></div>','Product 24','','','','product-24'),(25,'<p>Comfort is a very important thing nowadays because it is a condition of satisfaction and calmness. It is clear that our way of life must be as comfortable as possible. </p>','<div class=\"text\"><p>Comfort is a very important thing nowadays because it is a condition of satisfaction and calmness. It is clear that our way of life must be as comfortable as possible. Home electronics satisfy our wishes and make our life more pleasant. We must admit that our way of life depends on quality of different goods of popular brands. Many of our clients were surprised by the incredible assortment of products in our store.</p><p>You know, we have many devoted customers all over the world, and this fact proves that we sell only quality commodities. Recipe of our success is a fair price and premium quality. We understand that it is very complicated to amaze present clients, they are so whimsical, but our products are very flexible and reliable.</p></div>','Product 25','','','','product-25'),(26,'<p>Comfort is a very important thing nowadays because it is a condition of satisfaction and calmness. It is clear that our way of life must be as comfortable as possible. Home electronics satisfy our wishes and make our life more pleasant.</p>','<div class=\"text\"><p>Comfort is a very important thing nowadays because it is a condition of satisfaction and calmness. It is clear that our way of life must be as comfortable as possible. Home electronics satisfy our wishes and make our life more pleasant. We must admit that our way of life depends on quality of different goods of popular brands. Many of our clients were surprised by the incredible assortment of products in our store. You know, we have many devoted customers all over the world, and this fact proves that we sell only quality commodities. Recipe of our success is a fair price and premium quality. We understand that it is very complicated to amaze present clients, they are so whimsical, but our products are very flexible and reliable.</p><p>Here you can find something more than just home electronics; you can find real comfort and satisfaction here! Our goods are the combination of perfect design and an ideal functionality. We have a tremendous variety of different models. Nowadays clients’ claims become so scrupulous that sometimes it is very hard to satisfy them. But we provide only real bestsellers and our products have a great number of options that can really help you. You’ll be amazed with its simplicity and durability.</p></div>','Product 26','','','','product-26'),(27,'<p>Here you can find something more than just home electronics; you can find real comfort and satisfaction here! Our goods are the combination of perfect design and an ideal functionality. </p>','<div class=\"text\"><p>Here you can find something more than just home electronics; you can find real comfort and satisfaction here! Our goods are the combination of perfect design and an ideal functionality. We have a tremendous variety of different models. Nowadays clients’ claims become so scrupulous that sometimes it is very hard to satisfy them. But we provide only real bestsellers and our products have a great number of options that can really help you. You’ll be amazed with its simplicity and durability.<p>Our manufacturers and vendors provide only new technologies and it is very important because nowadays we see a furious development of electronics industry. Also we provide different economical, social and even technological researches. The main goal of their analysis is to find out the changes of clients’ demands and other useful data. We are trying to introduce positive results of our explorations.</p></div>','Product 27','','','','product-27'),(28,'<p>Our manufacturers and vendors provide only new technologies and it is very important because nowadays we see a furious development of electronics industry. Also we provide different economical, social and even technological researches. </p>','<div class=\"text\"><p>Our manufacturers and vendors provide only new technologies and it is very important because nowadays we see a furious development of electronics industry. Also we provide different economical, social and even technological researches. The main goal of their analysis is to find out the changes of clients’ demands and other useful data. We are trying to introduce positive results of our explorations.<p>If you want to know more information about our goods, terms, guarantees and other features, you can address our superb 24/7 support system. Also you can save some money at our store because we always provide different promos and you can get good discount and other benefits.Remember that only in our store you can buy fashionable, solid and very functional home electronics.</p></div>','Product 28','','','','product-28'),(29,'<p>Here you can find something more than just home electronics; you can find real comfort and satisfaction here! Our goods are the combination of perfect design and an ideal functionality.</p>','<div class=\"text\"><p>Here you can find something more than just home electronics; you can find real comfort and satisfaction here! Our goods are the combination of perfect design and an ideal functionality. We have a tremendous variety of different models. Nowadays clients’ claims become so scrupulous that sometimes it is very hard to satisfy them. But we provide only real bestsellers and our products have a great number of options that can really help you. You’ll be amazed with its simplicity and durability.<p>Our manufacturers and vendors provide only new technologies and it is very important because nowadays we see a furious development of electronics industry. Also we provide different economical, social and even technological researches. The main goal of their analysis is to find out the changes of clients’ demands and other useful data. We are trying to introduce positive results of our explorations.</p></div>','Product 29','','','','product-29'),(30,'<p>Comfort is a very important thing nowadays because it is a condition of satisfaction and calmness. It is clear that our way of life must be as comfortable as possible. </p>','<div class=\"text\"><p>Comfort is a very important thing nowadays because it is a condition of satisfaction and calmness. It is clear that our way of life must be as comfortable as possible. Home electronics satisfy our wishes and make our life more pleasant. We must admit that our way of life depends on quality of different goods of popular brands. Many of our clients were surprised by the incredible assortment of products in our store.</p><p>You know, we have many devoted customers all over the world, and this fact proves that we sell only quality commodities. Recipe of our success is a fair price and premium quality. We understand that it is very complicated to amaze present clients, they are so whimsical, but our products are very flexible and reliable.</p></div>','Product 30','','','','product-30'),(31,'<p>Comfort is a very important thing nowadays because it is a condition of satisfaction and calmness. It is clear that our way of life must be as comfortable as possible. Home electronics satisfy our wishes and make our life more pleasant.</p>','<div class=\"text\"><p>Comfort is a very important thing nowadays because it is a condition of satisfaction and calmness. It is clear that our way of life must be as comfortable as possible. Home electronics satisfy our wishes and make our life more pleasant. We must admit that our way of life depends on quality of different goods of popular brands. Many of our clients were surprised by the incredible assortment of products in our store. You know, we have many devoted customers all over the world, and this fact proves that we sell only quality commodities. Recipe of our success is a fair price and premium quality. We understand that it is very complicated to amaze present clients, they are so whimsical, but our products are very flexible and reliable.</p><p>Here you can find something more than just home electronics; you can find real comfort and satisfaction here! Our goods are the combination of perfect design and an ideal functionality. We have a tremendous variety of different models. Nowadays clients’ claims become so scrupulous that sometimes it is very hard to satisfy them. But we provide only real bestsellers and our products have a great number of options that can really help you. You’ll be amazed with its simplicity and durability.</p></div>','Product 31','','','','product-31'),(32,'<p>Here you can find something more than just home electronics; you can find real comfort and satisfaction here! Our goods are the combination of perfect design and an ideal functionality. </p>','<div class=\"text\"><p>Here you can find something more than just home electronics; you can find real comfort and satisfaction here! Our goods are the combination of perfect design and an ideal functionality. We have a tremendous variety of different models. Nowadays clients’ claims become so scrupulous that sometimes it is very hard to satisfy them. But we provide only real bestsellers and our products have a great number of options that can really help you. You’ll be amazed with its simplicity and durability.<p>Our manufacturers and vendors provide only new technologies and it is very important because nowadays we see a furious development of electronics industry. Also we provide different economical, social and even technological researches. The main goal of their analysis is to find out the changes of clients’ demands and other useful data. We are trying to introduce positive results of our explorations.</p></div>','Product 32','','','','product-32'),(33,'<p>Our manufacturers and vendors provide only new technologies and it is very important because nowadays we see a furious development of electronics industry. Also we provide different economical, social and even technological researches. </p>','<div class=\"text\"><p>Our manufacturers and vendors provide only new technologies and it is very important because nowadays we see a furious development of electronics industry. Also we provide different economical, social and even technological researches. The main goal of their analysis is to find out the changes of clients’ demands and other useful data. We are trying to introduce positive results of our explorations.<p>If you want to know more information about our goods, terms, guarantees and other features, you can address our superb 24/7 support system. Also you can save some money at our store because we always provide different promos and you can get good discount and other benefits.Remember that only in our store you can buy fashionable, solid and very functional home electronics.</p></div>','Product 33','','','','product-33'),(34,'<p>Here you can find something more than just home electronics; you can find real comfort and satisfaction here! Our goods are the combination of perfect design and an ideal functionality.</p>','<div class=\"text\"><p>Here you can find something more than just home electronics; you can find real comfort and satisfaction here! Our goods are the combination of perfect design and an ideal functionality. We have a tremendous variety of different models. Nowadays clients’ claims become so scrupulous that sometimes it is very hard to satisfy them. But we provide only real bestsellers and our products have a great number of options that can really help you. You’ll be amazed with its simplicity and durability.<p>Our manufacturers and vendors provide only new technologies and it is very important because nowadays we see a furious development of electronics industry. Also we provide different economical, social and even technological researches. The main goal of their analysis is to find out the changes of clients’ demands and other useful data. We are trying to introduce positive results of our explorations.</p></div>','Product 34','','','','product-34'),(35,'<p>Comfort is a very important thing nowadays because it is a condition of satisfaction and calmness. It is clear that our way of life must be as comfortable as possible. </p>','<div class=\"text\"><p>Comfort is a very important thing nowadays because it is a condition of satisfaction and calmness. It is clear that our way of life must be as comfortable as possible. Home electronics satisfy our wishes and make our life more pleasant. We must admit that our way of life depends on quality of different goods of popular brands. Many of our clients were surprised by the incredible assortment of products in our store.</p><p>You know, we have many devoted customers all over the world, and this fact proves that we sell only quality commodities. Recipe of our success is a fair price and premium quality. We understand that it is very complicated to amaze present clients, they are so whimsical, but our products are very flexible and reliable.</p></div>','Product 35','','','','product-35'),(36,'<p>Comfort is a very important thing nowadays because it is a condition of satisfaction and calmness. It is clear that our way of life must be as comfortable as possible. Home electronics satisfy our wishes and make our life more pleasant.</p>','<div class=\"text\"><p>Comfort is a very important thing nowadays because it is a condition of satisfaction and calmness. It is clear that our way of life must be as comfortable as possible. Home electronics satisfy our wishes and make our life more pleasant. We must admit that our way of life depends on quality of different goods of popular brands. Many of our clients were surprised by the incredible assortment of products in our store. You know, we have many devoted customers all over the world, and this fact proves that we sell only quality commodities. Recipe of our success is a fair price and premium quality. We understand that it is very complicated to amaze present clients, they are so whimsical, but our products are very flexible and reliable.</p><p>Here you can find something more than just home electronics; you can find real comfort and satisfaction here! Our goods are the combination of perfect design and an ideal functionality. We have a tremendous variety of different models. Nowadays clients’ claims become so scrupulous that sometimes it is very hard to satisfy them. But we provide only real bestsellers and our products have a great number of options that can really help you. You’ll be amazed with its simplicity and durability.</p></div>','Product 36','','','','product-36'),(37,'<p>Here you can find something more than just home electronics; you can find real comfort and satisfaction here! Our goods are the combination of perfect design and an ideal functionality. </p>','<div class=\"text\"><p>Here you can find something more than just home electronics; you can find real comfort and satisfaction here! Our goods are the combination of perfect design and an ideal functionality. We have a tremendous variety of different models. Nowadays clients’ claims become so scrupulous that sometimes it is very hard to satisfy them. But we provide only real bestsellers and our products have a great number of options that can really help you. You’ll be amazed with its simplicity and durability.<p>Our manufacturers and vendors provide only new technologies and it is very important because nowadays we see a furious development of electronics industry. Also we provide different economical, social and even technological researches. The main goal of their analysis is to find out the changes of clients’ demands and other useful data. We are trying to introduce positive results of our explorations.</p></div>','Product 37','','','','product-37'),(38,'<p>Our manufacturers and vendors provide only new technologies and it is very important because nowadays we see a furious development of electronics industry. Also we provide different economical, social and even technological researches. </p>','<div class=\"text\"><p>Our manufacturers and vendors provide only new technologies and it is very important because nowadays we see a furious development of electronics industry. Also we provide different economical, social and even technological researches. The main goal of their analysis is to find out the changes of clients’ demands and other useful data. We are trying to introduce positive results of our explorations.<p>If you want to know more information about our goods, terms, guarantees and other features, you can address our superb 24/7 support system. Also you can save some money at our store because we always provide different promos and you can get good discount and other benefits.Remember that only in our store you can buy fashionable, solid and very functional home electronics.</p></div>','Product 38','','','','product-38'),(39,'<p>Here you can find something more than just home electronics; you can find real comfort and satisfaction here! Our goods are the combination of perfect design and an ideal functionality.</p>','<div class=\"text\"><p>Here you can find something more than just home electronics; you can find real comfort and satisfaction here! Our goods are the combination of perfect design and an ideal functionality. We have a tremendous variety of different models. Nowadays clients’ claims become so scrupulous that sometimes it is very hard to satisfy them. But we provide only real bestsellers and our products have a great number of options that can really help you. You’ll be amazed with its simplicity and durability.<p>Our manufacturers and vendors provide only new technologies and it is very important because nowadays we see a furious development of electronics industry. Also we provide different economical, social and even technological researches. The main goal of their analysis is to find out the changes of clients’ demands and other useful data. We are trying to introduce positive results of our explorations.</p></div>','Product 39','','','','product-39'),(40,'<p>Comfort is a very important thing nowadays because it is a condition of satisfaction and calmness. It is clear that our way of life must be as comfortable as possible. </p>','<div class=\"text\"><p>Comfort is a very important thing nowadays because it is a condition of satisfaction and calmness. It is clear that our way of life must be as comfortable as possible. Home electronics satisfy our wishes and make our life more pleasant. We must admit that our way of life depends on quality of different goods of popular brands. Many of our clients were surprised by the incredible assortment of products in our store.</p><p>You know, we have many devoted customers all over the world, and this fact proves that we sell only quality commodities. Recipe of our success is a fair price and premium quality. We understand that it is very complicated to amaze present clients, they are so whimsical, but our products are very flexible and reliable.</p></div>','Product 40','','','','product-40'),(41,'<p>Comfort is a very important thing nowadays because it is a condition of satisfaction and calmness. It is clear that our way of life must be as comfortable as possible. Home electronics satisfy our wishes and make our life more pleasant.</p>','<div class=\"text\"><p>Comfort is a very important thing nowadays because it is a condition of satisfaction and calmness. It is clear that our way of life must be as comfortable as possible. Home electronics satisfy our wishes and make our life more pleasant. We must admit that our way of life depends on quality of different goods of popular brands. Many of our clients were surprised by the incredible assortment of products in our store. You know, we have many devoted customers all over the world, and this fact proves that we sell only quality commodities. Recipe of our success is a fair price and premium quality. We understand that it is very complicated to amaze present clients, they are so whimsical, but our products are very flexible and reliable.</p><p>Here you can find something more than just home electronics; you can find real comfort and satisfaction here! Our goods are the combination of perfect design and an ideal functionality. We have a tremendous variety of different models. Nowadays clients’ claims become so scrupulous that sometimes it is very hard to satisfy them. But we provide only real bestsellers and our products have a great number of options that can really help you. You’ll be amazed with its simplicity and durability.</p></div>','Product 41','','','','product-41'),(42,'<p>Here you can find something more than just home electronics; you can find real comfort and satisfaction here! Our goods are the combination of perfect design and an ideal functionality. </p>','<div class=\"text\"><p>Here you can find something more than just home electronics; you can find real comfort and satisfaction here! Our goods are the combination of perfect design and an ideal functionality. We have a tremendous variety of different models. Nowadays clients’ claims become so scrupulous that sometimes it is very hard to satisfy them. But we provide only real bestsellers and our products have a great number of options that can really help you. You’ll be amazed with its simplicity and durability.<p>Our manufacturers and vendors provide only new technologies and it is very important because nowadays we see a furious development of electronics industry. Also we provide different economical, social and even technological researches. The main goal of their analysis is to find out the changes of clients’ demands and other useful data. We are trying to introduce positive results of our explorations.</p></div>','Product 42','','','','product-42'),(43,'<p>Our manufacturers and vendors provide only new technologies and it is very important because nowadays we see a furious development of electronics industry. Also we provide different economical, social and even technological researches. </p>','<div class=\"text\"><p>Our manufacturers and vendors provide only new technologies and it is very important because nowadays we see a furious development of electronics industry. Also we provide different economical, social and even technological researches. The main goal of their analysis is to find out the changes of clients’ demands and other useful data. We are trying to introduce positive results of our explorations.<p>If you want to know more information about our goods, terms, guarantees and other features, you can address our superb 24/7 support system. Also you can save some money at our store because we always provide different promos and you can get good discount and other benefits.Remember that only in our store you can buy fashionable, solid and very functional home electronics.</p></div>','Product 43','','','','product-43'),(44,'<p>Here you can find something more than just home electronics; you can find real comfort and satisfaction here! Our goods are the combination of perfect design and an ideal functionality.</p>','<div class=\"text\"><p>Here you can find something more than just home electronics; you can find real comfort and satisfaction here! Our goods are the combination of perfect design and an ideal functionality. We have a tremendous variety of different models. Nowadays clients’ claims become so scrupulous that sometimes it is very hard to satisfy them. But we provide only real bestsellers and our products have a great number of options that can really help you. You’ll be amazed with its simplicity and durability.<p>Our manufacturers and vendors provide only new technologies and it is very important because nowadays we see a furious development of electronics industry. Also we provide different economical, social and even technological researches. The main goal of their analysis is to find out the changes of clients’ demands and other useful data. We are trying to introduce positive results of our explorations.</p></div>','Product 44','','','','product-44'),(45,'<p>Comfort is a very important thing nowadays because it is a condition of satisfaction and calmness. It is clear that our way of life must be as comfortable as possible. </p>','<div class=\"text\"><p>Comfort is a very important thing nowadays because it is a condition of satisfaction and calmness. It is clear that our way of life must be as comfortable as possible. Home electronics satisfy our wishes and make our life more pleasant. We must admit that our way of life depends on quality of different goods of popular brands. Many of our clients were surprised by the incredible assortment of products in our store.</p><p>You know, we have many devoted customers all over the world, and this fact proves that we sell only quality commodities. Recipe of our success is a fair price and premium quality. We understand that it is very complicated to amaze present clients, they are so whimsical, but our products are very flexible and reliable.</p></div>','Product 45','','','','product-45'),(46,'<p>Comfort is a very important thing nowadays because it is a condition of satisfaction and calmness. It is clear that our way of life must be as comfortable as possible. Home electronics satisfy our wishes and make our life more pleasant.</p>','<div class=\"text\"><p>Comfort is a very important thing nowadays because it is a condition of satisfaction and calmness. It is clear that our way of life must be as comfortable as possible. Home electronics satisfy our wishes and make our life more pleasant. We must admit that our way of life depends on quality of different goods of popular brands. Many of our clients were surprised by the incredible assortment of products in our store. You know, we have many devoted customers all over the world, and this fact proves that we sell only quality commodities. Recipe of our success is a fair price and premium quality. We understand that it is very complicated to amaze present clients, they are so whimsical, but our products are very flexible and reliable.</p><p>Here you can find something more than just home electronics; you can find real comfort and satisfaction here! Our goods are the combination of perfect design and an ideal functionality. We have a tremendous variety of different models. Nowadays clients’ claims become so scrupulous that sometimes it is very hard to satisfy them. But we provide only real bestsellers and our products have a great number of options that can really help you. You’ll be amazed with its simplicity and durability.</p></div>','Product 46','','','','product-46'),(47,'<p>Here you can find something more than just home electronics; you can find real comfort and satisfaction here! Our goods are the combination of perfect design and an ideal functionality. </p>','<div class=\"text\"><p>Here you can find something more than just home electronics; you can find real comfort and satisfaction here! Our goods are the combination of perfect design and an ideal functionality. We have a tremendous variety of different models. Nowadays clients’ claims become so scrupulous that sometimes it is very hard to satisfy them. But we provide only real bestsellers and our products have a great number of options that can really help you. You’ll be amazed with its simplicity and durability.<p>Our manufacturers and vendors provide only new technologies and it is very important because nowadays we see a furious development of electronics industry. Also we provide different economical, social and even technological researches. The main goal of their analysis is to find out the changes of clients’ demands and other useful data. We are trying to introduce positive results of our explorations.</p></div>','Product 47','','','','product-47'),(48,'<p>Our manufacturers and vendors provide only new technologies and it is very important because nowadays we see a furious development of electronics industry. Also we provide different economical, social and even technological researches. </p>','<div class=\"text\"><p>Our manufacturers and vendors provide only new technologies and it is very important because nowadays we see a furious development of electronics industry. Also we provide different economical, social and even technological researches. The main goal of their analysis is to find out the changes of clients’ demands and other useful data. We are trying to introduce positive results of our explorations.<p>If you want to know more information about our goods, terms, guarantees and other features, you can address our superb 24/7 support system. Also you can save some money at our store because we always provide different promos and you can get good discount and other benefits.Remember that only in our store you can buy fashionable, solid and very functional home electronics.</p></div>','Product 48','','','','product-48'),(49,'<p>Here you can find something more than just home electronics; you can find real comfort and satisfaction here! Our goods are the combination of perfect design and an ideal functionality.</p>','<div class=\"text\"><p>Here you can find something more than just home electronics; you can find real comfort and satisfaction here! Our goods are the combination of perfect design and an ideal functionality. We have a tremendous variety of different models. Nowadays clients’ claims become so scrupulous that sometimes it is very hard to satisfy them. But we provide only real bestsellers and our products have a great number of options that can really help you. You’ll be amazed with its simplicity and durability.<p>Our manufacturers and vendors provide only new technologies and it is very important because nowadays we see a furious development of electronics industry. Also we provide different economical, social and even technological researches. The main goal of their analysis is to find out the changes of clients’ demands and other useful data. We are trying to introduce positive results of our explorations.</p></div>','Product 49','','','','product-49'),(50,'<p>Comfort is a very important thing nowadays because it is a condition of satisfaction and calmness. It is clear that our way of life must be as comfortable as possible. </p>','<div class=\"text\"><p>Comfort is a very important thing nowadays because it is a condition of satisfaction and calmness. It is clear that our way of life must be as comfortable as possible. Home electronics satisfy our wishes and make our life more pleasant. We must admit that our way of life depends on quality of different goods of popular brands. Many of our clients were surprised by the incredible assortment of products in our store.</p><p>You know, we have many devoted customers all over the world, and this fact proves that we sell only quality commodities. Recipe of our success is a fair price and premium quality. We understand that it is very complicated to amaze present clients, they are so whimsical, but our products are very flexible and reliable.</p></div>','Product 20','','','','product-50'),(51,'<p>Comfort is a very important thing nowadays because it is a condition of satisfaction and calmness. It is clear that our way of life must be as comfortable as possible. Home electronics satisfy our wishes and make our life more pleasant.</p>','<div class=\"text\"><p>Comfort is a very important thing nowadays because it is a condition of satisfaction and calmness. It is clear that our way of life must be as comfortable as possible. Home electronics satisfy our wishes and make our life more pleasant. We must admit that our way of life depends on quality of different goods of popular brands. Many of our clients were surprised by the incredible assortment of products in our store. You know, we have many devoted customers all over the world, and this fact proves that we sell only quality commodities. Recipe of our success is a fair price and premium quality. We understand that it is very complicated to amaze present clients, they are so whimsical, but our products are very flexible and reliable.</p><p>Here you can find something more than just home electronics; you can find real comfort and satisfaction here! Our goods are the combination of perfect design and an ideal functionality. We have a tremendous variety of different models. Nowadays clients’ claims become so scrupulous that sometimes it is very hard to satisfy them. But we provide only real bestsellers and our products have a great number of options that can really help you. You’ll be amazed with its simplicity and durability.</p></div>','Product 51','','','','product-51'),(52,'<p>Here you can find something more than just home electronics; you can find real comfort and satisfaction here! Our goods are the combination of perfect design and an ideal functionality. </p>','<div class=\"text\"><p>Here you can find something more than just home electronics; you can find real comfort and satisfaction here! Our goods are the combination of perfect design and an ideal functionality. We have a tremendous variety of different models. Nowadays clients’ claims become so scrupulous that sometimes it is very hard to satisfy them. But we provide only real bestsellers and our products have a great number of options that can really help you. You’ll be amazed with its simplicity and durability.<p>Our manufacturers and vendors provide only new technologies and it is very important because nowadays we see a furious development of electronics industry. Also we provide different economical, social and even technological researches. The main goal of their analysis is to find out the changes of clients’ demands and other useful data. We are trying to introduce positive results of our explorations.</p></div>','Product 52','','','','product-52'),(53,'<p>Our manufacturers and vendors provide only new technologies and it is very important because nowadays we see a furious development of electronics industry. Also we provide different economical, social and even technological researches. </p>','<div class=\"text\"><p>Our manufacturers and vendors provide only new technologies and it is very important because nowadays we see a furious development of electronics industry. Also we provide different economical, social and even technological researches. The main goal of their analysis is to find out the changes of clients’ demands and other useful data. We are trying to introduce positive results of our explorations.<p>If you want to know more information about our goods, terms, guarantees and other features, you can address our superb 24/7 support system. Also you can save some money at our store because we always provide different promos and you can get good discount and other benefits.Remember that only in our store you can buy fashionable, solid and very functional home electronics.</p></div>','Product 53','','','','product-53'),(54,'<p>Here you can find something more than just home electronics; you can find real comfort and satisfaction here! Our goods are the combination of perfect design and an ideal functionality.</p>','<div class=\"text\"><p>Here you can find something more than just home electronics; you can find real comfort and satisfaction here! Our goods are the combination of perfect design and an ideal functionality. We have a tremendous variety of different models. Nowadays clients’ claims become so scrupulous that sometimes it is very hard to satisfy them. But we provide only real bestsellers and our products have a great number of options that can really help you. You’ll be amazed with its simplicity and durability.<p>Our manufacturers and vendors provide only new technologies and it is very important because nowadays we see a furious development of electronics industry. Also we provide different economical, social and even technological researches. The main goal of their analysis is to find out the changes of clients’ demands and other useful data. We are trying to introduce positive results of our explorations.</p></div>','Product 54','','','','product-54'),(55,'<p>Comfort is a very important thing nowadays because it is a condition of satisfaction and calmness. It is clear that our way of life must be as comfortable as possible. </p>','<div class=\"text\"><p>Comfort is a very important thing nowadays because it is a condition of satisfaction and calmness. It is clear that our way of life must be as comfortable as possible. Home electronics satisfy our wishes and make our life more pleasant. We must admit that our way of life depends on quality of different goods of popular brands. Many of our clients were surprised by the incredible assortment of products in our store.</p><p>You know, we have many devoted customers all over the world, and this fact proves that we sell only quality commodities. Recipe of our success is a fair price and premium quality. We understand that it is very complicated to amaze present clients, they are so whimsical, but our products are very flexible and reliable.</p></div>','Product 55','','','','product-55'),(56,'<p>Comfort is a very important thing nowadays because it is a condition of satisfaction and calmness. It is clear that our way of life must be as comfortable as possible. Home electronics satisfy our wishes and make our life more pleasant.</p>','<div class=\"text\"><p>Comfort is a very important thing nowadays because it is a condition of satisfaction and calmness. It is clear that our way of life must be as comfortable as possible. Home electronics satisfy our wishes and make our life more pleasant. We must admit that our way of life depends on quality of different goods of popular brands. Many of our clients were surprised by the incredible assortment of products in our store. You know, we have many devoted customers all over the world, and this fact proves that we sell only quality commodities. Recipe of our success is a fair price and premium quality. We understand that it is very complicated to amaze present clients, they are so whimsical, but our products are very flexible and reliable.</p><p>Here you can find something more than just home electronics; you can find real comfort and satisfaction here! Our goods are the combination of perfect design and an ideal functionality. We have a tremendous variety of different models. Nowadays clients’ claims become so scrupulous that sometimes it is very hard to satisfy them. But we provide only real bestsellers and our products have a great number of options that can really help you. You’ll be amazed with its simplicity and durability.</p></div>','Product 56','','','','product-56'),(57,'<p>Here you can find something more than just home electronics; you can find real comfort and satisfaction here! Our goods are the combination of perfect design and an ideal functionality. </p>','<div class=\"text\"><p>Here you can find something more than just home electronics; you can find real comfort and satisfaction here! Our goods are the combination of perfect design and an ideal functionality. We have a tremendous variety of different models. Nowadays clients’ claims become so scrupulous that sometimes it is very hard to satisfy them. But we provide only real bestsellers and our products have a great number of options that can really help you. You’ll be amazed with its simplicity and durability.<p>Our manufacturers and vendors provide only new technologies and it is very important because nowadays we see a furious development of electronics industry. Also we provide different economical, social and even technological researches. The main goal of their analysis is to find out the changes of clients’ demands and other useful data. We are trying to introduce positive results of our explorations.</p></div>','Product 57','','','','product-57'),(58,'<p>Our manufacturers and vendors provide only new technologies and it is very important because nowadays we see a furious development of electronics industry. Also we provide different economical, social and even technological researches. </p>','<div class=\"text\"><p>Our manufacturers and vendors provide only new technologies and it is very important because nowadays we see a furious development of electronics industry. Also we provide different economical, social and even technological researches. The main goal of their analysis is to find out the changes of clients’ demands and other useful data. We are trying to introduce positive results of our explorations.<p>If you want to know more information about our goods, terms, guarantees and other features, you can address our superb 24/7 support system. Also you can save some money at our store because we always provide different promos and you can get good discount and other benefits.Remember that only in our store you can buy fashionable, solid and very functional home electronics.</p></div>','Product 58','','','','product-58'),(59,'<p>Here you can find something more than just home electronics; you can find real comfort and satisfaction here! Our goods are the combination of perfect design and an ideal functionality.</p>','<div class=\"text\"><p>Here you can find something more than just home electronics; you can find real comfort and satisfaction here! Our goods are the combination of perfect design and an ideal functionality. We have a tremendous variety of different models. Nowadays clients’ claims become so scrupulous that sometimes it is very hard to satisfy them. But we provide only real bestsellers and our products have a great number of options that can really help you. You’ll be amazed with its simplicity and durability.<p>Our manufacturers and vendors provide only new technologies and it is very important because nowadays we see a furious development of electronics industry. Also we provide different economical, social and even technological researches. The main goal of their analysis is to find out the changes of clients’ demands and other useful data. We are trying to introduce positive results of our explorations.</p></div>','Product 59','','','','product-59'),(60,'<p>Comfort is a very important thing nowadays because it is a condition of satisfaction and calmness. It is clear that our way of life must be as comfortable as possible. </p>','<div class=\"text\"><p>Comfort is a very important thing nowadays because it is a condition of satisfaction and calmness. It is clear that our way of life must be as comfortable as possible. Home electronics satisfy our wishes and make our life more pleasant. We must admit that our way of life depends on quality of different goods of popular brands. Many of our clients were surprised by the incredible assortment of products in our store.</p><p>You know, we have many devoted customers all over the world, and this fact proves that we sell only quality commodities. Recipe of our success is a fair price and premium quality. We understand that it is very complicated to amaze present clients, they are so whimsical, but our products are very flexible and reliable.</p></div>','Product 60','','','','product-60'),(61,'<p>Comfort is a very important thing nowadays because it is a condition of satisfaction and calmness. It is clear that our way of life must be as comfortable as possible. Home electronics satisfy our wishes and make our life more pleasant.</p>','<div class=\"text\"><p>Comfort is a very important thing nowadays because it is a condition of satisfaction and calmness. It is clear that our way of life must be as comfortable as possible. Home electronics satisfy our wishes and make our life more pleasant. We must admit that our way of life depends on quality of different goods of popular brands. Many of our clients were surprised by the incredible assortment of products in our store. You know, we have many devoted customers all over the world, and this fact proves that we sell only quality commodities. Recipe of our success is a fair price and premium quality. We understand that it is very complicated to amaze present clients, they are so whimsical, but our products are very flexible and reliable.</p><p>Here you can find something more than just home electronics; you can find real comfort and satisfaction here! Our goods are the combination of perfect design and an ideal functionality. We have a tremendous variety of different models. Nowadays clients’ claims become so scrupulous that sometimes it is very hard to satisfy them. But we provide only real bestsellers and our products have a great number of options that can really help you. You’ll be amazed with its simplicity and durability.</p></div>','Product 61','','','','product-61'),(62,'<p>Here you can find something more than just home electronics; you can find real comfort and satisfaction here! Our goods are the combination of perfect design and an ideal functionality. </p>','<div class=\"text\"><p>Here you can find something more than just home electronics; you can find real comfort and satisfaction here! Our goods are the combination of perfect design and an ideal functionality. We have a tremendous variety of different models. Nowadays clients’ claims become so scrupulous that sometimes it is very hard to satisfy them. But we provide only real bestsellers and our products have a great number of options that can really help you. You’ll be amazed with its simplicity and durability.<p>Our manufacturers and vendors provide only new technologies and it is very important because nowadays we see a furious development of electronics industry. Also we provide different economical, social and even technological researches. The main goal of their analysis is to find out the changes of clients’ demands and other useful data. We are trying to introduce positive results of our explorations.</p></div>','Product 62','','','','product-62'),(63,'<p>Our manufacturers and vendors provide only new technologies and it is very important because nowadays we see a furious development of electronics industry. Also we provide different economical, social and even technological researches. </p>','<div class=\"text\"><p>Our manufacturers and vendors provide only new technologies and it is very important because nowadays we see a furious development of electronics industry. Also we provide different economical, social and even technological researches. The main goal of their analysis is to find out the changes of clients’ demands and other useful data. We are trying to introduce positive results of our explorations.<p>If you want to know more information about our goods, terms, guarantees and other features, you can address our superb 24/7 support system. Also you can save some money at our store because we always provide different promos and you can get good discount and other benefits.Remember that only in our store you can buy fashionable, solid and very functional home electronics.</p></div>','Product 63','','','','product-63'),(64,'<p>Here you can find something more than just home electronics; you can find real comfort and satisfaction here! Our goods are the combination of perfect design and an ideal functionality.</p>','<div class=\"text\"><p>Here you can find something more than just home electronics; you can find real comfort and satisfaction here! Our goods are the combination of perfect design and an ideal functionality. We have a tremendous variety of different models. Nowadays clients’ claims become so scrupulous that sometimes it is very hard to satisfy them. But we provide only real bestsellers and our products have a great number of options that can really help you. You’ll be amazed with its simplicity and durability.<p>Our manufacturers and vendors provide only new technologies and it is very important because nowadays we see a furious development of electronics industry. Also we provide different economical, social and even technological researches. The main goal of their analysis is to find out the changes of clients’ demands and other useful data. We are trying to introduce positive results of our explorations.</p></div>','Product 64','','','','product-64'),(65,'<p>Comfort is a very important thing nowadays because it is a condition of satisfaction and calmness. It is clear that our way of life must be as comfortable as possible. </p>','<div class=\"text\"><p>Comfort is a very important thing nowadays because it is a condition of satisfaction and calmness. It is clear that our way of life must be as comfortable as possible. Home electronics satisfy our wishes and make our life more pleasant. We must admit that our way of life depends on quality of different goods of popular brands. Many of our clients were surprised by the incredible assortment of products in our store.</p><p>You know, we have many devoted customers all over the world, and this fact proves that we sell only quality commodities. Recipe of our success is a fair price and premium quality. We understand that it is very complicated to amaze present clients, they are so whimsical, but our products are very flexible and reliable.</p></div>','Product 65','','','','product-65'),(66,'<p>Comfort is a very important thing nowadays because it is a condition of satisfaction and calmness. It is clear that our way of life must be as comfortable as possible. Home electronics satisfy our wishes and make our life more pleasant.</p>','<div class=\"text\"><p>Comfort is a very important thing nowadays because it is a condition of satisfaction and calmness. It is clear that our way of life must be as comfortable as possible. Home electronics satisfy our wishes and make our life more pleasant. We must admit that our way of life depends on quality of different goods of popular brands. Many of our clients were surprised by the incredible assortment of products in our store. You know, we have many devoted customers all over the world, and this fact proves that we sell only quality commodities. Recipe of our success is a fair price and premium quality. We understand that it is very complicated to amaze present clients, they are so whimsical, but our products are very flexible and reliable.</p><p>Here you can find something more than just home electronics; you can find real comfort and satisfaction here! Our goods are the combination of perfect design and an ideal functionality. We have a tremendous variety of different models. Nowadays clients’ claims become so scrupulous that sometimes it is very hard to satisfy them. But we provide only real bestsellers and our products have a great number of options that can really help you. You’ll be amazed with its simplicity and durability.</p></div>','Product 66','','','','product-66'),(67,'<p>Here you can find something more than just home electronics; you can find real comfort and satisfaction here! Our goods are the combination of perfect design and an ideal functionality. </p>','<div class=\"text\"><p>Here you can find something more than just home electronics; you can find real comfort and satisfaction here! Our goods are the combination of perfect design and an ideal functionality. We have a tremendous variety of different models. Nowadays clients’ claims become so scrupulous that sometimes it is very hard to satisfy them. But we provide only real bestsellers and our products have a great number of options that can really help you. You’ll be amazed with its simplicity and durability.<p>Our manufacturers and vendors provide only new technologies and it is very important because nowadays we see a furious development of electronics industry. Also we provide different economical, social and even technological researches. The main goal of their analysis is to find out the changes of clients’ demands and other useful data. We are trying to introduce positive results of our explorations.</p></div>','Product 67','','','','product-67'),(68,'<p>Our manufacturers and vendors provide only new technologies and it is very important because nowadays we see a furious development of electronics industry. Also we provide different economical, social and even technological researches. </p>','<div class=\"text\"><p>Our manufacturers and vendors provide only new technologies and it is very important because nowadays we see a furious development of electronics industry. Also we provide different economical, social and even technological researches. The main goal of their analysis is to find out the changes of clients’ demands and other useful data. We are trying to introduce positive results of our explorations.<p>If you want to know more information about our goods, terms, guarantees and other features, you can address our superb 24/7 support system. Also you can save some money at our store because we always provide different promos and you can get good discount and other benefits.Remember that only in our store you can buy fashionable, solid and very functional home electronics.</p></div>','Product 68','','','','product-68'),(69,'<p>Here you can find something more than just home electronics; you can find real comfort and satisfaction here! Our goods are the combination of perfect design and an ideal functionality.</p>','<div class=\"text\"><p>Here you can find something more than just home electronics; you can find real comfort and satisfaction here! Our goods are the combination of perfect design and an ideal functionality. We have a tremendous variety of different models. Nowadays clients’ claims become so scrupulous that sometimes it is very hard to satisfy them. But we provide only real bestsellers and our products have a great number of options that can really help you. You’ll be amazed with its simplicity and durability.<p>Our manufacturers and vendors provide only new technologies and it is very important because nowadays we see a furious development of electronics industry. Also we provide different economical, social and even technological researches. The main goal of their analysis is to find out the changes of clients’ demands and other useful data. We are trying to introduce positive results of our explorations.</p></div>','Product 69','','','','product-69'),(70,'<p>Comfort is a very important thing nowadays because it is a condition of satisfaction and calmness. It is clear that our way of life must be as comfortable as possible. </p>','<div class=\"text\"><p>Comfort is a very important thing nowadays because it is a condition of satisfaction and calmness. It is clear that our way of life must be as comfortable as possible. Home electronics satisfy our wishes and make our life more pleasant. We must admit that our way of life depends on quality of different goods of popular brands. Many of our clients were surprised by the incredible assortment of products in our store.</p><p>You know, we have many devoted customers all over the world, and this fact proves that we sell only quality commodities. Recipe of our success is a fair price and premium quality. We understand that it is very complicated to amaze present clients, they are so whimsical, but our products are very flexible and reliable.</p></div>','Product 70','','','','product-70'),(71,'<p>Comfort is a very important thing nowadays because it is a condition of satisfaction and calmness. It is clear that our way of life must be as comfortable as possible. Home electronics satisfy our wishes and make our life more pleasant.</p>','<div class=\"text\"><p>Comfort is a very important thing nowadays because it is a condition of satisfaction and calmness. It is clear that our way of life must be as comfortable as possible. Home electronics satisfy our wishes and make our life more pleasant. We must admit that our way of life depends on quality of different goods of popular brands. Many of our clients were surprised by the incredible assortment of products in our store. You know, we have many devoted customers all over the world, and this fact proves that we sell only quality commodities. Recipe of our success is a fair price and premium quality. We understand that it is very complicated to amaze present clients, they are so whimsical, but our products are very flexible and reliable.</p><p>Here you can find something more than just home electronics; you can find real comfort and satisfaction here! Our goods are the combination of perfect design and an ideal functionality. We have a tremendous variety of different models. Nowadays clients’ claims become so scrupulous that sometimes it is very hard to satisfy them. But we provide only real bestsellers and our products have a great number of options that can really help you. You’ll be amazed with its simplicity and durability.</p></div>','Product 71','','','','product-71'),(72,'<p>Here you can find something more than just home electronics; you can find real comfort and satisfaction here! Our goods are the combination of perfect design and an ideal functionality. </p>','<div class=\"text\"><p>Here you can find something more than just home electronics; you can find real comfort and satisfaction here! Our goods are the combination of perfect design and an ideal functionality. We have a tremendous variety of different models. Nowadays clients’ claims become so scrupulous that sometimes it is very hard to satisfy them. But we provide only real bestsellers and our products have a great number of options that can really help you. You’ll be amazed with its simplicity and durability.<p>Our manufacturers and vendors provide only new technologies and it is very important because nowadays we see a furious development of electronics industry. Also we provide different economical, social and even technological researches. The main goal of their analysis is to find out the changes of clients’ demands and other useful data. We are trying to introduce positive results of our explorations.</p></div>','Dolore magna aliqua','','','','product-72'),(73,'<p>Our manufacturers and vendors provide only new technologies and it is very important because nowadays we see a furious development of electronics industry. Also we provide different economical, social and even technological researches. </p>','<div class=\"text\"><p>Our manufacturers and vendors provide only new technologies and it is very important because nowadays we see a furious development of electronics industry. Also we provide different economical, social and even technological researches. The main goal of their analysis is to find out the changes of clients’ demands and other useful data. We are trying to introduce positive results of our explorations.<p>If you want to know more information about our goods, terms, guarantees and other features, you can address our superb 24/7 support system. Also you can save some money at our store because we always provide different promos and you can get good discount and other benefits.Remember that only in our store you can buy fashionable, solid and very functional home electronics.</p></div>','Product 73','','','','product-73'),(74,'<p>Here you can find something more than just home electronics; you can find real comfort and satisfaction here! Our goods are the combination of perfect design and an ideal functionality.</p>','<div class=\"text\"><p>Here you can find something more than just home electronics; you can find real comfort and satisfaction here! Our goods are the combination of perfect design and an ideal functionality. We have a tremendous variety of different models. Nowadays clients’ claims become so scrupulous that sometimes it is very hard to satisfy them. But we provide only real bestsellers and our products have a great number of options that can really help you. You’ll be amazed with its simplicity and durability.<p>Our manufacturers and vendors provide only new technologies and it is very important because nowadays we see a furious development of electronics industry. Also we provide different economical, social and even technological researches. The main goal of their analysis is to find out the changes of clients’ demands and other useful data. We are trying to introduce positive results of our explorations.</p></div>','Lorem ipsum dolor','','','','product-74'),(75,'<p>Comfort is a very important thing nowadays because it is a condition of satisfaction and calmness. It is clear that our way of life must be as comfortable as possible. </p>','<div class=\"text\"><p>Comfort is a very important thing nowadays because it is a condition of satisfaction and calmness. It is clear that our way of life must be as comfortable as possible. Home electronics satisfy our wishes and make our life more pleasant. We must admit that our way of life depends on quality of different goods of popular brands. Many of our clients were surprised by the incredible assortment of products in our store.</p><p>You know, we have many devoted customers all over the world, and this fact proves that we sell only quality commodities. Recipe of our success is a fair price and premium quality. We understand that it is very complicated to amaze present clients, they are so whimsical, but our products are very flexible and reliable.</p></div>','Incididunt ut labore','','','','product-75'),(76,'<p>Comfort is a very important thing nowadays because it is a condition of satisfaction and calmness. It is clear that our way of life must be as comfortable as possible. Home electronics satisfy our wishes and make our life more pleasant.</p>','<div class=\"text\"><p>Comfort is a very important thing nowadays because it is a condition of satisfaction and calmness. It is clear that our way of life must be as comfortable as possible. Home electronics satisfy our wishes and make our life more pleasant. We must admit that our way of life depends on quality of different goods of popular brands. Many of our clients were surprised by the incredible assortment of products in our store. You know, we have many devoted customers all over the world, and this fact proves that we sell only quality commodities. Recipe of our success is a fair price and premium quality. We understand that it is very complicated to amaze present clients, they are so whimsical, but our products are very flexible and reliable.</p><p>Here you can find something more than just home electronics; you can find real comfort and satisfaction here! Our goods are the combination of perfect design and an ideal functionality. We have a tremendous variety of different models. Nowadays clients’ claims become so scrupulous that sometimes it is very hard to satisfy them. But we provide only real bestsellers and our products have a great number of options that can really help you. You’ll be amazed with its simplicity and durability.</p></div>','Do eiusmod tempor','','','','product-76'),(77,'<p>Here you can find something more than just home electronics; you can find real comfort and satisfaction here! Our goods are the combination of perfect design and an ideal functionality. </p>','<div class=\"text\"><p>Here you can find something more than just home electronics; you can find real comfort and satisfaction here! Our goods are the combination of perfect design and an ideal functionality. We have a tremendous variety of different models. Nowadays clients’ claims become so scrupulous that sometimes it is very hard to satisfy them. But we provide only real bestsellers and our products have a great number of options that can really help you. You’ll be amazed with its simplicity and durability.<p>Our manufacturers and vendors provide only new technologies and it is very important because nowadays we see a furious development of electronics industry. Also we provide different economical, social and even technological researches. The main goal of their analysis is to find out the changes of clients’ demands and other useful data. We are trying to introduce positive results of our explorations.</p></div>','Dolore magna aliqua','','','','product-77'),(78,'<p>Our manufacturers and vendors provide only new technologies and it is very important because nowadays we see a furious development of electronics industry. Also we provide different economical, social and even technological researches. </p>','<div class=\"text\"><p>Our manufacturers and vendors provide only new technologies and it is very important because nowadays we see a furious development of electronics industry. Also we provide different economical, social and even technological researches. The main goal of their analysis is to find out the changes of clients’ demands and other useful data. We are trying to introduce positive results of our explorations.<p>If you want to know more information about our goods, terms, guarantees and other features, you can address our superb 24/7 support system. Also you can save some money at our store because we always provide different promos and you can get good discount and other benefits.Remember that only in our store you can buy fashionable, solid and very functional home electronics.</p></div>','Incididunt ut labore','','','','product-78'),(79,'<p>Here you can find something more than just home electronics; you can find real comfort and satisfaction here! Our goods are the combination of perfect design and an ideal functionality.</p>','<div class=\"text\"><p>Here you can find something more than just home electronics; you can find real comfort and satisfaction here! Our goods are the combination of perfect design and an ideal functionality. We have a tremendous variety of different models. Nowadays clients’ claims become so scrupulous that sometimes it is very hard to satisfy them. But we provide only real bestsellers and our products have a great number of options that can really help you. You’ll be amazed with its simplicity and durability.<p>Our manufacturers and vendors provide only new technologies and it is very important because nowadays we see a furious development of electronics industry. Also we provide different economical, social and even technological researches. The main goal of their analysis is to find out the changes of clients’ demands and other useful data. We are trying to introduce positive results of our explorations.</p></div>','Do eiusmod tempor','','','','product-79'),(80,'<p>Comfort is a very important thing nowadays because it is a condition of satisfaction and calmness. It is clear that our way of life must be as comfortable as possible. </p>','<div class=\"text\"><p>Comfort is a very important thing nowadays because it is a condition of satisfaction and calmness. It is clear that our way of life must be as comfortable as possible. Home electronics satisfy our wishes and make our life more pleasant. We must admit that our way of life depends on quality of different goods of popular brands. Many of our clients were surprised by the incredible assortment of products in our store.</p><p>You know, we have many devoted customers all over the world, and this fact proves that we sell only quality commodities. Recipe of our success is a fair price and premium quality. We understand that it is very complicated to amaze present clients, they are so whimsical, but our products are very flexible and reliable.</p></div>','Lorem ipsum dolor','','','','product-80');
/*!40000 ALTER TABLE `jos_virtuemart_products_en_gb` ENABLE KEYS */;
UNLOCK TABLES;

--
-- Table structure for table `jos_virtuemart_rating_reviews`
--

DROP TABLE IF EXISTS `jos_virtuemart_rating_reviews`;
/*!40101 SET @saved_cs_client     = @@character_set_client */;
/*!40101 SET character_set_client = utf8 */;
CREATE TABLE `jos_virtuemart_rating_reviews` (
  `virtuemart_rating_review_id` int(11) unsigned NOT NULL AUTO_INCREMENT,
  `virtuemart_product_id` int(1) unsigned NOT NULL DEFAULT '0',
  `comment` text,
  `review_ok` tinyint(1) NOT NULL DEFAULT '0',
  `review_rates` int(1) unsigned NOT NULL DEFAULT '0',
  `review_ratingcount` int(1) unsigned NOT NULL DEFAULT '0',
  `review_rating` decimal(10,2) NOT NULL DEFAULT '0.00',
  `review_editable` tinyint(1) NOT NULL DEFAULT '1',
  `lastip` char(50) NOT NULL DEFAULT '0',
  `published` tinyint(1) NOT NULL DEFAULT '1',
  `created_on` datetime NOT NULL DEFAULT '0000-00-00 00:00:00',
  `created_by` int(11) NOT NULL DEFAULT '0',
  `modified_on` datetime NOT NULL DEFAULT '0000-00-00 00:00:00',
  `modified_by` int(11) NOT NULL DEFAULT '0',
  `locked_on` datetime NOT NULL DEFAULT '0000-00-00 00:00:00',
  `locked_by` int(11) NOT NULL DEFAULT '0',
  PRIMARY KEY (`virtuemart_rating_review_id`),
  UNIQUE KEY `i_virtuemart_product_id` (`virtuemart_product_id`,`created_by`)
) ENGINE=MyISAM AUTO_INCREMENT=8 DEFAULT CHARSET=utf8;
/*!40101 SET character_set_client = @saved_cs_client */;

--
-- Dumping data for table `jos_virtuemart_rating_reviews`
--

LOCK TABLES `jos_virtuemart_rating_reviews` WRITE;
/*!40000 ALTER TABLE `jos_virtuemart_rating_reviews` DISABLE KEYS */;
INSERT INTO `jos_virtuemart_rating_reviews` VALUES (5,5,'Comfort is a very important thing nowadays because it is a condition of satisfaction and calmness. It is clear that our way of life must be as comfortable as possible. ',0,6,2,'3.00',0,'127.0.0.1',1,'2012-03-22 12:34:19',42,'2012-03-22 12:35:45',42,'0000-00-00 00:00:00',0),(7,4,'Here you can find something more than just home electronics; you can find real comfort and satisfaction here! Our goods are the combination of perfect design and an ideal functionality.',0,5,1,'5.00',0,'192.168.9.1',0,'2012-03-22 13:01:09',42,'2012-03-22 13:01:09',42,'0000-00-00 00:00:00',0);
/*!40000 ALTER TABLE `jos_virtuemart_rating_reviews` ENABLE KEYS */;
UNLOCK TABLES;

--
-- Table structure for table `jos_virtuemart_rating_votes`
--

DROP TABLE IF EXISTS `jos_virtuemart_rating_votes`;
/*!40101 SET @saved_cs_client     = @@character_set_client */;
/*!40101 SET character_set_client = utf8 */;
CREATE TABLE `jos_virtuemart_rating_votes` (
  `virtuemart_rating_vote_id` int(11) unsigned NOT NULL AUTO_INCREMENT,
  `virtuemart_product_id` int(1) unsigned NOT NULL DEFAULT '0',
  `vote` int(11) NOT NULL DEFAULT '0',
  `lastip` char(50) NOT NULL DEFAULT '0',
  `created_on` datetime NOT NULL DEFAULT '0000-00-00 00:00:00',
  `created_by` int(11) NOT NULL DEFAULT '0',
  `modified_on` datetime NOT NULL DEFAULT '0000-00-00 00:00:00',
  `modified_by` int(11) NOT NULL DEFAULT '0',
  PRIMARY KEY (`virtuemart_rating_vote_id`),
  UNIQUE KEY `i_virtuemart_product_id` (`virtuemart_product_id`,`created_by`)
) ENGINE=MyISAM AUTO_INCREMENT=8 DEFAULT CHARSET=utf8 COMMENT='Stores all ratings for a product';
/*!40101 SET character_set_client = @saved_cs_client */;

--
-- Dumping data for table `jos_virtuemart_rating_votes`
--

LOCK TABLES `jos_virtuemart_rating_votes` WRITE;
/*!40000 ALTER TABLE `jos_virtuemart_rating_votes` DISABLE KEYS */;
INSERT INTO `jos_virtuemart_rating_votes` VALUES (7,4,5,'192.168.9.1','2012-03-22 13:01:09',42,'2012-03-22 13:01:09',42),(5,5,3,'127.0.0.1','2012-03-22 12:34:19',42,'2012-03-22 12:35:45',42);
/*!40000 ALTER TABLE `jos_virtuemart_rating_votes` ENABLE KEYS */;
UNLOCK TABLES;

--
-- Table structure for table `jos_virtuemart_ratings`
--

DROP TABLE IF EXISTS `jos_virtuemart_ratings`;
/*!40101 SET @saved_cs_client     = @@character_set_client */;
/*!40101 SET character_set_client = utf8 */;
CREATE TABLE `jos_virtuemart_ratings` (
  `virtuemart_rating_id` int(11) unsigned NOT NULL AUTO_INCREMENT,
  `virtuemart_product_id` int(1) unsigned NOT NULL DEFAULT '0',
  `rates` int(11) NOT NULL DEFAULT '0',
  `ratingcount` int(1) unsigned NOT NULL DEFAULT '0',
  `rating` decimal(10,1) NOT NULL DEFAULT '0.0',
  `published` tinyint(1) NOT NULL DEFAULT '1',
  `created_on` datetime NOT NULL DEFAULT '0000-00-00 00:00:00',
  `created_by` int(11) NOT NULL DEFAULT '0',
  `modified_on` datetime NOT NULL DEFAULT '0000-00-00 00:00:00',
  `modified_by` int(11) NOT NULL DEFAULT '0',
  PRIMARY KEY (`virtuemart_rating_id`),
  UNIQUE KEY `i_virtuemart_product_id` (`virtuemart_product_id`,`virtuemart_rating_id`)
) ENGINE=MyISAM AUTO_INCREMENT=7 DEFAULT CHARSET=utf8 COMMENT='Stores all ratings for a product';
/*!40101 SET character_set_client = @saved_cs_client */;

--
-- Dumping data for table `jos_virtuemart_ratings`
--

LOCK TABLES `jos_virtuemart_ratings` WRITE;
/*!40000 ALTER TABLE `jos_virtuemart_ratings` DISABLE KEYS */;
INSERT INTO `jos_virtuemart_ratings` VALUES (5,5,3,1,'3.0',1,'2012-03-22 12:34:19',42,'2012-03-22 12:35:45',42),(6,4,5,1,'5.0',0,'2012-03-22 13:01:09',42,'2012-03-22 13:01:09',42);
/*!40000 ALTER TABLE `jos_virtuemart_ratings` ENABLE KEYS */;
UNLOCK TABLES;

--
-- Table structure for table `jos_virtuemart_shipment_plg_correios`
--

DROP TABLE IF EXISTS `jos_virtuemart_shipment_plg_correios`;
/*!40101 SET @saved_cs_client     = @@character_set_client */;
/*!40101 SET character_set_client = utf8 */;
CREATE TABLE `jos_virtuemart_shipment_plg_correios` (
  `id` int(1) unsigned NOT NULL AUTO_INCREMENT,
  `virtuemart_order_id` int(11) unsigned DEFAULT NULL,
  `order_number` char(32) DEFAULT NULL,
  `virtuemart_shipmentmethod_id` mediumint(1) unsigned DEFAULT NULL,
  `shipment_name` varchar(5000) DEFAULT NULL,
  `order_weight` decimal(10,4) DEFAULT NULL,
  `shipment_weight_unit` char(3) DEFAULT 'KG',
  `shipment_cost` decimal(10,2) DEFAULT NULL,
  `shipment_package_fee` decimal(10,2) DEFAULT NULL,
  `tax_id` smallint(1) DEFAULT NULL,
  `created_on` datetime NOT NULL DEFAULT '0000-00-00 00:00:00',
  `created_by` int(11) NOT NULL DEFAULT '0',
  `modified_on` datetime NOT NULL DEFAULT '0000-00-00 00:00:00',
  `modified_by` int(11) NOT NULL DEFAULT '0',
  `locked_on` datetime NOT NULL DEFAULT '0000-00-00 00:00:00',
  `locked_by` int(11) NOT NULL DEFAULT '0',
  PRIMARY KEY (`id`)
) ENGINE=MyISAM AUTO_INCREMENT=32 DEFAULT CHARSET=utf8 COMMENT='Shipment Correios Table';
/*!40101 SET character_set_client = @saved_cs_client */;

--
-- Dumping data for table `jos_virtuemart_shipment_plg_correios`
--

LOCK TABLES `jos_virtuemart_shipment_plg_correios` WRITE;
/*!40000 ALTER TABLE `jos_virtuemart_shipment_plg_correios` DISABLE KEYS */;
INSERT INTO `jos_virtuemart_shipment_plg_correios` VALUES (1,0,'0',0,'0','0.0000','0','0.00','0.00',0,'2012-09-14 17:47:56',42,'2012-09-14 17:47:56',42,'0000-00-00 00:00:00',0),(2,0,'0',0,'0','0.0000','0','0.00','0.00',0,'2012-09-14 17:48:05',42,'2012-09-14 17:48:05',42,'0000-00-00 00:00:00',0),(3,0,'0',0,'0','0.0000','0','0.00','0.00',0,'2012-09-14 17:48:40',42,'2012-09-14 17:48:40',42,'0000-00-00 00:00:00',0),(4,28,'c26b026',3,'<img align=\"middle\" src=\"http://anaperotti.com.br/images/stories/virtuemart/shipment/lgSedex.gif\"  alt=\"lgSedex\" />  <span class=\"vmshipment_name\">Sedex</span>','10.0000','KG','0.00','0.00',-1,'2012-09-14 17:48:45',42,'2012-09-14 17:48:45',42,'0000-00-00 00:00:00',0),(5,0,'0',0,'0','0.0000','0','0.00','0.00',0,'2012-09-14 17:51:36',42,'2012-09-14 17:51:36',42,'0000-00-00 00:00:00',0),(6,0,'0',0,'0','0.0000','0','0.00','0.00',0,'2012-09-14 17:54:33',43,'2012-09-14 17:54:33',43,'0000-00-00 00:00:00',0),(7,0,'0',0,'0','0.0000','0','28.36','0.00',0,'2012-09-14 17:59:13',43,'2012-09-14 17:59:13',43,'0000-00-00 00:00:00',0),(8,0,'0',0,'0','0.0000','0','0.00','0.00',0,'2012-09-14 18:47:40',43,'2012-09-14 18:47:40',43,'0000-00-00 00:00:00',0),(9,0,'0',0,'0','0.0000','0','12.40','0.00',0,'2012-09-14 18:48:19',43,'2012-09-14 18:48:19',43,'0000-00-00 00:00:00',0),(10,0,'0',0,'0','0.0000','0','12.40','0.00',0,'2012-09-14 18:48:23',43,'2012-09-14 18:48:23',43,'0000-00-00 00:00:00',0),(11,0,'0',0,'0','0.0000','0','12.40','0.00',0,'2012-09-14 18:48:38',43,'2012-09-14 18:48:38',43,'0000-00-00 00:00:00',0),(12,0,'0',0,'0','0.0000','0','26.20','0.00',0,'2012-09-14 18:48:44',43,'2012-09-14 18:48:44',43,'0000-00-00 00:00:00',0),(13,0,'0',0,'0','0.0000','0','28.65','0.00',0,'2012-09-14 18:48:45',43,'2012-09-14 18:48:45',43,'0000-00-00 00:00:00',0),(14,0,'0',0,'0','0.0000','0','28.65','0.00',0,'2012-09-14 18:49:09',43,'2012-09-14 18:49:09',43,'0000-00-00 00:00:00',0),(15,0,'0',0,'0','0.0000','0','41.35','0.00',0,'2012-09-14 18:49:17',43,'2012-09-14 18:49:17',43,'0000-00-00 00:00:00',0),(16,0,'0',0,'0','0.0000','0','42.89','0.00',0,'2012-09-14 18:49:19',43,'2012-09-14 18:49:19',43,'0000-00-00 00:00:00',0),(17,0,'0',0,'0','0.0000','0','52.69','0.00',0,'2012-09-14 18:49:35',43,'2012-09-14 18:49:35',43,'0000-00-00 00:00:00',0),(18,0,'0',0,'0','0.0000','0','53.75','0.00',0,'2012-09-14 18:49:37',43,'2012-09-14 18:49:37',43,'0000-00-00 00:00:00',0),(19,0,'0',0,'0','0.0000','0','53.75','0.00',0,'2012-09-14 18:49:58',43,'2012-09-14 18:49:58',43,'0000-00-00 00:00:00',0),(20,0,'0',0,'0','0.0000','0','53.21','0.00',0,'2012-09-14 18:50:36',43,'2012-09-14 18:50:36',43,'0000-00-00 00:00:00',0),(21,0,'0',0,'0','0.0000','0','53.74','0.00',0,'2012-09-14 18:51:02',43,'2012-09-14 18:51:02',43,'0000-00-00 00:00:00',0),(22,0,'0',0,'0','0.0000','0','53.75','0.00',0,'2012-09-14 18:51:09',43,'2012-09-14 18:51:09',43,'0000-00-00 00:00:00',0),(23,0,'0',0,'0','0.0000','0','53.75','0.00',0,'2012-09-14 18:51:15',43,'2012-09-14 18:51:15',43,'0000-00-00 00:00:00',0),(24,0,'0',0,'0','0.0000','0','53.75','0.00',0,'2012-09-14 18:51:22',43,'2012-09-14 18:51:22',43,'0000-00-00 00:00:00',0),(25,0,'0',0,'0','0.0000','0','53.75','0.00',0,'2012-09-14 18:51:27',43,'2012-09-14 18:51:27',43,'0000-00-00 00:00:00',0),(26,29,'f2b9027',3,'<img align=\"middle\" src=\"http://anaperotti.com.br/images/stories/virtuemart/shipment/lgSedex.gif\"  alt=\"lgSedex\" />  <span class=\"vmshipment_name\">Sedex</span>','30.0000','KG','53.75','0.00',-1,'2012-09-14 18:51:41',43,'2012-09-14 18:51:41',43,'0000-00-00 00:00:00',0),(27,0,'0',0,'0','0.0000','0','53.75','0.00',0,'2012-09-14 18:51:43',43,'2012-09-14 18:51:43',43,'0000-00-00 00:00:00',0),(28,0,'0',0,'0','0.0000','0','53.75','0.00',0,'2012-09-14 18:55:37',43,'2012-09-14 18:55:37',43,'0000-00-00 00:00:00',0),(29,0,'0',0,'0','0.0000','0','53.75','0.00',0,'2012-09-14 18:55:50',43,'2012-09-14 18:55:50',43,'0000-00-00 00:00:00',0),(30,0,'0',0,'0','0.0000','0','53.75','0.00',0,'2012-09-14 18:55:57',43,'2012-09-14 18:55:57',43,'0000-00-00 00:00:00',0),(31,30,'fdd1028',3,'<img align=\"middle\" src=\"http://anaperotti.com.br/images/stories/virtuemart/shipment/lgSedex.gif\"  alt=\"lgSedex\" />  <span class=\"vmshipment_name\">Sedex</span>','30.0000','KG','53.75','0.00',-1,'2012-09-14 18:56:06',43,'2012-09-14 18:56:06',43,'0000-00-00 00:00:00',0);
/*!40000 ALTER TABLE `jos_virtuemart_shipment_plg_correios` ENABLE KEYS */;
UNLOCK TABLES;

--
-- Table structure for table `jos_virtuemart_shipment_plg_weight_countries`
--

DROP TABLE IF EXISTS `jos_virtuemart_shipment_plg_weight_countries`;
/*!40101 SET @saved_cs_client     = @@character_set_client */;
/*!40101 SET character_set_client = utf8 */;
CREATE TABLE `jos_virtuemart_shipment_plg_weight_countries` (
  `id` int(1) unsigned NOT NULL AUTO_INCREMENT,
  `virtuemart_order_id` int(11) unsigned DEFAULT NULL,
  `order_number` char(32) DEFAULT NULL,
  `virtuemart_shipmentmethod_id` mediumint(1) unsigned DEFAULT NULL,
  `shipment_name` varchar(5000) DEFAULT NULL,
  `order_weight` decimal(10,4) DEFAULT NULL,
  `shipment_weight_unit` char(3) DEFAULT 'KG',
  `shipment_cost` decimal(10,2) DEFAULT NULL,
  `shipment_package_fee` decimal(10,2) DEFAULT NULL,
  `tax_id` smallint(1) DEFAULT NULL,
  `created_on` datetime NOT NULL DEFAULT '0000-00-00 00:00:00',
  `created_by` int(11) NOT NULL DEFAULT '0',
  `modified_on` datetime NOT NULL DEFAULT '0000-00-00 00:00:00',
  `modified_by` int(11) NOT NULL DEFAULT '0',
  `locked_on` datetime NOT NULL DEFAULT '0000-00-00 00:00:00',
  `locked_by` int(11) NOT NULL DEFAULT '0',
  PRIMARY KEY (`id`)
) ENGINE=MyISAM AUTO_INCREMENT=28 DEFAULT CHARSET=utf8 COMMENT='Shipment Weight Countries Table';
/*!40101 SET character_set_client = @saved_cs_client */;

--
-- Dumping data for table `jos_virtuemart_shipment_plg_weight_countries`
--

LOCK TABLES `jos_virtuemart_shipment_plg_weight_countries` WRITE;
/*!40000 ALTER TABLE `jos_virtuemart_shipment_plg_weight_countries` DISABLE KEYS */;
INSERT INTO `jos_virtuemart_shipment_plg_weight_countries` VALUES (5,5,'f53703',1,'<span class=\"vmshipment_name\">Shipment Name 1</span><span class=\"vmshipment_description\">Shipment Name 1</span>','20.0000','KG','0.00','0.00',3,'2012-03-30 12:40:19',42,'2012-03-30 12:40:19',42,'0000-00-00 00:00:00',0),(6,6,'afc804',1,'<span class=\"vmshipment_name\">Shipment Name 1</span><span class=\"vmshipment_description\">Shipment Name 1</span>','80.0000','KG','0.00','0.00',3,'2012-03-30 14:22:09',42,'2012-03-30 14:22:09',42,'0000-00-00 00:00:00',0),(7,7,'15a005',1,'<span class=\"vmshipment_name\">Shipment Name 1</span><span class=\"vmshipment_description\">Shipment Name 1</span>','20.0000','KG','0.00','0.00',3,'2012-04-03 09:30:54',42,'2012-04-03 09:30:54',42,'0000-00-00 00:00:00',0),(8,8,'ba3d06',1,'<span class=\"vmshipment_name\">Shipment Name 1</span><span class=\"vmshipment_description\">Shipment Name 1</span>','20.0000','KG','0.00','0.00',3,'2012-04-03 09:31:44',42,'2012-04-03 09:31:44',42,'0000-00-00 00:00:00',0),(9,9,'45c107',1,'<span class=\"vmshipment_name\">Shipment Name 1</span><span class=\"vmshipment_description\">Shipment Name 1</span>','20.0000','KG','0.00','0.00',3,'2012-04-03 09:31:52',42,'2012-04-03 09:31:52',42,'0000-00-00 00:00:00',0),(10,10,'ce6c08',1,'<span class=\"vmshipment_name\">Shipment Name 1</span><span class=\"vmshipment_description\">Shipment Name 1</span>','20.0000','KG','0.00','0.00',3,'2012-04-03 09:33:53',42,'2012-04-03 09:33:53',42,'0000-00-00 00:00:00',0),(11,11,'f7a509',1,'<span class=\"vmshipment_name\">Shipment Name 1</span><span class=\"vmshipment_description\">Shipment Name 1</span>','20.0000','KG','0.00','0.00',3,'2012-04-03 09:34:18',42,'2012-04-03 09:34:18',42,'0000-00-00 00:00:00',0),(12,12,'eecd010',1,'<span class=\"vmshipment_name\">Shipment Name 1</span><span class=\"vmshipment_description\">Shipment Name 1</span>','20.0000','KG','0.00','0.00',3,'2012-04-03 09:34:39',42,'2012-04-03 09:34:39',42,'0000-00-00 00:00:00',0),(13,13,'a163011',1,'<span class=\"vmshipment_name\">Shipment Name 1</span><span class=\"vmshipment_description\">Shipment Name 1</span>','20.0000','KG','0.00','0.00',3,'2012-04-03 09:35:21',42,'2012-04-03 09:35:21',42,'0000-00-00 00:00:00',0),(14,14,'cb8c012',1,'<span class=\"vmshipment_name\">Shipment Name 1</span><span class=\"vmshipment_description\">Shipment Name 1</span>','20.0000','KG','0.00','0.00',3,'2012-04-03 09:35:32',42,'2012-04-03 09:35:32',42,'0000-00-00 00:00:00',0),(15,15,'18e1013',1,'<span class=\"vmshipment_name\">Shipment Name 1</span><span class=\"vmshipment_description\">Shipment Name 1</span>','20.0000','KG','0.00','0.00',3,'2012-04-03 09:35:47',42,'2012-04-03 09:35:47',42,'0000-00-00 00:00:00',0),(16,16,'d760014',1,'<span class=\"vmshipment_name\">Shipment Name 1</span><span class=\"vmshipment_description\">Shipment Name 1</span>','20.0000','KG','0.00','0.00',3,'2012-04-03 09:36:38',42,'2012-04-03 09:36:38',42,'0000-00-00 00:00:00',0),(17,17,'e598015',1,'<span class=\"vmshipment_name\">Shipment Name 1</span><span class=\"vmshipment_description\">Shipment Name 1</span>','20.0000','KG','0.00','0.00',3,'2012-04-03 09:38:03',42,'2012-04-03 09:38:03',42,'0000-00-00 00:00:00',0),(18,18,'7117016',1,'<span class=\"vmshipment_name\">Shipment Name 1</span><span class=\"vmshipment_description\">Shipment Name 1</span>','20.0000','KG','0.00','0.00',3,'2012-04-03 09:38:36',42,'2012-04-03 09:38:36',42,'0000-00-00 00:00:00',0),(19,19,'b68b017',1,'<span class=\"vmshipment_name\">Shipment Name 1</span><span class=\"vmshipment_description\">Shipment Name 1</span>','20.0000','KG','0.00','0.00',3,'2012-04-03 09:39:06',42,'2012-04-03 09:39:06',42,'0000-00-00 00:00:00',0),(20,20,'b169018',1,'<span class=\"vmshipment_name\">Shipment Name 1</span><span class=\"vmshipment_description\">Shipment Name 1</span>','20.0000','KG','0.00','0.00',3,'2012-04-03 09:39:27',42,'2012-04-03 09:39:27',42,'0000-00-00 00:00:00',0),(21,21,'63da019',1,'<span class=\"vmshipment_name\">Shipment Name 1</span><span class=\"vmshipment_description\">Shipment Name 1</span>','20.0000','KG','0.00','0.00',3,'2012-04-09 13:50:35',42,'2012-04-09 13:50:35',42,'0000-00-00 00:00:00',0),(22,22,'6aa0020',1,'<span class=\"vmshipment_name\">Shipment Name 1</span><span class=\"vmshipment_description\">Shipment Name 1</span>','10.0000','KG','0.00','0.00',3,'2012-09-14 17:19:04',42,'2012-09-14 17:19:04',42,'0000-00-00 00:00:00',0),(23,23,'11e5021',1,'<span class=\"vmshipment_name\">Shipment Name 1</span><span class=\"vmshipment_description\">Shipment Name 1</span>','10.0000','KG','0.00','0.00',3,'2012-09-14 17:23:55',42,'2012-09-14 17:23:55',42,'0000-00-00 00:00:00',0),(24,24,'7bce022',1,'<span class=\"vmshipment_name\">Shipment Name 1</span><span class=\"vmshipment_description\">Shipment Name 1</span>','10.0000','KG','0.00','0.00',3,'2012-09-14 17:24:53',42,'2012-09-14 17:24:53',42,'0000-00-00 00:00:00',0),(25,25,'eb39023',1,'<span class=\"vmshipment_name\">Shipment Name 1</span><span class=\"vmshipment_description\">Shipment Name 1</span>','10.0000','KG','0.00','0.00',3,'2012-09-14 17:28:41',42,'2012-09-14 17:28:41',42,'0000-00-00 00:00:00',0),(26,26,'a9c0024',1,'<span class=\"vmshipment_name\">Shipment Name 1</span><span class=\"vmshipment_description\">Shipment Name 1</span>','10.0000','KG','0.00','0.00',3,'2012-09-14 17:32:42',42,'2012-09-14 17:32:42',42,'0000-00-00 00:00:00',0),(27,27,'ae2f025',1,'<span class=\"vmshipment_name\">Shipment Name 1</span><span class=\"vmshipment_description\">Shipment Name 1</span>','10.0000','KG','0.00','0.00',3,'2012-09-14 17:37:18',42,'2012-09-14 17:37:18',42,'0000-00-00 00:00:00',0);
/*!40000 ALTER TABLE `jos_virtuemart_shipment_plg_weight_countries` ENABLE KEYS */;
UNLOCK TABLES;

--
-- Table structure for table `jos_virtuemart_shipmentmethod_shoppergroups`
--

DROP TABLE IF EXISTS `jos_virtuemart_shipmentmethod_shoppergroups`;
/*!40101 SET @saved_cs_client     = @@character_set_client */;
/*!40101 SET character_set_client = utf8 */;
CREATE TABLE `jos_virtuemart_shipmentmethod_shoppergroups` (
  `id` int(11) unsigned NOT NULL AUTO_INCREMENT,
  `virtuemart_shipmentmethod_id` mediumint(1) unsigned DEFAULT NULL,
  `virtuemart_shoppergroup_id` smallint(1) unsigned NOT NULL DEFAULT '0',
  PRIMARY KEY (`id`),
  UNIQUE KEY `i_virtuemart_shipmentmethod_id` (`virtuemart_shipmentmethod_id`,`virtuemart_shoppergroup_id`)
) ENGINE=MyISAM AUTO_INCREMENT=11 DEFAULT CHARSET=utf8 COMMENT='xref table for shipment to shoppergroup';
/*!40101 SET character_set_client = @saved_cs_client */;

--
-- Dumping data for table `jos_virtuemart_shipmentmethod_shoppergroups`
--

LOCK TABLES `jos_virtuemart_shipmentmethod_shoppergroups` WRITE;
/*!40000 ALTER TABLE `jos_virtuemart_shipmentmethod_shoppergroups` DISABLE KEYS */;
INSERT INTO `jos_virtuemart_shipmentmethod_shoppergroups` VALUES (4,2,2),(2,2,1),(3,1,2),(5,2,3),(6,2,4),(7,1,1),(8,1,3),(9,1,4),(10,3,1);
/*!40000 ALTER TABLE `jos_virtuemart_shipmentmethod_shoppergroups` ENABLE KEYS */;
UNLOCK TABLES;

--
-- Table structure for table `jos_virtuemart_shipmentmethods`
--

DROP TABLE IF EXISTS `jos_virtuemart_shipmentmethods`;
/*!40101 SET @saved_cs_client     = @@character_set_client */;
/*!40101 SET character_set_client = utf8 */;
CREATE TABLE `jos_virtuemart_shipmentmethods` (
  `virtuemart_shipmentmethod_id` mediumint(1) unsigned NOT NULL AUTO_INCREMENT,
  `virtuemart_vendor_id` smallint(11) NOT NULL DEFAULT '1',
  `shipment_jplugin_id` int(11) NOT NULL DEFAULT '0',
  `slug` char(255) NOT NULL DEFAULT '',
  `shipment_element` char(50) NOT NULL DEFAULT '',
  `shipment_params` text,
  `ordering` int(2) NOT NULL DEFAULT '0',
  `shared` tinyint(1) NOT NULL DEFAULT '0',
  `published` tinyint(1) NOT NULL DEFAULT '1',
  `created_on` datetime NOT NULL DEFAULT '0000-00-00 00:00:00',
  `created_by` int(11) NOT NULL DEFAULT '0',
  `modified_on` datetime NOT NULL DEFAULT '0000-00-00 00:00:00',
  `modified_by` int(11) NOT NULL DEFAULT '0',
  `locked_on` datetime NOT NULL DEFAULT '0000-00-00 00:00:00',
  `locked_by` int(11) NOT NULL DEFAULT '0',
  PRIMARY KEY (`virtuemart_shipmentmethod_id`),
  KEY `idx_virtuemart_shipmentmethod_id` (`virtuemart_shipmentmethod_id`),
  KEY `idx_shipment_jplugin_id` (`shipment_jplugin_id`),
  KEY `idx_shipment_element` (`shipment_element`,`virtuemart_vendor_id`),
  KEY `idx_shipment_method_ordering` (`ordering`)
) ENGINE=MyISAM AUTO_INCREMENT=4 DEFAULT CHARSET=utf8 COMMENT='Shipment created from the shipment plugins';
/*!40101 SET character_set_client = @saved_cs_client */;

--
-- Dumping data for table `jos_virtuemart_shipmentmethods`
--

LOCK TABLES `jos_virtuemart_shipmentmethods` WRITE;
/*!40000 ALTER TABLE `jos_virtuemart_shipmentmethods` DISABLE KEYS */;
INSERT INTO `jos_virtuemart_shipmentmethods` VALUES (1,1,10035,'','weight_countries','shipment_logos=\"\"|countries=[\"223\"]|zip_start=\"0\"|zip_stop=\"0\"|weight_start=\"0\"|weight_stop=\"0\"|weight_unit=\"KG\"|nbproducts_start=\"0\"|nbproducts_stop=\"0\"|orderamount_start=\"0\"|orderamount_stop=\"0\"|cost=\"0\"|package_fee=\"0\"|tax_id=\"3\"|free_shipment=\"1\"|',1,0,1,'2012-03-22 16:59:56',42,'2012-03-22 16:59:56',42,'0000-00-00 00:00:00',0),(2,1,10035,'','weight_countries','shipment_logos=\"\"|countries=[\"223\"]|zip_start=\"0\"|zip_stop=\"0\"|weight_start=\"0\"|weight_stop=\"0\"|weight_unit=\"KG\"|nbproducts_start=\"0\"|nbproducts_stop=\"0\"|orderamount_start=\"0\"|orderamount_stop=\"0\"|cost=\"0\"|package_fee=\"0\"|tax_id=\"3\"|free_shipment=\"0\"|',2,0,1,'2012-03-22 16:59:44',42,'2012-03-22 16:59:44',42,'0000-00-00 00:00:00',0),(3,1,10060,'','correios','shipment_logos=[\"lgSedex.gif\"]|servico_correios=\"40010\"|servico_empresa=\"admin\"|servico_senha=\"Suse10.06\"|declara_valor=\"1\"|mao_propria=\"n\"|aviso_recebimento=\"N\"|countries=\"\"|category_ids=\"\"|product_ids=\"\"|zip_start=\"\"|zip_stop=\"\"|weight_start=\"\"|weight_stop=\"30\"|nbproducts_start=\"1\"|nbproducts_stop=\"10\"|orderamount_start=\"50\"|orderamount_stop=\"10000\"|add_days=\"0\"|package_fee=\"\"|tax_id=\"-1\"|free_shipment=\"\"|debug=\"0\"|',0,0,1,'2012-09-14 17:47:49',42,'2012-09-14 17:47:49',42,'0000-00-00 00:00:00',0);
/*!40000 ALTER TABLE `jos_virtuemart_shipmentmethods` ENABLE KEYS */;
UNLOCK TABLES;

--
-- Table structure for table `jos_virtuemart_shipmentmethods_en_gb`
--

DROP TABLE IF EXISTS `jos_virtuemart_shipmentmethods_en_gb`;
/*!40101 SET @saved_cs_client     = @@character_set_client */;
/*!40101 SET character_set_client = utf8 */;
CREATE TABLE `jos_virtuemart_shipmentmethods_en_gb` (
  `virtuemart_shipmentmethod_id` int(1) unsigned NOT NULL AUTO_INCREMENT,
  `shipment_name` char(180) NOT NULL DEFAULT '',
  `shipment_desc` varchar(20000) NOT NULL DEFAULT '',
  `slug` char(192) NOT NULL DEFAULT '',
  PRIMARY KEY (`virtuemart_shipmentmethod_id`),
  UNIQUE KEY `slug` (`slug`)
) ENGINE=MyISAM AUTO_INCREMENT=4 DEFAULT CHARSET=utf8;
/*!40101 SET character_set_client = @saved_cs_client */;

--
-- Dumping data for table `jos_virtuemart_shipmentmethods_en_gb`
--

LOCK TABLES `jos_virtuemart_shipmentmethods_en_gb` WRITE;
/*!40000 ALTER TABLE `jos_virtuemart_shipmentmethods_en_gb` DISABLE KEYS */;
INSERT INTO `jos_virtuemart_shipmentmethods_en_gb` VALUES (1,'Shipment Name 1','Shipment Name 1','shipment-name-1'),(2,'Shipment Name 2','Shipment Name 2','shipment-name-2'),(3,'Sedex','','sedex');
/*!40000 ALTER TABLE `jos_virtuemart_shipmentmethods_en_gb` ENABLE KEYS */;
UNLOCK TABLES;

--
-- Table structure for table `jos_virtuemart_shoppergroups`
--

DROP TABLE IF EXISTS `jos_virtuemart_shoppergroups`;
/*!40101 SET @saved_cs_client     = @@character_set_client */;
/*!40101 SET character_set_client = utf8 */;
CREATE TABLE `jos_virtuemart_shoppergroups` (
  `virtuemart_shoppergroup_id` int(11) unsigned NOT NULL AUTO_INCREMENT,
  `virtuemart_vendor_id` smallint(11) NOT NULL DEFAULT '1',
  `shopper_group_name` char(32) DEFAULT NULL,
  `shopper_group_desc` char(128) DEFAULT NULL,
  `custom_price_display` tinyint(1) NOT NULL DEFAULT '0',
  `price_display` blob,
  `default` tinyint(1) NOT NULL DEFAULT '0',
  `ordering` int(2) NOT NULL DEFAULT '0',
  `shared` tinyint(1) NOT NULL DEFAULT '0',
  `published` tinyint(1) NOT NULL DEFAULT '1',
  `created_on` datetime NOT NULL DEFAULT '0000-00-00 00:00:00',
  `created_by` int(11) NOT NULL DEFAULT '0',
  `modified_on` datetime NOT NULL DEFAULT '0000-00-00 00:00:00',
  `modified_by` int(11) NOT NULL DEFAULT '0',
  `locked_on` datetime NOT NULL DEFAULT '0000-00-00 00:00:00',
  `locked_by` int(11) NOT NULL DEFAULT '0',
  PRIMARY KEY (`virtuemart_shoppergroup_id`),
  KEY `idx_shopper_group_virtuemart_vendor_id` (`virtuemart_vendor_id`),
  KEY `idx_shopper_group_name` (`shopper_group_name`)
) ENGINE=MyISAM AUTO_INCREMENT=5 DEFAULT CHARSET=utf8 COMMENT='Shopper Groups that users can be assigned to';
/*!40101 SET character_set_client = @saved_cs_client */;

--
-- Dumping data for table `jos_virtuemart_shoppergroups`
--

LOCK TABLES `jos_virtuemart_shoppergroups` WRITE;
/*!40000 ALTER TABLE `jos_virtuemart_shoppergroups` DISABLE KEYS */;
INSERT INTO `jos_virtuemart_shoppergroups` VALUES (1,1,'-default-','This is the default shopper group.',0,NULL,1,0,1,1,'0000-00-00 00:00:00',0,'0000-00-00 00:00:00',0,'0000-00-00 00:00:00',0),(2,1,'-anonymous-','Shopper group for anonymous shoppers',0,NULL,2,0,1,1,'0000-00-00 00:00:00',0,'0000-00-00 00:00:00',0,'0000-00-00 00:00:00',0),(3,1,'Gold Level','Gold Level Shoppers.',0,NULL,0,0,0,1,'0000-00-00 00:00:00',0,'0000-00-00 00:00:00',0,'0000-00-00 00:00:00',0),(4,1,'Wholesale','Shoppers that can buy at wholesale.',0,NULL,0,0,0,1,'0000-00-00 00:00:00',0,'0000-00-00 00:00:00',0,'0000-00-00 00:00:00',0);
/*!40000 ALTER TABLE `jos_virtuemart_shoppergroups` ENABLE KEYS */;
UNLOCK TABLES;

--
-- Table structure for table `jos_virtuemart_states`
--

DROP TABLE IF EXISTS `jos_virtuemart_states`;
/*!40101 SET @saved_cs_client     = @@character_set_client */;
/*!40101 SET character_set_client = utf8 */;
CREATE TABLE `jos_virtuemart_states` (
  `virtuemart_state_id` smallint(1) unsigned NOT NULL AUTO_INCREMENT,
  `virtuemart_vendor_id` smallint(1) unsigned NOT NULL DEFAULT '1',
  `virtuemart_country_id` smallint(1) unsigned NOT NULL DEFAULT '1',
  `virtuemart_worldzone_id` smallint(1) unsigned NOT NULL DEFAULT '0',
  `state_name` char(64) DEFAULT NULL,
  `state_3_code` char(3) DEFAULT NULL,
  `state_2_code` char(2) DEFAULT NULL,
  `ordering` int(2) NOT NULL DEFAULT '0',
  `shared` tinyint(1) NOT NULL DEFAULT '0',
  `published` tinyint(1) NOT NULL DEFAULT '1',
  `created_on` datetime NOT NULL DEFAULT '0000-00-00 00:00:00',
  `created_by` int(11) NOT NULL DEFAULT '0',
  `modified_on` datetime NOT NULL DEFAULT '0000-00-00 00:00:00',
  `modified_by` int(11) NOT NULL DEFAULT '0',
  `locked_on` datetime NOT NULL DEFAULT '0000-00-00 00:00:00',
  `locked_by` int(11) NOT NULL DEFAULT '0',
  PRIMARY KEY (`virtuemart_state_id`),
  UNIQUE KEY `idx_state_3_code` (`virtuemart_country_id`,`state_3_code`),
  UNIQUE KEY `idx_state_2_code` (`virtuemart_country_id`,`state_2_code`),
  KEY `i_virtuemart_vendor_id` (`virtuemart_vendor_id`),
  KEY `i_virtuemart_country_id` (`virtuemart_country_id`)
) ENGINE=MyISAM AUTO_INCREMENT=554 DEFAULT CHARSET=utf8 COMMENT='States that are assigned to a country';
/*!40101 SET character_set_client = @saved_cs_client */;

--
-- Dumping data for table `jos_virtuemart_states`
--

LOCK TABLES `jos_virtuemart_states` WRITE;
/*!40000 ALTER TABLE `jos_virtuemart_states` DISABLE KEYS */;
INSERT INTO `jos_virtuemart_states` VALUES (1,1,223,0,'Alabama','ALA','AL',0,0,1,'0000-00-00 00:00:00',0,'0000-00-00 00:00:00',0,'0000-00-00 00:00:00',0),(2,1,223,0,'Alaska','ALK','AK',0,0,1,'0000-00-00 00:00:00',0,'0000-00-00 00:00:00',0,'0000-00-00 00:00:00',0),(3,1,223,0,'Arizona','ARZ','AZ',0,0,1,'0000-00-00 00:00:00',0,'0000-00-00 00:00:00',0,'0000-00-00 00:00:00',0),(4,1,223,0,'Arkansas','ARK','AR',0,0,1,'0000-00-00 00:00:00',0,'0000-00-00 00:00:00',0,'0000-00-00 00:00:00',0),(5,1,223,0,'California','CAL','CA',0,0,1,'0000-00-00 00:00:00',0,'0000-00-00 00:00:00',0,'0000-00-00 00:00:00',0),(6,1,223,0,'Colorado','COL','CO',0,0,1,'0000-00-00 00:00:00',0,'0000-00-00 00:00:00',0,'0000-00-00 00:00:00',0),(7,1,223,0,'Connecticut','CCT','CT',0,0,1,'0000-00-00 00:00:00',0,'0000-00-00 00:00:00',0,'0000-00-00 00:00:00',0),(8,1,223,0,'Delaware','DEL','DE',0,0,1,'0000-00-00 00:00:00',0,'0000-00-00 00:00:00',0,'0000-00-00 00:00:00',0),(9,1,223,0,'District Of Columbia','DOC','DC',0,0,1,'0000-00-00 00:00:00',0,'0000-00-00 00:00:00',0,'0000-00-00 00:00:00',0),(10,1,223,0,'Florida','FLO','FL',0,0,1,'0000-00-00 00:00:00',0,'0000-00-00 00:00:00',0,'0000-00-00 00:00:00',0),(11,1,223,0,'Georgia','GEA','GA',0,0,1,'0000-00-00 00:00:00',0,'0000-00-00 00:00:00',0,'0000-00-00 00:00:00',0),(12,1,223,0,'Hawaii','HWI','HI',0,0,1,'0000-00-00 00:00:00',0,'0000-00-00 00:00:00',0,'0000-00-00 00:00:00',0),(13,1,223,0,'Idaho','IDA','ID',0,0,1,'0000-00-00 00:00:00',0,'0000-00-00 00:00:00',0,'0000-00-00 00:00:00',0),(14,1,223,0,'Illinois','ILL','IL',0,0,1,'0000-00-00 00:00:00',0,'0000-00-00 00:00:00',0,'0000-00-00 00:00:00',0),(15,1,223,0,'Indiana','IND','IN',0,0,1,'0000-00-00 00:00:00',0,'0000-00-00 00:00:00',0,'0000-00-00 00:00:00',0),(16,1,223,0,'Iowa','IOA','IA',0,0,1,'0000-00-00 00:00:00',0,'0000-00-00 00:00:00',0,'0000-00-00 00:00:00',0),(17,1,223,0,'Kansas','KAS','KS',0,0,1,'0000-00-00 00:00:00',0,'0000-00-00 00:00:00',0,'0000-00-00 00:00:00',0),(18,1,223,0,'Kentucky','KTY','KY',0,0,1,'0000-00-00 00:00:00',0,'0000-00-00 00:00:00',0,'0000-00-00 00:00:00',0),(19,1,223,0,'Louisiana','LOA','LA',0,0,1,'0000-00-00 00:00:00',0,'0000-00-00 00:00:00',0,'0000-00-00 00:00:00',0),(20,1,223,0,'Maine','MAI','ME',0,0,1,'0000-00-00 00:00:00',0,'0000-00-00 00:00:00',0,'0000-00-00 00:00:00',0),(21,1,223,0,'Maryland','MLD','MD',0,0,1,'0000-00-00 00:00:00',0,'0000-00-00 00:00:00',0,'0000-00-00 00:00:00',0),(22,1,223,0,'Massachusetts','MSA','MA',0,0,1,'0000-00-00 00:00:00',0,'0000-00-00 00:00:00',0,'0000-00-00 00:00:00',0),(23,1,223,0,'Michigan','MIC','MI',0,0,1,'0000-00-00 00:00:00',0,'0000-00-00 00:00:00',0,'0000-00-00 00:00:00',0),(24,1,223,0,'Minnesota','MIN','MN',0,0,1,'0000-00-00 00:00:00',0,'0000-00-00 00:00:00',0,'0000-00-00 00:00:00',0),(25,1,223,0,'Mississippi','MIS','MS',0,0,1,'0000-00-00 00:00:00',0,'0000-00-00 00:00:00',0,'0000-00-00 00:00:00',0),(26,1,223,0,'Missouri','MIO','MO',0,0,1,'0000-00-00 00:00:00',0,'0000-00-00 00:00:00',0,'0000-00-00 00:00:00',0),(27,1,223,0,'Montana','MOT','MT',0,0,1,'0000-00-00 00:00:00',0,'0000-00-00 00:00:00',0,'0000-00-00 00:00:00',0),(28,1,223,0,'Nebraska','NEB','NE',0,0,1,'0000-00-00 00:00:00',0,'0000-00-00 00:00:00',0,'0000-00-00 00:00:00',0),(29,1,223,0,'Nevada','NEV','NV',0,0,1,'0000-00-00 00:00:00',0,'0000-00-00 00:00:00',0,'0000-00-00 00:00:00',0),(30,1,223,0,'New Hampshire','NEH','NH',0,0,1,'0000-00-00 00:00:00',0,'0000-00-00 00:00:00',0,'0000-00-00 00:00:00',0),(31,1,223,0,'New Jersey','NEJ','NJ',0,0,1,'0000-00-00 00:00:00',0,'0000-00-00 00:00:00',0,'0000-00-00 00:00:00',0),(32,1,223,0,'New Mexico','NEM','NM',0,0,1,'0000-00-00 00:00:00',0,'0000-00-00 00:00:00',0,'0000-00-00 00:00:00',0),(33,1,223,0,'New York','NEY','NY',0,0,1,'0000-00-00 00:00:00',0,'0000-00-00 00:00:00',0,'0000-00-00 00:00:00',0),(34,1,223,0,'North Carolina','NOC','NC',0,0,1,'0000-00-00 00:00:00',0,'0000-00-00 00:00:00',0,'0000-00-00 00:00:00',0),(35,1,223,0,'North Dakota','NOD','ND',0,0,1,'0000-00-00 00:00:00',0,'0000-00-00 00:00:00',0,'0000-00-00 00:00:00',0),(36,1,223,0,'Ohio','OHI','OH',0,0,1,'0000-00-00 00:00:00',0,'0000-00-00 00:00:00',0,'0000-00-00 00:00:00',0),(37,1,223,0,'Oklahoma','OKL','OK',0,0,1,'0000-00-00 00:00:00',0,'0000-00-00 00:00:00',0,'0000-00-00 00:00:00',0),(38,1,223,0,'Oregon','ORN','OR',0,0,1,'0000-00-00 00:00:00',0,'0000-00-00 00:00:00',0,'0000-00-00 00:00:00',0),(39,1,223,0,'Pennsylvania','PEA','PA',0,0,1,'0000-00-00 00:00:00',0,'0000-00-00 00:00:00',0,'0000-00-00 00:00:00',0),(40,1,223,0,'Rhode Island','RHI','RI',0,0,1,'0000-00-00 00:00:00',0,'0000-00-00 00:00:00',0,'0000-00-00 00:00:00',0),(41,1,223,0,'South Carolina','SOC','SC',0,0,1,'0000-00-00 00:00:00',0,'0000-00-00 00:00:00',0,'0000-00-00 00:00:00',0),(42,1,223,0,'South Dakota','SOD','SD',0,0,1,'0000-00-00 00:00:00',0,'0000-00-00 00:00:00',0,'0000-00-00 00:00:00',0),(43,1,223,0,'Tennessee','TEN','TN',0,0,1,'0000-00-00 00:00:00',0,'0000-00-00 00:00:00',0,'0000-00-00 00:00:00',0),(44,1,223,0,'Texas','TXS','TX',0,0,1,'0000-00-00 00:00:00',0,'0000-00-00 00:00:00',0,'0000-00-00 00:00:00',0),(45,1,223,0,'Utah','UTA','UT',0,0,1,'0000-00-00 00:00:00',0,'0000-00-00 00:00:00',0,'0000-00-00 00:00:00',0),(46,1,223,0,'Vermont','VMT','VT',0,0,1,'0000-00-00 00:00:00',0,'0000-00-00 00:00:00',0,'0000-00-00 00:00:00',0),(47,1,223,0,'Virginia','VIA','VA',0,0,1,'0000-00-00 00:00:00',0,'0000-00-00 00:00:00',0,'0000-00-00 00:00:00',0),(48,1,223,0,'Washington','WAS','WA',0,0,1,'0000-00-00 00:00:00',0,'0000-00-00 00:00:00',0,'0000-00-00 00:00:00',0),(49,1,223,0,'West Virginia','WEV','WV',0,0,1,'0000-00-00 00:00:00',0,'0000-00-00 00:00:00',0,'0000-00-00 00:00:00',0),(50,1,223,0,'Wisconsin','WIS','WI',0,0,1,'0000-00-00 00:00:00',0,'0000-00-00 00:00:00',0,'0000-00-00 00:00:00',0),(51,1,223,0,'Wyoming','WYO','WY',0,0,1,'0000-00-00 00:00:00',0,'0000-00-00 00:00:00',0,'0000-00-00 00:00:00',0),(52,1,38,0,'Alberta','ALB','AB',0,0,1,'0000-00-00 00:00:00',0,'0000-00-00 00:00:00',0,'0000-00-00 00:00:00',0),(53,1,38,0,'British Columbia','BRC','BC',0,0,1,'0000-00-00 00:00:00',0,'0000-00-00 00:00:00',0,'0000-00-00 00:00:00',0),(54,1,38,0,'Manitoba','MAB','MB',0,0,1,'0000-00-00 00:00:00',0,'0000-00-00 00:00:00',0,'0000-00-00 00:00:00',0),(55,1,38,0,'New Brunswick','NEB','NB',0,0,1,'0000-00-00 00:00:00',0,'0000-00-00 00:00:00',0,'0000-00-00 00:00:00',0),(56,1,38,0,'Newfoundland and Labrador','NFL','NL',0,0,1,'0000-00-00 00:00:00',0,'0000-00-00 00:00:00',0,'0000-00-00 00:00:00',0),(57,1,38,0,'Northwest Territories','NWT','NT',0,0,1,'0000-00-00 00:00:00',0,'0000-00-00 00:00:00',0,'0000-00-00 00:00:00',0),(58,1,38,0,'Nova Scotia','NOS','NS',0,0,1,'0000-00-00 00:00:00',0,'0000-00-00 00:00:00',0,'0000-00-00 00:00:00',0),(59,1,38,0,'Nunavut','NUT','NU',0,0,1,'0000-00-00 00:00:00',0,'0000-00-00 00:00:00',0,'0000-00-00 00:00:00',0),(60,1,38,0,'Ontario','ONT','ON',0,0,1,'0000-00-00 00:00:00',0,'0000-00-00 00:00:00',0,'0000-00-00 00:00:00',0),(61,1,38,0,'Prince Edward Island','PEI','PE',0,0,1,'0000-00-00 00:00:00',0,'0000-00-00 00:00:00',0,'0000-00-00 00:00:00',0),(62,1,38,0,'Quebec','QEC','QC',0,0,1,'0000-00-00 00:00:00',0,'0000-00-00 00:00:00',0,'0000-00-00 00:00:00',0),(63,1,38,0,'Saskatchewan','SAK','SK',0,0,1,'0000-00-00 00:00:00',0,'0000-00-00 00:00:00',0,'0000-00-00 00:00:00',0),(64,1,38,0,'Yukon','YUT','YT',0,0,1,'0000-00-00 00:00:00',0,'0000-00-00 00:00:00',0,'0000-00-00 00:00:00',0),(65,1,222,0,'England','ENG','EN',0,0,1,'0000-00-00 00:00:00',0,'0000-00-00 00:00:00',0,'0000-00-00 00:00:00',0),(66,1,222,0,'Northern Ireland','NOI','NI',0,0,1,'0000-00-00 00:00:00',0,'0000-00-00 00:00:00',0,'0000-00-00 00:00:00',0),(67,1,222,0,'Scotland','SCO','SD',0,0,1,'0000-00-00 00:00:00',0,'0000-00-00 00:00:00',0,'0000-00-00 00:00:00',0),(68,1,222,0,'Wales','WLS','WS',0,0,1,'0000-00-00 00:00:00',0,'0000-00-00 00:00:00',0,'0000-00-00 00:00:00',0),(69,1,13,0,'Australian Capital Territory','ACT','AC',0,0,1,'0000-00-00 00:00:00',0,'0000-00-00 00:00:00',0,'0000-00-00 00:00:00',0),(70,1,13,0,'New South Wales','NSW','NS',0,0,1,'0000-00-00 00:00:00',0,'0000-00-00 00:00:00',0,'0000-00-00 00:00:00',0),(71,1,13,0,'Northern Territory','NOT','NT',0,0,1,'0000-00-00 00:00:00',0,'0000-00-00 00:00:00',0,'0000-00-00 00:00:00',0),(72,1,13,0,'Queensland','QLD','QL',0,0,1,'0000-00-00 00:00:00',0,'0000-00-00 00:00:00',0,'0000-00-00 00:00:00',0),(73,1,13,0,'South Australia','SOA','SA',0,0,1,'0000-00-00 00:00:00',0,'0000-00-00 00:00:00',0,'0000-00-00 00:00:00',0),(74,1,13,0,'Tasmania','TAS','TS',0,0,1,'0000-00-00 00:00:00',0,'0000-00-00 00:00:00',0,'0000-00-00 00:00:00',0),(75,1,13,0,'Victoria','VIC','VI',0,0,1,'0000-00-00 00:00:00',0,'0000-00-00 00:00:00',0,'0000-00-00 00:00:00',0),(76,1,13,0,'Western Australia','WEA','WA',0,0,1,'0000-00-00 00:00:00',0,'0000-00-00 00:00:00',0,'0000-00-00 00:00:00',0),(77,1,138,0,'Aguascalientes','AGS','AG',0,0,1,'0000-00-00 00:00:00',0,'0000-00-00 00:00:00',0,'0000-00-00 00:00:00',0),(78,1,138,0,'Baja California Norte','BCN','BN',0,0,1,'0000-00-00 00:00:00',0,'0000-00-00 00:00:00',0,'0000-00-00 00:00:00',0),(79,1,138,0,'Baja California Sur','BCS','BS',0,0,1,'0000-00-00 00:00:00',0,'0000-00-00 00:00:00',0,'0000-00-00 00:00:00',0),(80,1,138,0,'Campeche','CAM','CA',0,0,1,'0000-00-00 00:00:00',0,'0000-00-00 00:00:00',0,'0000-00-00 00:00:00',0),(81,1,138,0,'Chiapas','CHI','CS',0,0,1,'0000-00-00 00:00:00',0,'0000-00-00 00:00:00',0,'0000-00-00 00:00:00',0),(82,1,138,0,'Chihuahua','CHA','CH',0,0,1,'0000-00-00 00:00:00',0,'0000-00-00 00:00:00',0,'0000-00-00 00:00:00',0),(83,1,138,0,'Coahuila','COA','CO',0,0,1,'0000-00-00 00:00:00',0,'0000-00-00 00:00:00',0,'0000-00-00 00:00:00',0),(84,1,138,0,'Colima','COL','CM',0,0,1,'0000-00-00 00:00:00',0,'0000-00-00 00:00:00',0,'0000-00-00 00:00:00',0),(85,1,138,0,'Distrito Federal','DFM','DF',0,0,1,'0000-00-00 00:00:00',0,'0000-00-00 00:00:00',0,'0000-00-00 00:00:00',0),(86,1,138,0,'Durango','DGO','DO',0,0,1,'0000-00-00 00:00:00',0,'0000-00-00 00:00:00',0,'0000-00-00 00:00:00',0),(87,1,138,0,'Guanajuato','GTO','GO',0,0,1,'0000-00-00 00:00:00',0,'0000-00-00 00:00:00',0,'0000-00-00 00:00:00',0),(88,1,138,0,'Guerrero','GRO','GU',0,0,1,'0000-00-00 00:00:00',0,'0000-00-00 00:00:00',0,'0000-00-00 00:00:00',0),(89,1,138,0,'Hidalgo','HGO','HI',0,0,1,'0000-00-00 00:00:00',0,'0000-00-00 00:00:00',0,'0000-00-00 00:00:00',0),(90,1,138,0,'Jalisco','JAL','JA',0,0,1,'0000-00-00 00:00:00',0,'0000-00-00 00:00:00',0,'0000-00-00 00:00:00',0),(91,1,138,0,'M','EDM','EM',0,0,1,'0000-00-00 00:00:00',0,'0000-00-00 00:00:00',0,'0000-00-00 00:00:00',0),(92,1,138,0,'Michoac','MCN','MI',0,0,1,'0000-00-00 00:00:00',0,'0000-00-00 00:00:00',0,'0000-00-00 00:00:00',0),(93,1,138,0,'Morelos','MOR','MO',0,0,1,'0000-00-00 00:00:00',0,'0000-00-00 00:00:00',0,'0000-00-00 00:00:00',0),(94,1,138,0,'Nayarit','NAY','NY',0,0,1,'0000-00-00 00:00:00',0,'0000-00-00 00:00:00',0,'0000-00-00 00:00:00',0),(95,1,138,0,'Nuevo Le','NUL','NL',0,0,1,'0000-00-00 00:00:00',0,'0000-00-00 00:00:00',0,'0000-00-00 00:00:00',0),(96,1,138,0,'Oaxaca','OAX','OA',0,0,1,'0000-00-00 00:00:00',0,'0000-00-00 00:00:00',0,'0000-00-00 00:00:00',0),(97,1,138,0,'Puebla','PUE','PU',0,0,1,'0000-00-00 00:00:00',0,'0000-00-00 00:00:00',0,'0000-00-00 00:00:00',0),(98,1,138,0,'Quer','QRO','QU',0,0,1,'0000-00-00 00:00:00',0,'0000-00-00 00:00:00',0,'0000-00-00 00:00:00',0),(99,1,138,0,'Quintana Roo','QUR','QR',0,0,1,'0000-00-00 00:00:00',0,'0000-00-00 00:00:00',0,'0000-00-00 00:00:00',0),(100,1,138,0,'San Luis Potos','SLP','SP',0,0,1,'0000-00-00 00:00:00',0,'0000-00-00 00:00:00',0,'0000-00-00 00:00:00',0),(101,1,138,0,'Sinaloa','SIN','SI',0,0,1,'0000-00-00 00:00:00',0,'0000-00-00 00:00:00',0,'0000-00-00 00:00:00',0),(102,1,138,0,'Sonora','SON','SO',0,0,1,'0000-00-00 00:00:00',0,'0000-00-00 00:00:00',0,'0000-00-00 00:00:00',0),(103,1,138,0,'Tabasco','TAB','TA',0,0,1,'0000-00-00 00:00:00',0,'0000-00-00 00:00:00',0,'0000-00-00 00:00:00',0),(104,1,138,0,'Tamaulipas','TAM','TM',0,0,1,'0000-00-00 00:00:00',0,'0000-00-00 00:00:00',0,'0000-00-00 00:00:00',0),(105,1,138,0,'Tlaxcala','TLX','TX',0,0,1,'0000-00-00 00:00:00',0,'0000-00-00 00:00:00',0,'0000-00-00 00:00:00',0),(106,1,138,0,'Veracruz','VER','VZ',0,0,1,'0000-00-00 00:00:00',0,'0000-00-00 00:00:00',0,'0000-00-00 00:00:00',0),(107,1,138,0,'Yucat','YUC','YU',0,0,1,'0000-00-00 00:00:00',0,'0000-00-00 00:00:00',0,'0000-00-00 00:00:00',0),(108,1,138,0,'Zacatecas','ZAC','ZA',0,0,1,'0000-00-00 00:00:00',0,'0000-00-00 00:00:00',0,'0000-00-00 00:00:00',0),(109,1,30,0,'Acre','ACR','AC',0,0,1,'0000-00-00 00:00:00',0,'0000-00-00 00:00:00',0,'0000-00-00 00:00:00',0),(110,1,30,0,'Alagoas','ALG','AL',0,0,1,'0000-00-00 00:00:00',0,'0000-00-00 00:00:00',0,'0000-00-00 00:00:00',0),(111,1,30,1,'Amapá','AMP','AP',0,0,1,'2012-09-14 17:33:32',42,'2012-09-14 17:33:32',42,'0000-00-00 00:00:00',0),(112,1,30,0,'Amazonas','AMZ','AM',0,0,1,'0000-00-00 00:00:00',0,'0000-00-00 00:00:00',0,'0000-00-00 00:00:00',0),(113,1,30,1,'Bahia','BAH','BA',0,0,1,'2012-09-14 17:33:44',42,'2012-09-14 17:33:44',42,'0000-00-00 00:00:00',0),(114,1,30,0,'Cear','CEA','CE',0,0,1,'0000-00-00 00:00:00',0,'0000-00-00 00:00:00',0,'0000-00-00 00:00:00',0),(115,1,30,0,'Distrito Federal','DFB','DF',0,0,1,'0000-00-00 00:00:00',0,'0000-00-00 00:00:00',0,'0000-00-00 00:00:00',0),(116,1,30,0,'Espirito Santo','ESS','ES',0,0,1,'0000-00-00 00:00:00',0,'0000-00-00 00:00:00',0,'0000-00-00 00:00:00',0),(117,1,30,1,'Goiás','GOI','GO',0,0,1,'2012-09-14 17:33:53',42,'2012-09-14 17:33:53',42,'0000-00-00 00:00:00',0),(118,1,30,1,'Maranhão','MAR','MA',0,0,1,'2012-09-14 17:34:01',42,'2012-09-14 17:34:01',42,'0000-00-00 00:00:00',0),(119,1,30,0,'Mato Grosso','MAT','MT',0,0,1,'0000-00-00 00:00:00',0,'0000-00-00 00:00:00',0,'0000-00-00 00:00:00',0),(120,1,30,0,'Mato Grosso do Sul','MGS','MS',0,0,1,'0000-00-00 00:00:00',0,'0000-00-00 00:00:00',0,'0000-00-00 00:00:00',0),(121,1,30,0,'Minas Gera','MIG','MG',0,0,1,'0000-00-00 00:00:00',0,'0000-00-00 00:00:00',0,'0000-00-00 00:00:00',0),(122,1,30,1,'Paraná','PAR','PR',0,0,1,'2012-09-14 17:35:55',42,'2012-09-14 17:35:55',42,'0000-00-00 00:00:00',0),(123,1,30,1,'Paraíba','PRB','PB',0,0,1,'2012-09-14 17:35:29',42,'2012-09-14 17:35:29',42,'0000-00-00 00:00:00',0),(124,1,30,1,'Pará','PAB','PA',0,0,1,'2012-09-14 17:35:45',42,'2012-09-14 17:35:45',42,'0000-00-00 00:00:00',0),(125,1,30,0,'Pernambuco','PER','PE',0,0,1,'0000-00-00 00:00:00',0,'0000-00-00 00:00:00',0,'0000-00-00 00:00:00',0),(126,1,30,0,'Piau','PIA','PI',0,0,1,'0000-00-00 00:00:00',0,'0000-00-00 00:00:00',0,'0000-00-00 00:00:00',0),(127,1,30,0,'Rio Grande do Norte','RGN','RN',0,0,1,'0000-00-00 00:00:00',0,'0000-00-00 00:00:00',0,'0000-00-00 00:00:00',0),(128,1,30,0,'Rio Grande do Sul','RGS','RS',0,0,1,'0000-00-00 00:00:00',0,'0000-00-00 00:00:00',0,'0000-00-00 00:00:00',0),(129,1,30,0,'Rio de Janeiro','RDJ','RJ',0,0,1,'0000-00-00 00:00:00',0,'0000-00-00 00:00:00',0,'0000-00-00 00:00:00',0),(130,1,30,1,'Rondônia','RON','RO',0,0,1,'2012-09-14 17:36:11',42,'2012-09-14 17:36:11',42,'0000-00-00 00:00:00',0),(131,1,30,0,'Roraima','ROR','RR',0,0,1,'0000-00-00 00:00:00',0,'0000-00-00 00:00:00',0,'0000-00-00 00:00:00',0),(132,1,30,0,'Santa Catarina','SAC','SC',0,0,1,'0000-00-00 00:00:00',0,'0000-00-00 00:00:00',0,'0000-00-00 00:00:00',0),(133,1,30,0,'Sergipe','SER','SE',0,0,1,'0000-00-00 00:00:00',0,'0000-00-00 00:00:00',0,'0000-00-00 00:00:00',0),(134,1,30,1,'São Paulo','SAP','SP',0,0,1,'2012-09-14 17:36:24',42,'2012-09-14 17:36:24',42,'0000-00-00 00:00:00',0),(135,1,30,0,'Tocantins','TOC','TO',0,0,1,'0000-00-00 00:00:00',0,'0000-00-00 00:00:00',0,'0000-00-00 00:00:00',0),(136,1,44,0,'Anhui','ANH','34',0,0,1,'0000-00-00 00:00:00',0,'0000-00-00 00:00:00',0,'0000-00-00 00:00:00',0),(137,1,44,0,'Beijing','BEI','11',0,0,1,'0000-00-00 00:00:00',0,'0000-00-00 00:00:00',0,'0000-00-00 00:00:00',0),(138,1,44,0,'Chongqing','CHO','50',0,0,1,'0000-00-00 00:00:00',0,'0000-00-00 00:00:00',0,'0000-00-00 00:00:00',0),(139,1,44,0,'Fujian','FUJ','35',0,0,1,'0000-00-00 00:00:00',0,'0000-00-00 00:00:00',0,'0000-00-00 00:00:00',0),(140,1,44,0,'Gansu','GAN','62',0,0,1,'0000-00-00 00:00:00',0,'0000-00-00 00:00:00',0,'0000-00-00 00:00:00',0),(141,1,44,0,'Guangdong','GUA','44',0,0,1,'0000-00-00 00:00:00',0,'0000-00-00 00:00:00',0,'0000-00-00 00:00:00',0),(142,1,44,0,'Guangxi Zhuang','GUZ','45',0,0,1,'0000-00-00 00:00:00',0,'0000-00-00 00:00:00',0,'0000-00-00 00:00:00',0),(143,1,44,0,'Guizhou','GUI','52',0,0,1,'0000-00-00 00:00:00',0,'0000-00-00 00:00:00',0,'0000-00-00 00:00:00',0),(144,1,44,0,'Hainan','HAI','46',0,0,1,'0000-00-00 00:00:00',0,'0000-00-00 00:00:00',0,'0000-00-00 00:00:00',0),(145,1,44,0,'Hebei','HEB','13',0,0,1,'0000-00-00 00:00:00',0,'0000-00-00 00:00:00',0,'0000-00-00 00:00:00',0),(146,1,44,0,'Heilongjiang','HEI','23',0,0,1,'0000-00-00 00:00:00',0,'0000-00-00 00:00:00',0,'0000-00-00 00:00:00',0),(147,1,44,0,'Henan','HEN','41',0,0,1,'0000-00-00 00:00:00',0,'0000-00-00 00:00:00',0,'0000-00-00 00:00:00',0),(148,1,44,0,'Hubei','HUB','42',0,0,1,'0000-00-00 00:00:00',0,'0000-00-00 00:00:00',0,'0000-00-00 00:00:00',0),(149,1,44,0,'Hunan','HUN','43',0,0,1,'0000-00-00 00:00:00',0,'0000-00-00 00:00:00',0,'0000-00-00 00:00:00',0),(150,1,44,0,'Jiangsu','JIA','32',0,0,1,'0000-00-00 00:00:00',0,'0000-00-00 00:00:00',0,'0000-00-00 00:00:00',0),(151,1,44,0,'Jiangxi','JIX','36',0,0,1,'0000-00-00 00:00:00',0,'0000-00-00 00:00:00',0,'0000-00-00 00:00:00',0),(152,1,44,0,'Jilin','JIL','22',0,0,1,'0000-00-00 00:00:00',0,'0000-00-00 00:00:00',0,'0000-00-00 00:00:00',0),(153,1,44,0,'Liaoning','LIA','21',0,0,1,'0000-00-00 00:00:00',0,'0000-00-00 00:00:00',0,'0000-00-00 00:00:00',0),(154,1,44,0,'Nei Mongol','NML','15',0,0,1,'0000-00-00 00:00:00',0,'0000-00-00 00:00:00',0,'0000-00-00 00:00:00',0),(155,1,44,0,'Ningxia Hui','NIH','64',0,0,1,'0000-00-00 00:00:00',0,'0000-00-00 00:00:00',0,'0000-00-00 00:00:00',0),(156,1,44,0,'Qinghai','QIN','63',0,0,1,'0000-00-00 00:00:00',0,'0000-00-00 00:00:00',0,'0000-00-00 00:00:00',0),(157,1,44,0,'Shandong','SNG','37',0,0,1,'0000-00-00 00:00:00',0,'0000-00-00 00:00:00',0,'0000-00-00 00:00:00',0),(158,1,44,0,'Shanghai','SHH','31',0,0,1,'0000-00-00 00:00:00',0,'0000-00-00 00:00:00',0,'0000-00-00 00:00:00',0),(159,1,44,0,'Shaanxi','SHX','61',0,0,1,'0000-00-00 00:00:00',0,'0000-00-00 00:00:00',0,'0000-00-00 00:00:00',0),(160,1,44,0,'Sichuan','SIC','51',0,0,1,'0000-00-00 00:00:00',0,'0000-00-00 00:00:00',0,'0000-00-00 00:00:00',0),(161,1,44,0,'Tianjin','TIA','12',0,0,1,'0000-00-00 00:00:00',0,'0000-00-00 00:00:00',0,'0000-00-00 00:00:00',0),(162,1,44,0,'Xinjiang Uygur','XIU','65',0,0,1,'0000-00-00 00:00:00',0,'0000-00-00 00:00:00',0,'0000-00-00 00:00:00',0),(163,1,44,0,'Xizang','XIZ','54',0,0,1,'0000-00-00 00:00:00',0,'0000-00-00 00:00:00',0,'0000-00-00 00:00:00',0),(164,1,44,0,'Yunnan','YUN','53',0,0,1,'0000-00-00 00:00:00',0,'0000-00-00 00:00:00',0,'0000-00-00 00:00:00',0),(165,1,44,0,'Zhejiang','ZHE','33',0,0,1,'0000-00-00 00:00:00',0,'0000-00-00 00:00:00',0,'0000-00-00 00:00:00',0),(166,1,104,0,'Israel','ISL','IL',0,0,1,'0000-00-00 00:00:00',0,'0000-00-00 00:00:00',0,'0000-00-00 00:00:00',0),(167,1,104,0,'Gaza Strip','GZS','GZ',0,0,1,'0000-00-00 00:00:00',0,'0000-00-00 00:00:00',0,'0000-00-00 00:00:00',0),(168,1,104,0,'West Bank','WBK','WB',0,0,1,'0000-00-00 00:00:00',0,'0000-00-00 00:00:00',0,'0000-00-00 00:00:00',0),(169,1,151,0,'St. Maarten','STM','SM',0,0,1,'0000-00-00 00:00:00',0,'0000-00-00 00:00:00',0,'0000-00-00 00:00:00',0),(170,1,151,0,'Bonaire','BNR','BN',0,0,1,'0000-00-00 00:00:00',0,'0000-00-00 00:00:00',0,'0000-00-00 00:00:00',0),(171,1,151,0,'Curacao','CUR','CR',0,0,1,'0000-00-00 00:00:00',0,'0000-00-00 00:00:00',0,'0000-00-00 00:00:00',0),(172,1,175,0,'Alba','ABA','AB',0,0,1,'0000-00-00 00:00:00',0,'0000-00-00 00:00:00',0,'0000-00-00 00:00:00',0),(173,1,175,0,'Arad','ARD','AR',0,0,1,'0000-00-00 00:00:00',0,'0000-00-00 00:00:00',0,'0000-00-00 00:00:00',0),(174,1,175,0,'Arges','ARG','AG',0,0,1,'0000-00-00 00:00:00',0,'0000-00-00 00:00:00',0,'0000-00-00 00:00:00',0),(175,1,175,0,'Bacau','BAC','BC',0,0,1,'0000-00-00 00:00:00',0,'0000-00-00 00:00:00',0,'0000-00-00 00:00:00',0),(176,1,175,0,'Bihor','BIH','BH',0,0,1,'0000-00-00 00:00:00',0,'0000-00-00 00:00:00',0,'0000-00-00 00:00:00',0),(177,1,175,0,'Bistrita-Nasaud','BIS','BN',0,0,1,'0000-00-00 00:00:00',0,'0000-00-00 00:00:00',0,'0000-00-00 00:00:00',0),(178,1,175,0,'Botosani','BOT','BT',0,0,1,'0000-00-00 00:00:00',0,'0000-00-00 00:00:00',0,'0000-00-00 00:00:00',0),(179,1,175,0,'Braila','BRL','BR',0,0,1,'0000-00-00 00:00:00',0,'0000-00-00 00:00:00',0,'0000-00-00 00:00:00',0),(180,1,175,0,'Brasov','BRA','BV',0,0,1,'0000-00-00 00:00:00',0,'0000-00-00 00:00:00',0,'0000-00-00 00:00:00',0),(181,1,175,0,'Bucuresti','BUC','B',0,0,1,'0000-00-00 00:00:00',0,'0000-00-00 00:00:00',0,'0000-00-00 00:00:00',0),(182,1,175,0,'Buzau','BUZ','BZ',0,0,1,'0000-00-00 00:00:00',0,'0000-00-00 00:00:00',0,'0000-00-00 00:00:00',0),(183,1,175,0,'Calarasi','CAL','CL',0,0,1,'0000-00-00 00:00:00',0,'0000-00-00 00:00:00',0,'0000-00-00 00:00:00',0),(184,1,175,0,'Caras Severin','CRS','CS',0,0,1,'0000-00-00 00:00:00',0,'0000-00-00 00:00:00',0,'0000-00-00 00:00:00',0),(185,1,175,0,'Cluj','CLJ','CJ',0,0,1,'0000-00-00 00:00:00',0,'0000-00-00 00:00:00',0,'0000-00-00 00:00:00',0),(186,1,175,0,'Constanta','CST','CT',0,0,1,'0000-00-00 00:00:00',0,'0000-00-00 00:00:00',0,'0000-00-00 00:00:00',0),(187,1,175,0,'Covasna','COV','CV',0,0,1,'0000-00-00 00:00:00',0,'0000-00-00 00:00:00',0,'0000-00-00 00:00:00',0),(188,1,175,0,'Dambovita','DAM','DB',0,0,1,'0000-00-00 00:00:00',0,'0000-00-00 00:00:00',0,'0000-00-00 00:00:00',0),(189,1,175,0,'Dolj','DLJ','DJ',0,0,1,'0000-00-00 00:00:00',0,'0000-00-00 00:00:00',0,'0000-00-00 00:00:00',0),(190,1,175,0,'Galati','GAL','GL',0,0,1,'0000-00-00 00:00:00',0,'0000-00-00 00:00:00',0,'0000-00-00 00:00:00',0),(191,1,175,0,'Giurgiu','GIU','GR',0,0,1,'0000-00-00 00:00:00',0,'0000-00-00 00:00:00',0,'0000-00-00 00:00:00',0),(192,1,175,0,'Gorj','GOR','GJ',0,0,1,'0000-00-00 00:00:00',0,'0000-00-00 00:00:00',0,'0000-00-00 00:00:00',0),(193,1,175,0,'Hargita','HRG','HR',0,0,1,'0000-00-00 00:00:00',0,'0000-00-00 00:00:00',0,'0000-00-00 00:00:00',0),(194,1,175,0,'Hunedoara','HUN','HD',0,0,1,'0000-00-00 00:00:00',0,'0000-00-00 00:00:00',0,'0000-00-00 00:00:00',0),(195,1,175,0,'Ialomita','IAL','IL',0,0,1,'0000-00-00 00:00:00',0,'0000-00-00 00:00:00',0,'0000-00-00 00:00:00',0),(196,1,175,0,'Iasi','IAS','IS',0,0,1,'0000-00-00 00:00:00',0,'0000-00-00 00:00:00',0,'0000-00-00 00:00:00',0),(197,1,175,0,'Ilfov','ILF','IF',0,0,1,'0000-00-00 00:00:00',0,'0000-00-00 00:00:00',0,'0000-00-00 00:00:00',0),(198,1,175,0,'Maramures','MAR','MM',0,0,1,'0000-00-00 00:00:00',0,'0000-00-00 00:00:00',0,'0000-00-00 00:00:00',0),(199,1,175,0,'Mehedinti','MEH','MH',0,0,1,'0000-00-00 00:00:00',0,'0000-00-00 00:00:00',0,'0000-00-00 00:00:00',0),(200,1,175,0,'Mures','MUR','MS',0,0,1,'0000-00-00 00:00:00',0,'0000-00-00 00:00:00',0,'0000-00-00 00:00:00',0),(201,1,175,0,'Neamt','NEM','NT',0,0,1,'0000-00-00 00:00:00',0,'0000-00-00 00:00:00',0,'0000-00-00 00:00:00',0),(202,1,175,0,'Olt','OLT','OT',0,0,1,'0000-00-00 00:00:00',0,'0000-00-00 00:00:00',0,'0000-00-00 00:00:00',0),(203,1,175,0,'Prahova','PRA','PH',0,0,1,'0000-00-00 00:00:00',0,'0000-00-00 00:00:00',0,'0000-00-00 00:00:00',0),(204,1,175,0,'Salaj','SAL','SJ',0,0,1,'0000-00-00 00:00:00',0,'0000-00-00 00:00:00',0,'0000-00-00 00:00:00',0),(205,1,175,0,'Satu Mare','SAT','SM',0,0,1,'0000-00-00 00:00:00',0,'0000-00-00 00:00:00',0,'0000-00-00 00:00:00',0),(206,1,175,0,'Sibiu','SIB','SB',0,0,1,'0000-00-00 00:00:00',0,'0000-00-00 00:00:00',0,'0000-00-00 00:00:00',0),(207,1,175,0,'Suceava','SUC','SV',0,0,1,'0000-00-00 00:00:00',0,'0000-00-00 00:00:00',0,'0000-00-00 00:00:00',0),(208,1,175,0,'Teleorman','TEL','TR',0,0,1,'0000-00-00 00:00:00',0,'0000-00-00 00:00:00',0,'0000-00-00 00:00:00',0),(209,1,175,0,'Timis','TIM','TM',0,0,1,'0000-00-00 00:00:00',0,'0000-00-00 00:00:00',0,'0000-00-00 00:00:00',0),(210,1,175,0,'Tulcea','TUL','TL',0,0,1,'0000-00-00 00:00:00',0,'0000-00-00 00:00:00',0,'0000-00-00 00:00:00',0),(211,1,175,0,'Valcea','VAL','VL',0,0,1,'0000-00-00 00:00:00',0,'0000-00-00 00:00:00',0,'0000-00-00 00:00:00',0),(212,1,175,0,'Vaslui','VAS','VS',0,0,1,'0000-00-00 00:00:00',0,'0000-00-00 00:00:00',0,'0000-00-00 00:00:00',0),(213,1,175,0,'Vrancea','VRA','VN',0,0,1,'0000-00-00 00:00:00',0,'0000-00-00 00:00:00',0,'0000-00-00 00:00:00',0),(214,1,105,0,'Agrigento','AGR','AG',0,0,1,'0000-00-00 00:00:00',0,'0000-00-00 00:00:00',0,'0000-00-00 00:00:00',0),(215,1,105,0,'Alessandria','ALE','AL',0,0,1,'0000-00-00 00:00:00',0,'0000-00-00 00:00:00',0,'0000-00-00 00:00:00',0),(216,1,105,0,'Ancona','ANC','AN',0,0,1,'0000-00-00 00:00:00',0,'0000-00-00 00:00:00',0,'0000-00-00 00:00:00',0),(217,1,105,0,'Aosta','AOS','AO',0,0,1,'0000-00-00 00:00:00',0,'0000-00-00 00:00:00',0,'0000-00-00 00:00:00',0),(218,1,105,0,'Arezzo','ARE','AR',0,0,1,'0000-00-00 00:00:00',0,'0000-00-00 00:00:00',0,'0000-00-00 00:00:00',0),(219,1,105,0,'Ascoli Piceno','API','AP',0,0,1,'0000-00-00 00:00:00',0,'0000-00-00 00:00:00',0,'0000-00-00 00:00:00',0),(220,1,105,0,'Asti','AST','AT',0,0,1,'0000-00-00 00:00:00',0,'0000-00-00 00:00:00',0,'0000-00-00 00:00:00',0),(221,1,105,0,'Avellino','AVE','AV',0,0,1,'0000-00-00 00:00:00',0,'0000-00-00 00:00:00',0,'0000-00-00 00:00:00',0),(222,1,105,0,'Bari','BAR','BA',0,0,1,'0000-00-00 00:00:00',0,'0000-00-00 00:00:00',0,'0000-00-00 00:00:00',0),(223,1,105,0,'Belluno','BEL','BL',0,0,1,'0000-00-00 00:00:00',0,'0000-00-00 00:00:00',0,'0000-00-00 00:00:00',0),(224,1,105,0,'Benevento','BEN','BN',0,0,1,'0000-00-00 00:00:00',0,'0000-00-00 00:00:00',0,'0000-00-00 00:00:00',0),(225,1,105,0,'Bergamo','BEG','BG',0,0,1,'0000-00-00 00:00:00',0,'0000-00-00 00:00:00',0,'0000-00-00 00:00:00',0),(226,1,105,0,'Biella','BIE','BI',0,0,1,'0000-00-00 00:00:00',0,'0000-00-00 00:00:00',0,'0000-00-00 00:00:00',0),(227,1,105,0,'Bologna','BOL','BO',0,0,1,'0000-00-00 00:00:00',0,'0000-00-00 00:00:00',0,'0000-00-00 00:00:00',0),(228,1,105,0,'Bolzano','BOZ','BZ',0,0,1,'0000-00-00 00:00:00',0,'0000-00-00 00:00:00',0,'0000-00-00 00:00:00',0),(229,1,105,0,'Brescia','BRE','BS',0,0,1,'0000-00-00 00:00:00',0,'0000-00-00 00:00:00',0,'0000-00-00 00:00:00',0),(230,1,105,0,'Brindisi','BRI','BR',0,0,1,'0000-00-00 00:00:00',0,'0000-00-00 00:00:00',0,'0000-00-00 00:00:00',0),(231,1,105,0,'Cagliari','CAG','CA',0,0,1,'0000-00-00 00:00:00',0,'0000-00-00 00:00:00',0,'0000-00-00 00:00:00',0),(232,1,105,0,'Caltanissetta','CAL','CL',0,0,1,'0000-00-00 00:00:00',0,'0000-00-00 00:00:00',0,'0000-00-00 00:00:00',0),(233,1,105,0,'Campobasso','CBO','CB',0,0,1,'0000-00-00 00:00:00',0,'0000-00-00 00:00:00',0,'0000-00-00 00:00:00',0),(234,1,105,0,'Carbonia-Iglesias','CAR','CI',0,0,1,'0000-00-00 00:00:00',0,'0000-00-00 00:00:00',0,'0000-00-00 00:00:00',0),(235,1,105,0,'Caserta','CAS','CE',0,0,1,'0000-00-00 00:00:00',0,'0000-00-00 00:00:00',0,'0000-00-00 00:00:00',0),(236,1,105,0,'Catania','CAT','CT',0,0,1,'0000-00-00 00:00:00',0,'0000-00-00 00:00:00',0,'0000-00-00 00:00:00',0),(237,1,105,0,'Catanzaro','CTZ','CZ',0,0,1,'0000-00-00 00:00:00',0,'0000-00-00 00:00:00',0,'0000-00-00 00:00:00',0),(238,1,105,0,'Chieti','CHI','CH',0,0,1,'0000-00-00 00:00:00',0,'0000-00-00 00:00:00',0,'0000-00-00 00:00:00',0),(239,1,105,0,'Como','COM','CO',0,0,1,'0000-00-00 00:00:00',0,'0000-00-00 00:00:00',0,'0000-00-00 00:00:00',0),(240,1,105,0,'Cosenza','COS','CS',0,0,1,'0000-00-00 00:00:00',0,'0000-00-00 00:00:00',0,'0000-00-00 00:00:00',0),(241,1,105,0,'Cremona','CRE','CR',0,0,1,'0000-00-00 00:00:00',0,'0000-00-00 00:00:00',0,'0000-00-00 00:00:00',0),(242,1,105,0,'Crotone','CRO','KR',0,0,1,'0000-00-00 00:00:00',0,'0000-00-00 00:00:00',0,'0000-00-00 00:00:00',0),(243,1,105,0,'Cuneo','CUN','CN',0,0,1,'0000-00-00 00:00:00',0,'0000-00-00 00:00:00',0,'0000-00-00 00:00:00',0),(244,1,105,0,'Enna','ENN','EN',0,0,1,'0000-00-00 00:00:00',0,'0000-00-00 00:00:00',0,'0000-00-00 00:00:00',0),(245,1,105,0,'Ferrara','FER','FE',0,0,1,'0000-00-00 00:00:00',0,'0000-00-00 00:00:00',0,'0000-00-00 00:00:00',0),(246,1,105,0,'Firenze','FIR','FI',0,0,1,'0000-00-00 00:00:00',0,'0000-00-00 00:00:00',0,'0000-00-00 00:00:00',0),(247,1,105,0,'Foggia','FOG','FG',0,0,1,'0000-00-00 00:00:00',0,'0000-00-00 00:00:00',0,'0000-00-00 00:00:00',0),(248,1,105,0,'Forli-Cesena','FOC','FC',0,0,1,'0000-00-00 00:00:00',0,'0000-00-00 00:00:00',0,'0000-00-00 00:00:00',0),(249,1,105,0,'Frosinone','FRO','FR',0,0,1,'0000-00-00 00:00:00',0,'0000-00-00 00:00:00',0,'0000-00-00 00:00:00',0),(250,1,105,0,'Genova','GEN','GE',0,0,1,'0000-00-00 00:00:00',0,'0000-00-00 00:00:00',0,'0000-00-00 00:00:00',0),(251,1,105,0,'Gorizia','GOR','GO',0,0,1,'0000-00-00 00:00:00',0,'0000-00-00 00:00:00',0,'0000-00-00 00:00:00',0),(252,1,105,0,'Grosseto','GRO','GR',0,0,1,'0000-00-00 00:00:00',0,'0000-00-00 00:00:00',0,'0000-00-00 00:00:00',0),(253,1,105,0,'Imperia','IMP','IM',0,0,1,'0000-00-00 00:00:00',0,'0000-00-00 00:00:00',0,'0000-00-00 00:00:00',0),(254,1,105,0,'Isernia','ISE','IS',0,0,1,'0000-00-00 00:00:00',0,'0000-00-00 00:00:00',0,'0000-00-00 00:00:00',0),(255,1,105,0,'L\'Aquila','AQU','AQ',0,0,1,'0000-00-00 00:00:00',0,'0000-00-00 00:00:00',0,'0000-00-00 00:00:00',0),(256,1,105,0,'La Spezia','LAS','SP',0,0,1,'0000-00-00 00:00:00',0,'0000-00-00 00:00:00',0,'0000-00-00 00:00:00',0),(257,1,105,0,'Latina','LAT','LT',0,0,1,'0000-00-00 00:00:00',0,'0000-00-00 00:00:00',0,'0000-00-00 00:00:00',0),(258,1,105,0,'Lecce','LEC','LE',0,0,1,'0000-00-00 00:00:00',0,'0000-00-00 00:00:00',0,'0000-00-00 00:00:00',0),(259,1,105,0,'Lecco','LCC','LC',0,0,1,'0000-00-00 00:00:00',0,'0000-00-00 00:00:00',0,'0000-00-00 00:00:00',0),(260,1,105,0,'Livorno','LIV','LI',0,0,1,'0000-00-00 00:00:00',0,'0000-00-00 00:00:00',0,'0000-00-00 00:00:00',0),(261,1,105,0,'Lodi','LOD','LO',0,0,1,'0000-00-00 00:00:00',0,'0000-00-00 00:00:00',0,'0000-00-00 00:00:00',0),(262,1,105,0,'Lucca','LUC','LU',0,0,1,'0000-00-00 00:00:00',0,'0000-00-00 00:00:00',0,'0000-00-00 00:00:00',0),(263,1,105,0,'Macerata','MAC','MC',0,0,1,'0000-00-00 00:00:00',0,'0000-00-00 00:00:00',0,'0000-00-00 00:00:00',0),(264,1,105,0,'Mantova','MAN','MN',0,0,1,'0000-00-00 00:00:00',0,'0000-00-00 00:00:00',0,'0000-00-00 00:00:00',0),(265,1,105,0,'Massa-Carrara','MAS','MS',0,0,1,'0000-00-00 00:00:00',0,'0000-00-00 00:00:00',0,'0000-00-00 00:00:00',0),(266,1,105,0,'Matera','MAA','MT',0,0,1,'0000-00-00 00:00:00',0,'0000-00-00 00:00:00',0,'0000-00-00 00:00:00',0),(267,1,105,0,'Medio Campidano','MED','VS',0,0,1,'0000-00-00 00:00:00',0,'0000-00-00 00:00:00',0,'0000-00-00 00:00:00',0),(268,1,105,0,'Messina','MES','ME',0,0,1,'0000-00-00 00:00:00',0,'0000-00-00 00:00:00',0,'0000-00-00 00:00:00',0),(269,1,105,0,'Milano','MIL','MI',0,0,1,'0000-00-00 00:00:00',0,'0000-00-00 00:00:00',0,'0000-00-00 00:00:00',0),(270,1,105,0,'Modena','MOD','MO',0,0,1,'0000-00-00 00:00:00',0,'0000-00-00 00:00:00',0,'0000-00-00 00:00:00',0),(271,1,105,0,'Napoli','NAP','NA',0,0,1,'0000-00-00 00:00:00',0,'0000-00-00 00:00:00',0,'0000-00-00 00:00:00',0),(272,1,105,0,'Novara','NOV','NO',0,0,1,'0000-00-00 00:00:00',0,'0000-00-00 00:00:00',0,'0000-00-00 00:00:00',0),(273,1,105,0,'Nuoro','NUR','NU',0,0,1,'0000-00-00 00:00:00',0,'0000-00-00 00:00:00',0,'0000-00-00 00:00:00',0),(274,1,105,0,'Ogliastra','OGL','OG',0,0,1,'0000-00-00 00:00:00',0,'0000-00-00 00:00:00',0,'0000-00-00 00:00:00',0),(275,1,105,0,'Olbia-Tempio','OLB','OT',0,0,1,'0000-00-00 00:00:00',0,'0000-00-00 00:00:00',0,'0000-00-00 00:00:00',0),(276,1,105,0,'Oristano','ORI','OR',0,0,1,'0000-00-00 00:00:00',0,'0000-00-00 00:00:00',0,'0000-00-00 00:00:00',0),(277,1,105,0,'Padova','PDA','PD',0,0,1,'0000-00-00 00:00:00',0,'0000-00-00 00:00:00',0,'0000-00-00 00:00:00',0),(278,1,105,0,'Palermo','PAL','PA',0,0,1,'0000-00-00 00:00:00',0,'0000-00-00 00:00:00',0,'0000-00-00 00:00:00',0),(279,1,105,0,'Parma','PAA','PR',0,0,1,'0000-00-00 00:00:00',0,'0000-00-00 00:00:00',0,'0000-00-00 00:00:00',0),(280,1,105,0,'Pavia','PAV','PV',0,0,1,'0000-00-00 00:00:00',0,'0000-00-00 00:00:00',0,'0000-00-00 00:00:00',0),(281,1,105,0,'Perugia','PER','PG',0,0,1,'0000-00-00 00:00:00',0,'0000-00-00 00:00:00',0,'0000-00-00 00:00:00',0),(282,1,105,0,'Pesaro e Urbino','PES','PU',0,0,1,'0000-00-00 00:00:00',0,'0000-00-00 00:00:00',0,'0000-00-00 00:00:00',0),(283,1,105,0,'Pescara','PSC','PE',0,0,1,'0000-00-00 00:00:00',0,'0000-00-00 00:00:00',0,'0000-00-00 00:00:00',0),(284,1,105,0,'Piacenza','PIA','PC',0,0,1,'0000-00-00 00:00:00',0,'0000-00-00 00:00:00',0,'0000-00-00 00:00:00',0),(285,1,105,0,'Pisa','PIS','PI',0,0,1,'0000-00-00 00:00:00',0,'0000-00-00 00:00:00',0,'0000-00-00 00:00:00',0),(286,1,105,0,'Pistoia','PIT','PT',0,0,1,'0000-00-00 00:00:00',0,'0000-00-00 00:00:00',0,'0000-00-00 00:00:00',0),(287,1,105,0,'Pordenone','POR','PN',0,0,1,'0000-00-00 00:00:00',0,'0000-00-00 00:00:00',0,'0000-00-00 00:00:00',0),(288,1,105,0,'Potenza','PTZ','PZ',0,0,1,'0000-00-00 00:00:00',0,'0000-00-00 00:00:00',0,'0000-00-00 00:00:00',0),(289,1,105,0,'Prato','PRA','PO',0,0,1,'0000-00-00 00:00:00',0,'0000-00-00 00:00:00',0,'0000-00-00 00:00:00',0),(290,1,105,0,'Ragusa','RAG','RG',0,0,1,'0000-00-00 00:00:00',0,'0000-00-00 00:00:00',0,'0000-00-00 00:00:00',0),(291,1,105,0,'Ravenna','RAV','RA',0,0,1,'0000-00-00 00:00:00',0,'0000-00-00 00:00:00',0,'0000-00-00 00:00:00',0),(292,1,105,0,'Reggio Calabria','REG','RC',0,0,1,'0000-00-00 00:00:00',0,'0000-00-00 00:00:00',0,'0000-00-00 00:00:00',0),(293,1,105,0,'Reggio Emilia','REE','RE',0,0,1,'0000-00-00 00:00:00',0,'0000-00-00 00:00:00',0,'0000-00-00 00:00:00',0),(294,1,105,0,'Rieti','RIE','RI',0,0,1,'0000-00-00 00:00:00',0,'0000-00-00 00:00:00',0,'0000-00-00 00:00:00',0),(295,1,105,0,'Rimini','RIM','RN',0,0,1,'0000-00-00 00:00:00',0,'0000-00-00 00:00:00',0,'0000-00-00 00:00:00',0),(296,1,105,0,'Roma','ROM','RM',0,0,1,'0000-00-00 00:00:00',0,'0000-00-00 00:00:00',0,'0000-00-00 00:00:00',0),(297,1,105,0,'Rovigo','ROV','RO',0,0,1,'0000-00-00 00:00:00',0,'0000-00-00 00:00:00',0,'0000-00-00 00:00:00',0),(298,1,105,0,'Salerno','SAL','SA',0,0,1,'0000-00-00 00:00:00',0,'0000-00-00 00:00:00',0,'0000-00-00 00:00:00',0),(299,1,105,0,'Sassari','SAS','SS',0,0,1,'0000-00-00 00:00:00',0,'0000-00-00 00:00:00',0,'0000-00-00 00:00:00',0),(300,1,105,0,'Savona','SAV','SV',0,0,1,'0000-00-00 00:00:00',0,'0000-00-00 00:00:00',0,'0000-00-00 00:00:00',0),(301,1,105,0,'Siena','SIE','SI',0,0,1,'0000-00-00 00:00:00',0,'0000-00-00 00:00:00',0,'0000-00-00 00:00:00',0),(302,1,105,0,'Siracusa','SIR','SR',0,0,1,'0000-00-00 00:00:00',0,'0000-00-00 00:00:00',0,'0000-00-00 00:00:00',0),(303,1,105,0,'Sondrio','SOO','SO',0,0,1,'0000-00-00 00:00:00',0,'0000-00-00 00:00:00',0,'0000-00-00 00:00:00',0),(304,1,105,0,'Taranto','TAR','TA',0,0,1,'0000-00-00 00:00:00',0,'0000-00-00 00:00:00',0,'0000-00-00 00:00:00',0),(305,1,105,0,'Teramo','TER','TE',0,0,1,'0000-00-00 00:00:00',0,'0000-00-00 00:00:00',0,'0000-00-00 00:00:00',0),(306,1,105,0,'Terni','TRN','TR',0,0,1,'0000-00-00 00:00:00',0,'0000-00-00 00:00:00',0,'0000-00-00 00:00:00',0),(307,1,105,0,'Torino','TOR','TO',0,0,1,'0000-00-00 00:00:00',0,'0000-00-00 00:00:00',0,'0000-00-00 00:00:00',0),(308,1,105,0,'Trapani','TRA','TP',0,0,1,'0000-00-00 00:00:00',0,'0000-00-00 00:00:00',0,'0000-00-00 00:00:00',0),(309,1,105,0,'Trento','TRE','TN',0,0,1,'0000-00-00 00:00:00',0,'0000-00-00 00:00:00',0,'0000-00-00 00:00:00',0),(310,1,105,0,'Treviso','TRV','TV',0,0,1,'0000-00-00 00:00:00',0,'0000-00-00 00:00:00',0,'0000-00-00 00:00:00',0),(311,1,105,0,'Trieste','TRI','TS',0,0,1,'0000-00-00 00:00:00',0,'0000-00-00 00:00:00',0,'0000-00-00 00:00:00',0),(312,1,105,0,'Udine','UDI','UD',0,0,1,'0000-00-00 00:00:00',0,'0000-00-00 00:00:00',0,'0000-00-00 00:00:00',0),(313,1,105,0,'Varese','VAR','VA',0,0,1,'0000-00-00 00:00:00',0,'0000-00-00 00:00:00',0,'0000-00-00 00:00:00',0),(314,1,105,0,'Venezia','VEN','VE',0,0,1,'0000-00-00 00:00:00',0,'0000-00-00 00:00:00',0,'0000-00-00 00:00:00',0),(315,1,105,0,'Verbano Cusio Ossola','VCO','VB',0,0,1,'0000-00-00 00:00:00',0,'0000-00-00 00:00:00',0,'0000-00-00 00:00:00',0),(316,1,105,0,'Vercelli','VER','VC',0,0,1,'0000-00-00 00:00:00',0,'0000-00-00 00:00:00',0,'0000-00-00 00:00:00',0),(317,1,105,0,'Verona','VRN','VR',0,0,1,'0000-00-00 00:00:00',0,'0000-00-00 00:00:00',0,'0000-00-00 00:00:00',0),(318,1,105,0,'Vibo Valenzia','VIV','VV',0,0,1,'0000-00-00 00:00:00',0,'0000-00-00 00:00:00',0,'0000-00-00 00:00:00',0),(319,1,105,0,'Vicenza','VII','VI',0,0,1,'0000-00-00 00:00:00',0,'0000-00-00 00:00:00',0,'0000-00-00 00:00:00',0),(320,1,105,0,'Viterbo','VIT','VT',0,0,1,'0000-00-00 00:00:00',0,'0000-00-00 00:00:00',0,'0000-00-00 00:00:00',0),(321,1,195,0,'A Coru','ACO','15',0,0,1,'0000-00-00 00:00:00',0,'0000-00-00 00:00:00',0,'0000-00-00 00:00:00',0),(322,1,195,0,'Alava','ALA','01',0,0,1,'0000-00-00 00:00:00',0,'0000-00-00 00:00:00',0,'0000-00-00 00:00:00',0),(323,1,195,0,'Albacete','ALB','02',0,0,1,'0000-00-00 00:00:00',0,'0000-00-00 00:00:00',0,'0000-00-00 00:00:00',0),(324,1,195,0,'Alicante','ALI','03',0,0,1,'0000-00-00 00:00:00',0,'0000-00-00 00:00:00',0,'0000-00-00 00:00:00',0),(325,1,195,0,'Almeria','ALM','04',0,0,1,'0000-00-00 00:00:00',0,'0000-00-00 00:00:00',0,'0000-00-00 00:00:00',0),(326,1,195,0,'Asturias','AST','33',0,0,1,'0000-00-00 00:00:00',0,'0000-00-00 00:00:00',0,'0000-00-00 00:00:00',0),(327,1,195,0,'Avila','AVI','05',0,0,1,'0000-00-00 00:00:00',0,'0000-00-00 00:00:00',0,'0000-00-00 00:00:00',0),(328,1,195,0,'Badajoz','BAD','06',0,0,1,'0000-00-00 00:00:00',0,'0000-00-00 00:00:00',0,'0000-00-00 00:00:00',0),(329,1,195,0,'Baleares','BAL','07',0,0,1,'0000-00-00 00:00:00',0,'0000-00-00 00:00:00',0,'0000-00-00 00:00:00',0),(330,1,195,0,'Barcelona','BAR','08',0,0,1,'0000-00-00 00:00:00',0,'0000-00-00 00:00:00',0,'0000-00-00 00:00:00',0),(331,1,195,0,'Burgos','BUR','09',0,0,1,'0000-00-00 00:00:00',0,'0000-00-00 00:00:00',0,'0000-00-00 00:00:00',0),(332,1,195,0,'Caceres','CAC','10',0,0,1,'0000-00-00 00:00:00',0,'0000-00-00 00:00:00',0,'0000-00-00 00:00:00',0),(333,1,195,0,'Cadiz','CAD','11',0,0,1,'0000-00-00 00:00:00',0,'0000-00-00 00:00:00',0,'0000-00-00 00:00:00',0),(334,1,195,0,'Cantabria','CAN','39',0,0,1,'0000-00-00 00:00:00',0,'0000-00-00 00:00:00',0,'0000-00-00 00:00:00',0),(335,1,195,0,'Castellon','CAS','12',0,0,1,'0000-00-00 00:00:00',0,'0000-00-00 00:00:00',0,'0000-00-00 00:00:00',0),(336,1,195,0,'Ceuta','CEU','51',0,0,1,'0000-00-00 00:00:00',0,'0000-00-00 00:00:00',0,'0000-00-00 00:00:00',0),(337,1,195,0,'Ciudad Real','CIU','13',0,0,1,'0000-00-00 00:00:00',0,'0000-00-00 00:00:00',0,'0000-00-00 00:00:00',0),(338,1,195,0,'Cordoba','COR','14',0,0,1,'0000-00-00 00:00:00',0,'0000-00-00 00:00:00',0,'0000-00-00 00:00:00',0),(339,1,195,0,'Cuenca','CUE','16',0,0,1,'0000-00-00 00:00:00',0,'0000-00-00 00:00:00',0,'0000-00-00 00:00:00',0),(340,1,195,0,'Girona','GIR','17',0,0,1,'0000-00-00 00:00:00',0,'0000-00-00 00:00:00',0,'0000-00-00 00:00:00',0),(341,1,195,0,'Granada','GRA','18',0,0,1,'0000-00-00 00:00:00',0,'0000-00-00 00:00:00',0,'0000-00-00 00:00:00',0),(342,1,195,0,'Guadalajara','GUA','19',0,0,1,'0000-00-00 00:00:00',0,'0000-00-00 00:00:00',0,'0000-00-00 00:00:00',0),(343,1,195,0,'Guipuzcoa','GUI','20',0,0,1,'0000-00-00 00:00:00',0,'0000-00-00 00:00:00',0,'0000-00-00 00:00:00',0),(344,1,195,0,'Huelva','HUL','21',0,0,1,'0000-00-00 00:00:00',0,'0000-00-00 00:00:00',0,'0000-00-00 00:00:00',0),(345,1,195,0,'Huesca','HUS','22',0,0,1,'0000-00-00 00:00:00',0,'0000-00-00 00:00:00',0,'0000-00-00 00:00:00',0),(346,1,195,0,'Jaen','JAE','23',0,0,1,'0000-00-00 00:00:00',0,'0000-00-00 00:00:00',0,'0000-00-00 00:00:00',0),(347,1,195,0,'La Rioja','LRI','26',0,0,1,'0000-00-00 00:00:00',0,'0000-00-00 00:00:00',0,'0000-00-00 00:00:00',0),(348,1,195,0,'Las Palmas','LPA','35',0,0,1,'0000-00-00 00:00:00',0,'0000-00-00 00:00:00',0,'0000-00-00 00:00:00',0),(349,1,195,0,'Leon','LEO','24',0,0,1,'0000-00-00 00:00:00',0,'0000-00-00 00:00:00',0,'0000-00-00 00:00:00',0),(350,1,195,0,'Lleida','LLE','25',0,0,1,'0000-00-00 00:00:00',0,'0000-00-00 00:00:00',0,'0000-00-00 00:00:00',0),(351,1,195,0,'Lugo','LUG','27',0,0,1,'0000-00-00 00:00:00',0,'0000-00-00 00:00:00',0,'0000-00-00 00:00:00',0),(352,1,195,0,'Madrid','MAD','28',0,0,1,'0000-00-00 00:00:00',0,'0000-00-00 00:00:00',0,'0000-00-00 00:00:00',0),(353,1,195,0,'Malaga','MAL','29',0,0,1,'0000-00-00 00:00:00',0,'0000-00-00 00:00:00',0,'0000-00-00 00:00:00',0),(354,1,195,0,'Melilla','MEL','52',0,0,1,'0000-00-00 00:00:00',0,'0000-00-00 00:00:00',0,'0000-00-00 00:00:00',0),(355,1,195,0,'Murcia','MUR','30',0,0,1,'0000-00-00 00:00:00',0,'0000-00-00 00:00:00',0,'0000-00-00 00:00:00',0),(356,1,195,0,'Navarra','NAV','31',0,0,1,'0000-00-00 00:00:00',0,'0000-00-00 00:00:00',0,'0000-00-00 00:00:00',0),(357,1,195,0,'Ourense','OUR','32',0,0,1,'0000-00-00 00:00:00',0,'0000-00-00 00:00:00',0,'0000-00-00 00:00:00',0),(358,1,195,0,'Palencia','PAL','34',0,0,1,'0000-00-00 00:00:00',0,'0000-00-00 00:00:00',0,'0000-00-00 00:00:00',0),(359,1,195,0,'Pontevedra','PON','36',0,0,1,'0000-00-00 00:00:00',0,'0000-00-00 00:00:00',0,'0000-00-00 00:00:00',0),(360,1,195,0,'Salamanca','SAL','37',0,0,1,'0000-00-00 00:00:00',0,'0000-00-00 00:00:00',0,'0000-00-00 00:00:00',0),(361,1,195,0,'Santa Cruz de Tenerife','SCT','38',0,0,1,'0000-00-00 00:00:00',0,'0000-00-00 00:00:00',0,'0000-00-00 00:00:00',0),(362,1,195,0,'Segovia','SEG','40',0,0,1,'0000-00-00 00:00:00',0,'0000-00-00 00:00:00',0,'0000-00-00 00:00:00',0),(363,1,195,0,'Sevilla','SEV','41',0,0,1,'0000-00-00 00:00:00',0,'0000-00-00 00:00:00',0,'0000-00-00 00:00:00',0),(364,1,195,0,'Soria','SOR','42',0,0,1,'0000-00-00 00:00:00',0,'0000-00-00 00:00:00',0,'0000-00-00 00:00:00',0),(365,1,195,0,'Tarragona','TAR','43',0,0,1,'0000-00-00 00:00:00',0,'0000-00-00 00:00:00',0,'0000-00-00 00:00:00',0),(366,1,195,0,'Teruel','TER','44',0,0,1,'0000-00-00 00:00:00',0,'0000-00-00 00:00:00',0,'0000-00-00 00:00:00',0),(367,1,195,0,'Toledo','TOL','45',0,0,1,'0000-00-00 00:00:00',0,'0000-00-00 00:00:00',0,'0000-00-00 00:00:00',0),(368,1,195,0,'Valencia','VAL','46',0,0,1,'0000-00-00 00:00:00',0,'0000-00-00 00:00:00',0,'0000-00-00 00:00:00',0),(369,1,195,0,'Valladolid','VLL','47',0,0,1,'0000-00-00 00:00:00',0,'0000-00-00 00:00:00',0,'0000-00-00 00:00:00',0),(370,1,195,0,'Vizcaya','VIZ','48',0,0,1,'0000-00-00 00:00:00',0,'0000-00-00 00:00:00',0,'0000-00-00 00:00:00',0),(371,1,195,0,'Zamora','ZAM','49',0,0,1,'0000-00-00 00:00:00',0,'0000-00-00 00:00:00',0,'0000-00-00 00:00:00',0),(372,1,195,0,'Zaragoza','ZAR','50',0,0,1,'0000-00-00 00:00:00',0,'0000-00-00 00:00:00',0,'0000-00-00 00:00:00',0),(373,1,10,0,'Buenos Aires','BAS','BA',0,0,1,'0000-00-00 00:00:00',0,'0000-00-00 00:00:00',0,'0000-00-00 00:00:00',0),(374,1,10,0,'Ciudad Autonoma De Buenos Aires','CBA','CB',0,0,1,'0000-00-00 00:00:00',0,'0000-00-00 00:00:00',0,'0000-00-00 00:00:00',0),(375,1,10,0,'Catamarca','CAT','CA',0,0,1,'0000-00-00 00:00:00',0,'0000-00-00 00:00:00',0,'0000-00-00 00:00:00',0),(376,1,10,0,'Chaco','CHO','CH',0,0,1,'0000-00-00 00:00:00',0,'0000-00-00 00:00:00',0,'0000-00-00 00:00:00',0),(377,1,10,0,'Chubut','CTT','CT',0,0,1,'0000-00-00 00:00:00',0,'0000-00-00 00:00:00',0,'0000-00-00 00:00:00',0),(378,1,10,0,'Cordoba','COD','CO',0,0,1,'0000-00-00 00:00:00',0,'0000-00-00 00:00:00',0,'0000-00-00 00:00:00',0),(379,1,10,0,'Corrientes','CRI','CR',0,0,1,'0000-00-00 00:00:00',0,'0000-00-00 00:00:00',0,'0000-00-00 00:00:00',0),(380,1,10,0,'Entre Rios','ERS','ER',0,0,1,'0000-00-00 00:00:00',0,'0000-00-00 00:00:00',0,'0000-00-00 00:00:00',0),(381,1,10,0,'Formosa','FRM','FR',0,0,1,'0000-00-00 00:00:00',0,'0000-00-00 00:00:00',0,'0000-00-00 00:00:00',0),(382,1,10,0,'Jujuy','JUJ','JU',0,0,1,'0000-00-00 00:00:00',0,'0000-00-00 00:00:00',0,'0000-00-00 00:00:00',0),(383,1,10,0,'La Pampa','LPM','LP',0,0,1,'0000-00-00 00:00:00',0,'0000-00-00 00:00:00',0,'0000-00-00 00:00:00',0),(384,1,10,0,'La Rioja','LRI','LR',0,0,1,'0000-00-00 00:00:00',0,'0000-00-00 00:00:00',0,'0000-00-00 00:00:00',0),(385,1,10,0,'Mendoza','MED','ME',0,0,1,'0000-00-00 00:00:00',0,'0000-00-00 00:00:00',0,'0000-00-00 00:00:00',0),(386,1,10,0,'Misiones','MIS','MI',0,0,1,'0000-00-00 00:00:00',0,'0000-00-00 00:00:00',0,'0000-00-00 00:00:00',0),(387,1,10,0,'Neuquen','NQU','NQ',0,0,1,'0000-00-00 00:00:00',0,'0000-00-00 00:00:00',0,'0000-00-00 00:00:00',0),(388,1,10,0,'Rio Negro','RNG','RN',0,0,1,'0000-00-00 00:00:00',0,'0000-00-00 00:00:00',0,'0000-00-00 00:00:00',0),(389,1,10,0,'Salta','SAL','SA',0,0,1,'0000-00-00 00:00:00',0,'0000-00-00 00:00:00',0,'0000-00-00 00:00:00',0),(390,1,10,0,'San Juan','SJN','SJ',0,0,1,'0000-00-00 00:00:00',0,'0000-00-00 00:00:00',0,'0000-00-00 00:00:00',0),(391,1,10,0,'San Luis','SLU','SL',0,0,1,'0000-00-00 00:00:00',0,'0000-00-00 00:00:00',0,'0000-00-00 00:00:00',0),(392,1,10,0,'Santa Cruz','SCZ','SC',0,0,1,'0000-00-00 00:00:00',0,'0000-00-00 00:00:00',0,'0000-00-00 00:00:00',0),(393,1,10,0,'Santa Fe','SFE','SF',0,0,1,'0000-00-00 00:00:00',0,'0000-00-00 00:00:00',0,'0000-00-00 00:00:00',0),(394,1,10,0,'Santiago Del Estero','SEN','SE',0,0,1,'0000-00-00 00:00:00',0,'0000-00-00 00:00:00',0,'0000-00-00 00:00:00',0),(395,1,10,0,'Tierra Del Fuego','TFE','TF',0,0,1,'0000-00-00 00:00:00',0,'0000-00-00 00:00:00',0,'0000-00-00 00:00:00',0),(396,1,10,0,'Tucuman','TUC','TU',0,0,1,'0000-00-00 00:00:00',0,'0000-00-00 00:00:00',0,'0000-00-00 00:00:00',0),(397,1,11,0,'Aragatsotn','ARG','AG',0,0,1,'0000-00-00 00:00:00',0,'0000-00-00 00:00:00',0,'0000-00-00 00:00:00',0),(398,1,11,0,'Ararat','ARR','AR',0,0,1,'0000-00-00 00:00:00',0,'0000-00-00 00:00:00',0,'0000-00-00 00:00:00',0),(399,1,11,0,'Armavir','ARM','AV',0,0,1,'0000-00-00 00:00:00',0,'0000-00-00 00:00:00',0,'0000-00-00 00:00:00',0),(400,1,11,0,'Gegharkunik','GEG','GR',0,0,1,'0000-00-00 00:00:00',0,'0000-00-00 00:00:00',0,'0000-00-00 00:00:00',0),(401,1,11,0,'Kotayk','KOT','KT',0,0,1,'0000-00-00 00:00:00',0,'0000-00-00 00:00:00',0,'0000-00-00 00:00:00',0),(402,1,11,0,'Lori','LOR','LO',0,0,1,'0000-00-00 00:00:00',0,'0000-00-00 00:00:00',0,'0000-00-00 00:00:00',0),(403,1,11,0,'Shirak','SHI','SH',0,0,1,'0000-00-00 00:00:00',0,'0000-00-00 00:00:00',0,'0000-00-00 00:00:00',0),(404,1,11,0,'Syunik','SYU','SU',0,0,1,'0000-00-00 00:00:00',0,'0000-00-00 00:00:00',0,'0000-00-00 00:00:00',0),(405,1,11,0,'Tavush','TAV','TV',0,0,1,'0000-00-00 00:00:00',0,'0000-00-00 00:00:00',0,'0000-00-00 00:00:00',0),(406,1,11,0,'Vayots-Dzor','VAD','VD',0,0,1,'0000-00-00 00:00:00',0,'0000-00-00 00:00:00',0,'0000-00-00 00:00:00',0),(407,1,11,0,'Yerevan','YER','ER',0,0,1,'0000-00-00 00:00:00',0,'0000-00-00 00:00:00',0,'0000-00-00 00:00:00',0),(408,1,99,0,'Andaman & Nicobar Islands','ANI','AI',0,0,1,'0000-00-00 00:00:00',0,'0000-00-00 00:00:00',0,'0000-00-00 00:00:00',0),(409,1,99,0,'Andhra Pradesh','AND','AN',0,0,1,'0000-00-00 00:00:00',0,'0000-00-00 00:00:00',0,'0000-00-00 00:00:00',0),(410,1,99,0,'Arunachal Pradesh','ARU','AR',0,0,1,'0000-00-00 00:00:00',0,'0000-00-00 00:00:00',0,'0000-00-00 00:00:00',0),(411,1,99,0,'Assam','ASS','AS',0,0,1,'0000-00-00 00:00:00',0,'0000-00-00 00:00:00',0,'0000-00-00 00:00:00',0),(412,1,99,0,'Bihar','BIH','BI',0,0,1,'0000-00-00 00:00:00',0,'0000-00-00 00:00:00',0,'0000-00-00 00:00:00',0),(413,1,99,0,'Chandigarh','CHA','CA',0,0,1,'0000-00-00 00:00:00',0,'0000-00-00 00:00:00',0,'0000-00-00 00:00:00',0),(414,1,99,0,'Chhatisgarh','CHH','CH',0,0,1,'0000-00-00 00:00:00',0,'0000-00-00 00:00:00',0,'0000-00-00 00:00:00',0),(415,1,99,0,'Dadra & Nagar Haveli','DAD','DD',0,0,1,'0000-00-00 00:00:00',0,'0000-00-00 00:00:00',0,'0000-00-00 00:00:00',0),(416,1,99,0,'Daman & Diu','DAM','DA',0,0,1,'0000-00-00 00:00:00',0,'0000-00-00 00:00:00',0,'0000-00-00 00:00:00',0),(417,1,99,0,'Delhi','DEL','DE',0,0,1,'0000-00-00 00:00:00',0,'0000-00-00 00:00:00',0,'0000-00-00 00:00:00',0),(418,1,99,0,'Goa','GOA','GO',0,0,1,'0000-00-00 00:00:00',0,'0000-00-00 00:00:00',0,'0000-00-00 00:00:00',0),(419,1,99,0,'Gujarat','GUJ','GU',0,0,1,'0000-00-00 00:00:00',0,'0000-00-00 00:00:00',0,'0000-00-00 00:00:00',0),(420,1,99,0,'Haryana','HAR','HA',0,0,1,'0000-00-00 00:00:00',0,'0000-00-00 00:00:00',0,'0000-00-00 00:00:00',0),(421,1,99,0,'Himachal Pradesh','HIM','HI',0,0,1,'0000-00-00 00:00:00',0,'0000-00-00 00:00:00',0,'0000-00-00 00:00:00',0),(422,1,99,0,'Jammu & Kashmir','JAM','JA',0,0,1,'0000-00-00 00:00:00',0,'0000-00-00 00:00:00',0,'0000-00-00 00:00:00',0),(423,1,99,0,'Jharkhand','JHA','JH',0,0,1,'0000-00-00 00:00:00',0,'0000-00-00 00:00:00',0,'0000-00-00 00:00:00',0),(424,1,99,0,'Karnataka','KAR','KA',0,0,1,'0000-00-00 00:00:00',0,'0000-00-00 00:00:00',0,'0000-00-00 00:00:00',0),(425,1,99,0,'Kerala','KER','KE',0,0,1,'0000-00-00 00:00:00',0,'0000-00-00 00:00:00',0,'0000-00-00 00:00:00',0),(426,1,99,0,'Lakshadweep','LAK','LA',0,0,1,'0000-00-00 00:00:00',0,'0000-00-00 00:00:00',0,'0000-00-00 00:00:00',0),(427,1,99,0,'Madhya Pradesh','MAD','MD',0,0,1,'0000-00-00 00:00:00',0,'0000-00-00 00:00:00',0,'0000-00-00 00:00:00',0),(428,1,99,0,'Maharashtra','MAH','MH',0,0,1,'0000-00-00 00:00:00',0,'0000-00-00 00:00:00',0,'0000-00-00 00:00:00',0),(429,1,99,0,'Manipur','MAN','MN',0,0,1,'0000-00-00 00:00:00',0,'0000-00-00 00:00:00',0,'0000-00-00 00:00:00',0),(430,1,99,0,'Meghalaya','MEG','ME',0,0,1,'0000-00-00 00:00:00',0,'0000-00-00 00:00:00',0,'0000-00-00 00:00:00',0),(431,1,99,0,'Mizoram','MIZ','MI',0,0,1,'0000-00-00 00:00:00',0,'0000-00-00 00:00:00',0,'0000-00-00 00:00:00',0),(432,1,99,0,'Nagaland','NAG','NA',0,0,1,'0000-00-00 00:00:00',0,'0000-00-00 00:00:00',0,'0000-00-00 00:00:00',0),(433,1,99,0,'Orissa','ORI','OR',0,0,1,'0000-00-00 00:00:00',0,'0000-00-00 00:00:00',0,'0000-00-00 00:00:00',0),(434,1,99,0,'Pondicherry','PON','PO',0,0,1,'0000-00-00 00:00:00',0,'0000-00-00 00:00:00',0,'0000-00-00 00:00:00',0),(435,1,99,0,'Punjab','PUN','PU',0,0,1,'0000-00-00 00:00:00',0,'0000-00-00 00:00:00',0,'0000-00-00 00:00:00',0),(436,1,99,0,'Rajasthan','RAJ','RA',0,0,1,'0000-00-00 00:00:00',0,'0000-00-00 00:00:00',0,'0000-00-00 00:00:00',0),(437,1,99,0,'Sikkim','SIK','SI',0,0,1,'0000-00-00 00:00:00',0,'0000-00-00 00:00:00',0,'0000-00-00 00:00:00',0),(438,1,99,0,'Tamil Nadu','TAM','TA',0,0,1,'0000-00-00 00:00:00',0,'0000-00-00 00:00:00',0,'0000-00-00 00:00:00',0),(439,1,99,0,'Tripura','TRI','TR',0,0,1,'0000-00-00 00:00:00',0,'0000-00-00 00:00:00',0,'0000-00-00 00:00:00',0),(440,1,99,0,'Uttaranchal','UAR','UA',0,0,1,'0000-00-00 00:00:00',0,'0000-00-00 00:00:00',0,'0000-00-00 00:00:00',0),(441,1,99,0,'Uttar Pradesh','UTT','UT',0,0,1,'0000-00-00 00:00:00',0,'0000-00-00 00:00:00',0,'0000-00-00 00:00:00',0),(442,1,99,0,'West Bengal','WES','WE',0,0,1,'0000-00-00 00:00:00',0,'0000-00-00 00:00:00',0,'0000-00-00 00:00:00',0),(443,1,101,0,'Ahmadi va Kohkiluyeh','BOK','BO',0,0,1,'0000-00-00 00:00:00',0,'0000-00-00 00:00:00',0,'0000-00-00 00:00:00',0),(444,1,101,0,'Ardabil','ARD','AR',0,0,1,'0000-00-00 00:00:00',0,'0000-00-00 00:00:00',0,'0000-00-00 00:00:00',0),(445,1,101,0,'Azarbayjan-e Gharbi','AZG','AG',0,0,1,'0000-00-00 00:00:00',0,'0000-00-00 00:00:00',0,'0000-00-00 00:00:00',0),(446,1,101,0,'Azarbayjan-e Sharqi','AZS','AS',0,0,1,'0000-00-00 00:00:00',0,'0000-00-00 00:00:00',0,'0000-00-00 00:00:00',0),(447,1,101,0,'Bushehr','BUS','BU',0,0,1,'0000-00-00 00:00:00',0,'0000-00-00 00:00:00',0,'0000-00-00 00:00:00',0),(448,1,101,0,'Chaharmahal va Bakhtiari','CMB','CM',0,0,1,'0000-00-00 00:00:00',0,'0000-00-00 00:00:00',0,'0000-00-00 00:00:00',0),(449,1,101,0,'Esfahan','ESF','ES',0,0,1,'0000-00-00 00:00:00',0,'0000-00-00 00:00:00',0,'0000-00-00 00:00:00',0),(450,1,101,0,'Fars','FAR','FA',0,0,1,'0000-00-00 00:00:00',0,'0000-00-00 00:00:00',0,'0000-00-00 00:00:00',0),(451,1,101,0,'Gilan','GIL','GI',0,0,1,'0000-00-00 00:00:00',0,'0000-00-00 00:00:00',0,'0000-00-00 00:00:00',0),(452,1,101,0,'Gorgan','GOR','GO',0,0,1,'0000-00-00 00:00:00',0,'0000-00-00 00:00:00',0,'0000-00-00 00:00:00',0),(453,1,101,0,'Hamadan','HAM','HA',0,0,1,'0000-00-00 00:00:00',0,'0000-00-00 00:00:00',0,'0000-00-00 00:00:00',0),(454,1,101,0,'Hormozgan','HOR','HO',0,0,1,'0000-00-00 00:00:00',0,'0000-00-00 00:00:00',0,'0000-00-00 00:00:00',0),(455,1,101,0,'Ilam','ILA','IL',0,0,1,'0000-00-00 00:00:00',0,'0000-00-00 00:00:00',0,'0000-00-00 00:00:00',0),(456,1,101,0,'Kerman','KER','KE',0,0,1,'0000-00-00 00:00:00',0,'0000-00-00 00:00:00',0,'0000-00-00 00:00:00',0),(457,1,101,0,'Kermanshah','BAK','BA',0,0,1,'0000-00-00 00:00:00',0,'0000-00-00 00:00:00',0,'0000-00-00 00:00:00',0),(458,1,101,0,'Khorasan-e Junoubi','KHJ','KJ',0,0,1,'0000-00-00 00:00:00',0,'0000-00-00 00:00:00',0,'0000-00-00 00:00:00',0),(459,1,101,0,'Khorasan-e Razavi','KHR','KR',0,0,1,'0000-00-00 00:00:00',0,'0000-00-00 00:00:00',0,'0000-00-00 00:00:00',0),(460,1,101,0,'Khorasan-e Shomali','KHS','KS',0,0,1,'0000-00-00 00:00:00',0,'0000-00-00 00:00:00',0,'0000-00-00 00:00:00',0),(461,1,101,0,'Khuzestan','KHU','KH',0,0,1,'0000-00-00 00:00:00',0,'0000-00-00 00:00:00',0,'0000-00-00 00:00:00',0),(462,1,101,0,'Kordestan','KOR','KO',0,0,1,'0000-00-00 00:00:00',0,'0000-00-00 00:00:00',0,'0000-00-00 00:00:00',0),(463,1,101,0,'Lorestan','LOR','LO',0,0,1,'0000-00-00 00:00:00',0,'0000-00-00 00:00:00',0,'0000-00-00 00:00:00',0),(464,1,101,0,'Markazi','MAR','MR',0,0,1,'0000-00-00 00:00:00',0,'0000-00-00 00:00:00',0,'0000-00-00 00:00:00',0),(465,1,101,0,'Mazandaran','MAZ','MZ',0,0,1,'0000-00-00 00:00:00',0,'0000-00-00 00:00:00',0,'0000-00-00 00:00:00',0),(466,1,101,0,'Qazvin','QAS','QA',0,0,1,'0000-00-00 00:00:00',0,'0000-00-00 00:00:00',0,'0000-00-00 00:00:00',0),(467,1,101,0,'Qom','QOM','QO',0,0,1,'0000-00-00 00:00:00',0,'0000-00-00 00:00:00',0,'0000-00-00 00:00:00',0),(468,1,101,0,'Semnan','SEM','SE',0,0,1,'0000-00-00 00:00:00',0,'0000-00-00 00:00:00',0,'0000-00-00 00:00:00',0),(469,1,101,0,'Sistan va Baluchestan','SBA','SB',0,0,1,'0000-00-00 00:00:00',0,'0000-00-00 00:00:00',0,'0000-00-00 00:00:00',0),(470,1,101,0,'Tehran','TEH','TE',0,0,1,'0000-00-00 00:00:00',0,'0000-00-00 00:00:00',0,'0000-00-00 00:00:00',0),(471,1,101,0,'Yazd','YAZ','YA',0,0,1,'0000-00-00 00:00:00',0,'0000-00-00 00:00:00',0,'0000-00-00 00:00:00',0),(472,1,101,0,'Zanjan','ZAN','ZA',0,0,1,'0000-00-00 00:00:00',0,'0000-00-00 00:00:00',0,'0000-00-00 00:00:00',0),(535,1,84,0,'ΛΕΥΚΑΔΑΣ','ΛΕΥ','ΛΕ',0,0,1,'0000-00-00 00:00:00',0,'0000-00-00 00:00:00',0,'0000-00-00 00:00:00',0),(532,1,84,0,'ΛΑΡΙΣΑΣ','ΛΑΡ','ΛΡ',0,0,1,'0000-00-00 00:00:00',0,'0000-00-00 00:00:00',0,'0000-00-00 00:00:00',0),(504,1,84,0,'ΑΡΚΑΔΙΑΣ','ΑΡΚ','ΑΚ',0,0,1,'0000-00-00 00:00:00',0,'0000-00-00 00:00:00',0,'0000-00-00 00:00:00',0),(503,1,84,0,'ΑΡΓΟΛΙΔΑΣ','ΑΡΓ','ΑΡ',0,0,1,'0000-00-00 00:00:00',0,'0000-00-00 00:00:00',0,'0000-00-00 00:00:00',0),(533,1,84,0,'ΛΑΣΙΘΙΟΥ','ΛΑΣ','ΛΑ',0,0,1,'0000-00-00 00:00:00',0,'0000-00-00 00:00:00',0,'0000-00-00 00:00:00',0),(534,1,84,0,'ΛΕΣΒΟΥ','ΛΕΣ','ΛΣ',0,0,1,'0000-00-00 00:00:00',0,'0000-00-00 00:00:00',0,'0000-00-00 00:00:00',0),(530,1,84,0,'ΚΥΚΛΑΔΩΝ','ΚΥΚ','ΚΥ',0,0,1,'0000-00-00 00:00:00',0,'0000-00-00 00:00:00',0,'0000-00-00 00:00:00',0),(553,1,84,0,'ΑΙΤΩΛΟΑΚΑΡΝΑΝΙΑΣ','ΑΙΤ','ΑΙ',0,0,1,'0000-00-00 00:00:00',0,'0000-00-00 00:00:00',0,'0000-00-00 00:00:00',0),(529,1,84,0,'ΚΟΡΙΝΘΙΑΣ','ΚΟΡ','ΚΟ',0,0,1,'0000-00-00 00:00:00',0,'0000-00-00 00:00:00',0,'0000-00-00 00:00:00',0),(531,1,84,0,'ΛΑΚΩΝΙΑΣ','ΛΑΚ','ΛK',0,0,1,'0000-00-00 00:00:00',0,'0000-00-00 00:00:00',0,'0000-00-00 00:00:00',0),(517,1,84,0,'ΗΜΑΘΙΑΣ','ΗΜΑ','ΗΜ',0,0,1,'0000-00-00 00:00:00',0,'0000-00-00 00:00:00',0,'0000-00-00 00:00:00',0),(518,1,84,0,'ΗΡΑΚΛΕΙΟΥ','ΗΡΑ','ΗΡ',0,0,1,'0000-00-00 00:00:00',0,'0000-00-00 00:00:00',0,'0000-00-00 00:00:00',0),(519,1,84,0,'ΘΕΣΠΡΩΤΙΑΣ','ΘΕΠ','ΘΠ',0,0,1,'0000-00-00 00:00:00',0,'0000-00-00 00:00:00',0,'0000-00-00 00:00:00',0),(520,1,84,0,'ΘΕΣΣΑΛΟΝΙΚΗΣ','ΘΕΣ','ΘΕ',0,0,1,'0000-00-00 00:00:00',0,'0000-00-00 00:00:00',0,'0000-00-00 00:00:00',0),(521,1,84,0,'ΙΩΑΝΝΙΝΩΝ','ΙΩΑ','ΙΩ',0,0,1,'0000-00-00 00:00:00',0,'0000-00-00 00:00:00',0,'0000-00-00 00:00:00',0),(522,1,84,0,'ΚΑΒΑΛΑΣ','ΚΑΒ','ΚΒ',0,0,1,'0000-00-00 00:00:00',0,'0000-00-00 00:00:00',0,'0000-00-00 00:00:00',0),(523,1,84,0,'ΚΑΡΔΙΤΣΑΣ','ΚΑΡ','ΚΡ',0,0,1,'0000-00-00 00:00:00',0,'0000-00-00 00:00:00',0,'0000-00-00 00:00:00',0),(524,1,84,0,'ΚΑΣΤΟΡΙΑΣ','ΚΑΣ','ΚΣ',0,0,1,'0000-00-00 00:00:00',0,'0000-00-00 00:00:00',0,'0000-00-00 00:00:00',0),(525,1,84,0,'ΚΕΡΚΥΡΑΣ','ΚΕΡ','ΚΕ',0,0,1,'0000-00-00 00:00:00',0,'0000-00-00 00:00:00',0,'0000-00-00 00:00:00',0),(526,1,84,0,'ΚΕΦΑΛΛΗΝΙΑΣ','ΚΕΦ','ΚΦ',0,0,1,'0000-00-00 00:00:00',0,'0000-00-00 00:00:00',0,'0000-00-00 00:00:00',0),(527,1,84,0,'ΚΙΛΚΙΣ','ΚΙΛ','ΚΙ',0,0,1,'0000-00-00 00:00:00',0,'0000-00-00 00:00:00',0,'0000-00-00 00:00:00',0),(528,1,84,0,'ΚΟΖΑΝΗΣ','ΚΟΖ','ΚZ',0,0,1,'0000-00-00 00:00:00',0,'0000-00-00 00:00:00',0,'0000-00-00 00:00:00',0),(507,1,84,0,'ΑΧΑΪΑΣ','ΑΧΑ','ΑΧ',0,0,1,'0000-00-00 00:00:00',0,'0000-00-00 00:00:00',0,'0000-00-00 00:00:00',0),(508,1,84,0,'ΒΟΙΩΤΙΑΣ','ΒΟΙ','ΒΟ',0,0,1,'0000-00-00 00:00:00',0,'0000-00-00 00:00:00',0,'0000-00-00 00:00:00',0),(509,1,84,0,'ΓΡΕΒΕΝΩΝ','ΓΡΕ','ΓΡ',0,0,1,'0000-00-00 00:00:00',0,'0000-00-00 00:00:00',0,'0000-00-00 00:00:00',0),(510,1,84,0,'ΔΡΑΜΑΣ','ΔΡΑ','ΔΡ',0,0,1,'0000-00-00 00:00:00',0,'0000-00-00 00:00:00',0,'0000-00-00 00:00:00',0),(511,1,84,0,'ΔΩΔΕΚΑΝΗΣΟΥ','ΔΩΔ','ΔΩ',0,0,1,'0000-00-00 00:00:00',0,'0000-00-00 00:00:00',0,'0000-00-00 00:00:00',0),(512,1,84,0,'ΕΒΡΟΥ','ΕΒΡ','ΕΒ',0,0,1,'0000-00-00 00:00:00',0,'0000-00-00 00:00:00',0,'0000-00-00 00:00:00',0),(513,1,84,0,'ΕΥΒΟΙΑΣ','ΕΥΒ','ΕΥ',0,0,1,'0000-00-00 00:00:00',0,'0000-00-00 00:00:00',0,'0000-00-00 00:00:00',0),(514,1,84,0,'ΕΥΡΥΤΑΝΙΑΣ','ΕΥΡ','ΕΡ',0,0,1,'0000-00-00 00:00:00',0,'0000-00-00 00:00:00',0,'0000-00-00 00:00:00',0),(515,1,84,0,'ΖΑΚΥΝΘΟΥ','ΖΑΚ','ΖΑ',0,0,1,'0000-00-00 00:00:00',0,'0000-00-00 00:00:00',0,'0000-00-00 00:00:00',0),(516,1,84,0,'ΗΛΕΙΑΣ','ΗΛΕ','ΗΛ',0,0,1,'0000-00-00 00:00:00',0,'0000-00-00 00:00:00',0,'0000-00-00 00:00:00',0),(505,1,84,0,'ΑΡΤΑΣ','ΑΡΤ','ΑΑ',0,0,1,'0000-00-00 00:00:00',0,'0000-00-00 00:00:00',0,'0000-00-00 00:00:00',0),(506,1,84,0,'ΑΤΤΙΚΗΣ','ΑΤΤ','ΑΤ',0,0,1,'0000-00-00 00:00:00',0,'0000-00-00 00:00:00',0,'0000-00-00 00:00:00',0),(536,1,84,0,'ΜΑΓΝΗΣΙΑΣ','ΜΑΓ','ΜΑ',0,0,1,'0000-00-00 00:00:00',0,'0000-00-00 00:00:00',0,'0000-00-00 00:00:00',0),(537,1,84,0,'ΜΕΣΣΗΝΙΑΣ','ΜΕΣ','ΜΕ',0,0,1,'0000-00-00 00:00:00',0,'0000-00-00 00:00:00',0,'0000-00-00 00:00:00',0),(538,1,84,0,'ΞΑΝΘΗΣ','ΞΑΝ','ΞΑ',0,0,1,'0000-00-00 00:00:00',0,'0000-00-00 00:00:00',0,'0000-00-00 00:00:00',0),(539,1,84,0,'ΠΕΛΛΗΣ','ΠΕΛ','ΠΕ',0,0,1,'0000-00-00 00:00:00',0,'0000-00-00 00:00:00',0,'0000-00-00 00:00:00',0),(540,1,84,0,'ΠΙΕΡΙΑΣ','ΠΙΕ','ΠΙ',0,0,1,'0000-00-00 00:00:00',0,'0000-00-00 00:00:00',0,'0000-00-00 00:00:00',0),(541,1,84,0,'ΠΡΕΒΕΖΑΣ','ΠΡΕ','ΠΡ',0,0,1,'0000-00-00 00:00:00',0,'0000-00-00 00:00:00',0,'0000-00-00 00:00:00',0),(542,1,84,0,'ΡΕΘΥΜΝΗΣ','ΡΕΘ','ΡΕ',0,0,1,'0000-00-00 00:00:00',0,'0000-00-00 00:00:00',0,'0000-00-00 00:00:00',0),(543,1,84,0,'ΡΟΔΟΠΗΣ','ΡΟΔ','ΡΟ',0,0,1,'0000-00-00 00:00:00',0,'0000-00-00 00:00:00',0,'0000-00-00 00:00:00',0),(544,1,84,0,'ΣΑΜΟΥ','ΣΑΜ','ΣΑ',0,0,1,'0000-00-00 00:00:00',0,'0000-00-00 00:00:00',0,'0000-00-00 00:00:00',0),(545,1,84,0,'ΣΕΡΡΩΝ','ΣΕΡ','ΣΕ',0,0,1,'0000-00-00 00:00:00',0,'0000-00-00 00:00:00',0,'0000-00-00 00:00:00',0),(546,1,84,0,'ΤΡΙΚΑΛΩΝ','ΤΡΙ','ΤΡ',0,0,1,'0000-00-00 00:00:00',0,'0000-00-00 00:00:00',0,'0000-00-00 00:00:00',0),(547,1,84,0,'ΦΘΙΩΤΙΔΑΣ','ΦΘΙ','ΦΘ',0,0,1,'0000-00-00 00:00:00',0,'0000-00-00 00:00:00',0,'0000-00-00 00:00:00',0),(548,1,84,0,'ΦΛΩΡΙΝΑΣ','ΦΛΩ','ΦΛ',0,0,1,'0000-00-00 00:00:00',0,'0000-00-00 00:00:00',0,'0000-00-00 00:00:00',0),(549,1,84,0,'ΦΩΚΙΔΑΣ','ΦΩΚ','ΦΩ',0,0,1,'0000-00-00 00:00:00',0,'0000-00-00 00:00:00',0,'0000-00-00 00:00:00',0),(550,1,84,0,'ΧΑΛΚΙΔΙΚΗΣ','ΧΑΛ','ΧΑ',0,0,1,'0000-00-00 00:00:00',0,'0000-00-00 00:00:00',0,'0000-00-00 00:00:00',0),(551,1,84,0,'ΧΑΝΙΩΝ','ΧΑΝ','ΧΝ',0,0,1,'0000-00-00 00:00:00',0,'0000-00-00 00:00:00',0,'0000-00-00 00:00:00',0),(552,1,84,0,'ΧΙΟΥ','ΧΙΟ','ΧΙ',0,0,1,'0000-00-00 00:00:00',0,'0000-00-00 00:00:00',0,'0000-00-00 00:00:00',0);
/*!40000 ALTER TABLE `jos_virtuemart_states` ENABLE KEYS */;
UNLOCK TABLES;

--
-- Table structure for table `jos_virtuemart_userfield_values`
--

DROP TABLE IF EXISTS `jos_virtuemart_userfield_values`;
/*!40101 SET @saved_cs_client     = @@character_set_client */;
/*!40101 SET character_set_client = utf8 */;
CREATE TABLE `jos_virtuemart_userfield_values` (
  `virtuemart_userfield_value_id` int(11) unsigned NOT NULL AUTO_INCREMENT,
  `virtuemart_userfield_id` smallint(1) unsigned NOT NULL DEFAULT '0',
  `fieldtitle` char(255) NOT NULL DEFAULT '',
  `fieldvalue` char(255) NOT NULL DEFAULT '',
  `sys` tinyint(4) NOT NULL DEFAULT '0',
  `ordering` int(2) NOT NULL DEFAULT '0',
  `created_on` datetime NOT NULL DEFAULT '0000-00-00 00:00:00',
  `created_by` int(11) NOT NULL DEFAULT '0',
  `modified_on` datetime NOT NULL DEFAULT '0000-00-00 00:00:00',
  `modified_by` int(11) NOT NULL DEFAULT '0',
  `locked_on` datetime NOT NULL DEFAULT '0000-00-00 00:00:00',
  `locked_by` int(11) NOT NULL DEFAULT '0',
  PRIMARY KEY (`virtuemart_userfield_value_id`)
) ENGINE=MyISAM AUTO_INCREMENT=3 DEFAULT CHARSET=utf8 COMMENT='Holds the different values for dropdown and radio lists';
/*!40101 SET character_set_client = @saved_cs_client */;

--
-- Dumping data for table `jos_virtuemart_userfield_values`
--

LOCK TABLES `jos_virtuemart_userfield_values` WRITE;
/*!40000 ALTER TABLE `jos_virtuemart_userfield_values` DISABLE KEYS */;
INSERT INTO `jos_virtuemart_userfield_values` VALUES (1,10,'Mr','Mr',0,0,'0000-00-00 00:00:00',0,'0000-00-00 00:00:00',0,'0000-00-00 00:00:00',0),(2,10,'Mrs','Mrs',0,1,'0000-00-00 00:00:00',0,'0000-00-00 00:00:00',0,'0000-00-00 00:00:00',0);
/*!40000 ALTER TABLE `jos_virtuemart_userfield_values` ENABLE KEYS */;
UNLOCK TABLES;

--
-- Table structure for table `jos_virtuemart_userfields`
--

DROP TABLE IF EXISTS `jos_virtuemart_userfields`;
/*!40101 SET @saved_cs_client     = @@character_set_client */;
/*!40101 SET character_set_client = utf8 */;
CREATE TABLE `jos_virtuemart_userfields` (
  `virtuemart_userfield_id` smallint(1) unsigned NOT NULL AUTO_INCREMENT,
  `virtuemart_vendor_id` smallint(1) unsigned NOT NULL DEFAULT '1',
  `name` char(50) NOT NULL DEFAULT '',
  `title` char(255) NOT NULL DEFAULT '',
  `description` mediumtext,
  `type` char(50) NOT NULL DEFAULT '',
  `maxlength` int(11) DEFAULT NULL,
  `size` int(11) DEFAULT NULL,
  `required` tinyint(4) NOT NULL DEFAULT '0',
  `cols` int(11) DEFAULT NULL,
  `rows` int(11) DEFAULT NULL,
  `value` char(50) DEFAULT NULL,
  `default` int(11) DEFAULT NULL,
  `registration` tinyint(1) NOT NULL DEFAULT '0',
  `shipment` tinyint(1) NOT NULL DEFAULT '0',
  `account` tinyint(1) NOT NULL DEFAULT '1',
  `readonly` tinyint(1) NOT NULL DEFAULT '0',
  `calculated` tinyint(1) NOT NULL DEFAULT '0',
  `sys` tinyint(4) NOT NULL DEFAULT '0',
  `params` mediumtext,
  `ordering` int(2) NOT NULL DEFAULT '0',
  `shared` tinyint(1) NOT NULL DEFAULT '0',
  `published` tinyint(1) NOT NULL DEFAULT '1',
  `created_on` datetime NOT NULL DEFAULT '0000-00-00 00:00:00',
  `created_by` int(11) NOT NULL DEFAULT '0',
  `modified_on` datetime NOT NULL DEFAULT '0000-00-00 00:00:00',
  `modified_by` int(11) NOT NULL DEFAULT '0',
  `locked_on` datetime NOT NULL DEFAULT '0000-00-00 00:00:00',
  `locked_by` int(11) NOT NULL DEFAULT '0',
  PRIMARY KEY (`virtuemart_userfield_id`),
  KEY `i_virtuemart_vendor_id` (`virtuemart_vendor_id`)
) ENGINE=MyISAM AUTO_INCREMENT=30 DEFAULT CHARSET=utf8 COMMENT='Holds the fields for the user information';
/*!40101 SET character_set_client = @saved_cs_client */;

--
-- Dumping data for table `jos_virtuemart_userfields`
--

LOCK TABLES `jos_virtuemart_userfields` WRITE;
/*!40000 ALTER TABLE `jos_virtuemart_userfields` DISABLE KEYS */;
INSERT INTO `jos_virtuemart_userfields` VALUES (1,1,'email','COM_VIRTUEMART_REGISTER_EMAIL','','emailaddress',100,30,1,NULL,NULL,NULL,NULL,1,0,1,0,0,1,NULL,8,0,1,'0000-00-00 00:00:00',0,'0000-00-00 00:00:00',0,'0000-00-00 00:00:00',0),(2,1,'password','COM_VIRTUEMART_SHOPPER_FORM_PASSWORD_1','','password',25,30,1,NULL,NULL,NULL,NULL,1,0,1,0,0,1,NULL,4,0,1,'0000-00-00 00:00:00',0,'0000-00-00 00:00:00',0,'0000-00-00 00:00:00',0),(3,1,'password2','COM_VIRTUEMART_SHOPPER_FORM_PASSWORD_2','','password',25,30,1,NULL,NULL,NULL,NULL,1,0,1,0,0,1,NULL,5,0,1,'0000-00-00 00:00:00',0,'0000-00-00 00:00:00',0,'0000-00-00 00:00:00',0),(4,1,'agreed','COM_VIRTUEMART_I_AGREE_TO_TOS','','checkbox',NULL,NULL,1,NULL,NULL,NULL,NULL,1,0,1,0,0,1,NULL,29,0,1,'0000-00-00 00:00:00',0,'0000-00-00 00:00:00',0,'0000-00-00 00:00:00',0),(5,1,'name','COM_VIRTUEMART_USER_DISPLAYED_NAME','','text',25,30,1,0,0,'',NULL,1,0,1,0,0,1,'',3,0,1,'0000-00-00 00:00:00',0,'0000-00-00 00:00:00',0,'0000-00-00 00:00:00',0),(6,1,'username','COM_VIRTUEMART_USERNAME','','text',25,30,1,0,0,'',NULL,1,0,1,0,0,1,'',3,0,1,'0000-00-00 00:00:00',0,'0000-00-00 00:00:00',0,'0000-00-00 00:00:00',0),(7,1,'address_type_name','COM_VIRTUEMART_USER_FORM_ADDRESS_LABEL','','text',32,30,1,NULL,NULL,NULL,NULL,0,1,0,0,0,1,NULL,6,0,1,'0000-00-00 00:00:00',0,'0000-00-00 00:00:00',0,'0000-00-00 00:00:00',0),(8,1,'delimiter_billto','COM_VIRTUEMART_USER_FORM_BILLTO_LBL','','delimiter',25,30,0,NULL,NULL,NULL,NULL,1,0,1,0,0,0,NULL,6,0,1,'0000-00-00 00:00:00',0,'0000-00-00 00:00:00',0,'0000-00-00 00:00:00',0),(9,1,'company','COM_VIRTUEMART_SHOPPER_FORM_COMPANY_NAME','','text',64,30,0,NULL,NULL,NULL,NULL,1,1,1,0,0,1,NULL,7,0,1,'0000-00-00 00:00:00',0,'0000-00-00 00:00:00',0,'0000-00-00 00:00:00',0),(10,1,'title','COM_VIRTUEMART_SHOPPER_FORM_TITLE','','select',0,0,0,NULL,NULL,NULL,NULL,1,0,1,0,0,1,NULL,8,0,1,'0000-00-00 00:00:00',0,'0000-00-00 00:00:00',0,'0000-00-00 00:00:00',0),(11,1,'first_name','COM_VIRTUEMART_SHOPPER_FORM_FIRST_NAME','','text',32,30,1,NULL,NULL,NULL,NULL,1,1,1,0,0,1,NULL,9,0,1,'0000-00-00 00:00:00',0,'0000-00-00 00:00:00',0,'0000-00-00 00:00:00',0),(12,1,'middle_name','COM_VIRTUEMART_SHOPPER_FORM_MIDDLE_NAME','','text',32,30,0,NULL,NULL,NULL,NULL,1,1,1,0,0,1,NULL,10,0,1,'0000-00-00 00:00:00',0,'0000-00-00 00:00:00',0,'0000-00-00 00:00:00',0),(13,1,'last_name','COM_VIRTUEMART_SHOPPER_FORM_LAST_NAME','','text',32,30,1,NULL,NULL,NULL,NULL,1,1,1,0,0,1,NULL,11,0,1,'0000-00-00 00:00:00',0,'0000-00-00 00:00:00',0,'0000-00-00 00:00:00',0),(14,1,'address_1','COM_VIRTUEMART_SHOPPER_FORM_ADDRESS_1','','text',64,30,1,NULL,NULL,NULL,NULL,1,1,1,0,0,1,NULL,12,0,1,'0000-00-00 00:00:00',0,'0000-00-00 00:00:00',0,'0000-00-00 00:00:00',0),(15,1,'address_2','COM_VIRTUEMART_SHOPPER_FORM_ADDRESS_2','','text',64,30,0,NULL,NULL,NULL,NULL,1,1,1,0,0,1,NULL,13,0,1,'0000-00-00 00:00:00',0,'0000-00-00 00:00:00',0,'0000-00-00 00:00:00',0),(16,1,'zip','COM_VIRTUEMART_SHOPPER_FORM_ZIP','','text',32,30,1,NULL,NULL,NULL,NULL,1,1,1,0,0,1,NULL,14,0,1,'0000-00-00 00:00:00',0,'0000-00-00 00:00:00',0,'0000-00-00 00:00:00',0),(17,1,'city','COM_VIRTUEMART_SHOPPER_FORM_CITY','','text',32,30,1,NULL,NULL,NULL,NULL,1,1,1,0,0,1,NULL,15,0,1,'0000-00-00 00:00:00',0,'0000-00-00 00:00:00',0,'0000-00-00 00:00:00',0),(18,1,'virtuemart_country_id','COM_VIRTUEMART_SHOPPER_FORM_COUNTRY','','select',0,0,1,NULL,NULL,NULL,NULL,1,1,1,0,0,1,NULL,16,0,1,'0000-00-00 00:00:00',0,'0000-00-00 00:00:00',0,'0000-00-00 00:00:00',0),(19,1,'virtuemart_state_id','COM_VIRTUEMART_SHOPPER_FORM_STATE','','select',0,0,1,NULL,NULL,NULL,NULL,1,1,1,0,0,1,NULL,17,0,1,'0000-00-00 00:00:00',0,'0000-00-00 00:00:00',0,'0000-00-00 00:00:00',0),(20,1,'phone_1','COM_VIRTUEMART_SHOPPER_FORM_PHONE','','text',32,30,1,NULL,NULL,NULL,NULL,1,1,1,0,0,1,NULL,18,0,1,'0000-00-00 00:00:00',0,'0000-00-00 00:00:00',0,'0000-00-00 00:00:00',0),(21,1,'phone_2','COM_VIRTUEMART_SHOPPER_FORM_PHONE2','','text',32,30,0,NULL,NULL,NULL,NULL,1,1,1,0,0,1,NULL,19,0,1,'0000-00-00 00:00:00',0,'0000-00-00 00:00:00',0,'0000-00-00 00:00:00',0),(22,1,'fax','COM_VIRTUEMART_SHOPPER_FORM_FAX','','text',32,30,0,NULL,NULL,NULL,NULL,1,1,1,0,0,1,NULL,20,0,1,'0000-00-00 00:00:00',0,'0000-00-00 00:00:00',0,'0000-00-00 00:00:00',0),(23,1,'delimiter_sendregistration','COM_VIRTUEMART_BUTTON_SEND_REG','','delimiter',25,30,0,NULL,NULL,NULL,NULL,1,0,0,0,0,0,NULL,28,0,1,'0000-00-00 00:00:00',0,'0000-00-00 00:00:00',0,'0000-00-00 00:00:00',0),(24,1,'delimiter_userinfo','COM_VIRTUEMART_ORDER_PRINT_CUST_INFO_LBL','','delimiter',NULL,NULL,0,NULL,NULL,NULL,NULL,1,0,1,0,0,0,NULL,1,0,1,'0000-00-00 00:00:00',0,'0000-00-00 00:00:00',0,'0000-00-00 00:00:00',0),(25,1,'extra_field_1','COM_VIRTUEMART_SHOPPER_FORM_EXTRA_FIELD_1','','text',255,30,0,NULL,NULL,NULL,NULL,1,0,1,0,0,0,NULL,31,0,0,'0000-00-00 00:00:00',0,'0000-00-00 00:00:00',0,'0000-00-00 00:00:00',0),(26,1,'extra_field_2','COM_VIRTUEMART_SHOPPER_FORM_EXTRA_FIELD_2','','text',255,30,0,NULL,NULL,NULL,NULL,1,0,1,0,0,0,NULL,32,0,0,'0000-00-00 00:00:00',0,'0000-00-00 00:00:00',0,'0000-00-00 00:00:00',0),(27,1,'extra_field_3','COM_VIRTUEMART_SHOPPER_FORM_EXTRA_FIELD_3','','text',255,30,0,NULL,NULL,NULL,NULL,1,0,1,0,0,0,NULL,33,0,0,'0000-00-00 00:00:00',0,'0000-00-00 00:00:00',0,'0000-00-00 00:00:00',0),(28,1,'extra_field_4','COM_VIRTUEMART_SHOPPER_FORM_EXTRA_FIELD_4','','select',1,1,0,NULL,NULL,NULL,NULL,1,0,1,0,0,0,NULL,34,0,0,'0000-00-00 00:00:00',0,'0000-00-00 00:00:00',0,'0000-00-00 00:00:00',0),(29,1,'extra_field_5','COM_VIRTUEMART_SHOPPER_FORM_EXTRA_FIELD_5','','select',1,1,0,NULL,NULL,NULL,NULL,1,0,1,0,0,0,NULL,35,0,0,'0000-00-00 00:00:00',0,'0000-00-00 00:00:00',0,'0000-00-00 00:00:00',0);
/*!40000 ALTER TABLE `jos_virtuemart_userfields` ENABLE KEYS */;
UNLOCK TABLES;

--
-- Table structure for table `jos_virtuemart_userinfos`
--

DROP TABLE IF EXISTS `jos_virtuemart_userinfos`;
/*!40101 SET @saved_cs_client     = @@character_set_client */;
/*!40101 SET character_set_client = utf8 */;
CREATE TABLE `jos_virtuemart_userinfos` (
  `virtuemart_userinfo_id` int(1) unsigned NOT NULL AUTO_INCREMENT,
  `virtuemart_user_id` int(1) unsigned NOT NULL DEFAULT '0',
  `address_type` char(2) NOT NULL DEFAULT '',
  `address_type_name` char(32) NOT NULL DEFAULT '',
  `name` char(64) DEFAULT NULL,
  `company` char(64) DEFAULT NULL,
  `title` char(32) DEFAULT NULL,
  `last_name` char(32) DEFAULT NULL,
  `first_name` char(32) DEFAULT NULL,
  `middle_name` char(32) DEFAULT NULL,
  `phone_1` char(24) DEFAULT NULL,
  `phone_2` char(24) DEFAULT NULL,
  `fax` char(24) DEFAULT NULL,
  `address_1` char(64) NOT NULL DEFAULT '',
  `address_2` char(64) DEFAULT NULL,
  `city` char(32) NOT NULL DEFAULT '',
  `virtuemart_state_id` smallint(1) unsigned NOT NULL DEFAULT '0',
  `virtuemart_country_id` smallint(1) unsigned NOT NULL DEFAULT '0',
  `zip` char(32) NOT NULL DEFAULT '',
  `agreed` tinyint(1) NOT NULL DEFAULT '0',
  `created_on` datetime NOT NULL DEFAULT '0000-00-00 00:00:00',
  `created_by` int(11) NOT NULL DEFAULT '0',
  `modified_on` datetime NOT NULL DEFAULT '0000-00-00 00:00:00',
  `modified_by` int(11) NOT NULL DEFAULT '0',
  `locked_on` datetime NOT NULL DEFAULT '0000-00-00 00:00:00',
  `locked_by` int(11) NOT NULL DEFAULT '0',
  PRIMARY KEY (`virtuemart_userinfo_id`),
  KEY `idx_userinfo_virtuemart_user_id` (`virtuemart_userinfo_id`,`virtuemart_user_id`)
) ENGINE=MyISAM AUTO_INCREMENT=3 DEFAULT CHARSET=utf8 COMMENT='Customer Information, BT = BillTo and ST = ShipTo';
/*!40101 SET character_set_client = @saved_cs_client */;

--
-- Dumping data for table `jos_virtuemart_userinfos`
--

LOCK TABLES `jos_virtuemart_userinfos` WRITE;
/*!40000 ALTER TABLE `jos_virtuemart_userinfos` DISABLE KEYS */;
INSERT INTO `jos_virtuemart_userinfos` VALUES (1,42,'BT','','Super User','Rey do Som','Mr','Miranda','Felipe','','1278134217','1278134217','','Av. S. Joao, 2200 Lj Ns 10 - Jardim das Colinas','','São José dos Campos',134,30,'12242000',1,'2012-09-14 17:37:00',42,'2012-09-14 17:37:00',42,'0000-00-00 00:00:00',0),(2,43,'BT','','Felipe Miranda','Drupal Informatica.com.br','Mr','Miranda','Felipe','','1233411086','1278134217','','Rua Cordoba, 77, ap 84, Jd. América','','São José dos Campos',134,30,'12235390',1,'2012-09-14 18:48:13',43,'2012-09-14 18:48:13',43,'0000-00-00 00:00:00',0);
/*!40000 ALTER TABLE `jos_virtuemart_userinfos` ENABLE KEYS */;
UNLOCK TABLES;

--
-- Table structure for table `jos_virtuemart_vendor_medias`
--

DROP TABLE IF EXISTS `jos_virtuemart_vendor_medias`;
/*!40101 SET @saved_cs_client     = @@character_set_client */;
/*!40101 SET character_set_client = utf8 */;
CREATE TABLE `jos_virtuemart_vendor_medias` (
  `id` smallint(1) unsigned NOT NULL AUTO_INCREMENT,
  `virtuemart_vendor_id` smallint(1) unsigned NOT NULL DEFAULT '0',
  `virtuemart_media_id` int(1) unsigned NOT NULL DEFAULT '0',
  `ordering` int(2) NOT NULL DEFAULT '0',
  PRIMARY KEY (`id`),
  UNIQUE KEY `i_virtuemart_vendor_id` (`virtuemart_vendor_id`,`virtuemart_media_id`)
) ENGINE=MyISAM AUTO_INCREMENT=2 DEFAULT CHARSET=utf8;
/*!40101 SET character_set_client = @saved_cs_client */;

--
-- Dumping data for table `jos_virtuemart_vendor_medias`
--

LOCK TABLES `jos_virtuemart_vendor_medias` WRITE;
/*!40000 ALTER TABLE `jos_virtuemart_vendor_medias` DISABLE KEYS */;
INSERT INTO `jos_virtuemart_vendor_medias` VALUES (1,1,99,1);
/*!40000 ALTER TABLE `jos_virtuemart_vendor_medias` ENABLE KEYS */;
UNLOCK TABLES;

--
-- Table structure for table `jos_virtuemart_vendors`
--

DROP TABLE IF EXISTS `jos_virtuemart_vendors`;
/*!40101 SET @saved_cs_client     = @@character_set_client */;
/*!40101 SET character_set_client = utf8 */;
CREATE TABLE `jos_virtuemart_vendors` (
  `virtuemart_vendor_id` smallint(1) unsigned NOT NULL AUTO_INCREMENT,
  `vendor_name` char(64) DEFAULT NULL,
  `vendor_currency` int(11) DEFAULT NULL,
  `vendor_accepted_currencies` varchar(1024) NOT NULL DEFAULT '',
  `vendor_params` text,
  `created_on` datetime NOT NULL DEFAULT '0000-00-00 00:00:00',
  `created_by` int(11) NOT NULL DEFAULT '0',
  `modified_on` datetime NOT NULL DEFAULT '0000-00-00 00:00:00',
  `modified_by` int(11) NOT NULL DEFAULT '0',
  `locked_on` datetime NOT NULL DEFAULT '0000-00-00 00:00:00',
  `locked_by` int(11) NOT NULL DEFAULT '0',
  PRIMARY KEY (`virtuemart_vendor_id`),
  KEY `idx_vendor_name` (`vendor_name`)
) ENGINE=MyISAM AUTO_INCREMENT=2 DEFAULT CHARSET=utf8 COMMENT='Vendors manage their products in your store';
/*!40101 SET character_set_client = @saved_cs_client */;

--
-- Dumping data for table `jos_virtuemart_vendors`
--

LOCK TABLES `jos_virtuemart_vendors` WRITE;
/*!40000 ALTER TABLE `jos_virtuemart_vendors` DISABLE KEYS */;
INSERT INTO `jos_virtuemart_vendors` VALUES (1,'Washupito',20,'20','vendor_min_pov=\"0\"|vendor_min_poq=1|vendor_freeshipment=0|vendor_address_format=\"\"|vendor_date_format=\"\"|','2012-09-14 17:37:00',42,'2012-09-14 17:37:00',42,'0000-00-00 00:00:00',0);
/*!40000 ALTER TABLE `jos_virtuemart_vendors` ENABLE KEYS */;
UNLOCK TABLES;

--
-- Table structure for table `jos_virtuemart_vendors_en_gb`
--

DROP TABLE IF EXISTS `jos_virtuemart_vendors_en_gb`;
/*!40101 SET @saved_cs_client     = @@character_set_client */;
/*!40101 SET character_set_client = utf8 */;
CREATE TABLE `jos_virtuemart_vendors_en_gb` (
  `virtuemart_vendor_id` int(1) unsigned NOT NULL AUTO_INCREMENT,
  `vendor_store_desc` text NOT NULL,
  `vendor_terms_of_service` text NOT NULL,
  `vendor_legal_info` char(255) NOT NULL DEFAULT '',
  `vendor_store_name` char(180) NOT NULL DEFAULT '',
  `vendor_phone` char(26) NOT NULL DEFAULT '',
  `vendor_url` char(255) NOT NULL DEFAULT '',
  `slug` char(192) NOT NULL DEFAULT '',
  PRIMARY KEY (`virtuemart_vendor_id`),
  UNIQUE KEY `slug` (`slug`)
) ENGINE=MyISAM AUTO_INCREMENT=2 DEFAULT CHARSET=utf8;
/*!40101 SET character_set_client = @saved_cs_client */;

--
-- Dumping data for table `jos_virtuemart_vendors_en_gb`
--

LOCK TABLES `jos_virtuemart_vendors_en_gb` WRITE;
/*!40000 ALTER TABLE `jos_virtuemart_vendors_en_gb` DISABLE KEYS */;
INSERT INTO `jos_virtuemart_vendors_en_gb` VALUES (1,'<p>We have the best tools for do-it-yourselfers. Check us out!</p>\r\n<p>We were established in 1969 in a time when getting good tools was expensive, but the quality was good. Now that only a select few of those authentic tools survive, we have dedicated this store to bringing the experience alive for collectors and master mechanics everywhere.</p>\r\n<p>You can easily find products selecting the category you would like to browse above.</p>','<h5>You haven\'t configured any terms of service yet. Click <a href=\"index.php?option=com_virtuemart&view=user&task=editshop\">here</a> to change this text.</h5>','<p>VAT-ID: XYZ-DEMO<br />Reg.Nr: DEMONUMBER</p>','Washupito\'s Tiendita','','','washupito-s-tiendita');
/*!40000 ALTER TABLE `jos_virtuemart_vendors_en_gb` ENABLE KEYS */;
UNLOCK TABLES;

--
-- Table structure for table `jos_virtuemart_vmuser_shoppergroups`
--

DROP TABLE IF EXISTS `jos_virtuemart_vmuser_shoppergroups`;
/*!40101 SET @saved_cs_client     = @@character_set_client */;
/*!40101 SET character_set_client = utf8 */;
CREATE TABLE `jos_virtuemart_vmuser_shoppergroups` (
  `id` int(11) unsigned NOT NULL AUTO_INCREMENT,
  `virtuemart_user_id` int(1) unsigned NOT NULL DEFAULT '0',
  `virtuemart_shoppergroup_id` smallint(1) unsigned NOT NULL DEFAULT '0',
  PRIMARY KEY (`id`),
  UNIQUE KEY `i_virtuemart_user_id` (`virtuemart_user_id`,`virtuemart_shoppergroup_id`)
) ENGINE=MyISAM AUTO_INCREMENT=2 DEFAULT CHARSET=utf8 COMMENT='xref table for users to shopper group';
/*!40101 SET character_set_client = @saved_cs_client */;

--
-- Dumping data for table `jos_virtuemart_vmuser_shoppergroups`
--

LOCK TABLES `jos_virtuemart_vmuser_shoppergroups` WRITE;
/*!40000 ALTER TABLE `jos_virtuemart_vmuser_shoppergroups` DISABLE KEYS */;
INSERT INTO `jos_virtuemart_vmuser_shoppergroups` VALUES (1,42,1);
/*!40000 ALTER TABLE `jos_virtuemart_vmuser_shoppergroups` ENABLE KEYS */;
UNLOCK TABLES;

--
-- Table structure for table `jos_virtuemart_vmusers`
--

DROP TABLE IF EXISTS `jos_virtuemart_vmusers`;
/*!40101 SET @saved_cs_client     = @@character_set_client */;
/*!40101 SET character_set_client = utf8 */;
CREATE TABLE `jos_virtuemart_vmusers` (
  `virtuemart_user_id` int(11) unsigned NOT NULL AUTO_INCREMENT,
  `virtuemart_vendor_id` smallint(1) unsigned NOT NULL DEFAULT '0',
  `user_is_vendor` tinyint(1) NOT NULL DEFAULT '0',
  `customer_number` char(32) DEFAULT NULL,
  `perms` char(40) NOT NULL DEFAULT 'shopper',
  `virtuemart_paymentmethod_id` mediumint(1) unsigned DEFAULT NULL,
  `virtuemart_shipmentmethod_id` mediumint(1) unsigned DEFAULT NULL,
  `agreed` tinyint(1) NOT NULL DEFAULT '0',
  `created_on` datetime NOT NULL DEFAULT '0000-00-00 00:00:00',
  `created_by` int(11) NOT NULL DEFAULT '0',
  `modified_on` datetime NOT NULL DEFAULT '0000-00-00 00:00:00',
  `modified_by` int(11) NOT NULL DEFAULT '0',
  `locked_on` datetime NOT NULL DEFAULT '0000-00-00 00:00:00',
  `locked_by` int(11) NOT NULL DEFAULT '0',
  PRIMARY KEY (`virtuemart_user_id`),
  UNIQUE KEY `i_virtuemart_user_id` (`virtuemart_user_id`,`virtuemart_vendor_id`),
  KEY `i_virtuemart_vendor_id` (`virtuemart_vendor_id`)
) ENGINE=MyISAM AUTO_INCREMENT=44 DEFAULT CHARSET=utf8 COMMENT='Holds the unique user data';
/*!40101 SET character_set_client = @saved_cs_client */;

--
-- Dumping data for table `jos_virtuemart_vmusers`
--

LOCK TABLES `jos_virtuemart_vmusers` WRITE;
/*!40000 ALTER TABLE `jos_virtuemart_vmusers` DISABLE KEYS */;
INSERT INTO `jos_virtuemart_vmusers` VALUES (42,1,1,'21232f297a57a5a743894a0e4a801fc3','admin',NULL,NULL,1,'0000-00-00 00:00:00',0,'2012-09-14 17:37:00',42,'0000-00-00 00:00:00',0),(43,0,0,'7e04da88cbb8cc933c7b89fbfe121cca','shopper',NULL,NULL,1,'0000-00-00 00:00:00',0,'2012-09-14 18:48:13',43,'0000-00-00 00:00:00',0);
/*!40000 ALTER TABLE `jos_virtuemart_vmusers` ENABLE KEYS */;
UNLOCK TABLES;

--
-- Table structure for table `jos_virtuemart_waitingusers`
--

DROP TABLE IF EXISTS `jos_virtuemart_waitingusers`;
/*!40101 SET @saved_cs_client     = @@character_set_client */;
/*!40101 SET character_set_client = utf8 */;
CREATE TABLE `jos_virtuemart_waitingusers` (
  `virtuemart_waitinguser_id` int(11) unsigned NOT NULL AUTO_INCREMENT,
  `virtuemart_product_id` int(1) unsigned NOT NULL DEFAULT '0',
  `virtuemart_user_id` int(1) unsigned NOT NULL DEFAULT '0',
  `notify_email` char(150) NOT NULL DEFAULT '',
  `notified` tinyint(1) NOT NULL DEFAULT '0',
  `notify_date` timestamp NOT NULL DEFAULT CURRENT_TIMESTAMP ON UPDATE CURRENT_TIMESTAMP,
  `ordering` int(2) NOT NULL DEFAULT '0',
  `created_on` datetime NOT NULL DEFAULT '0000-00-00 00:00:00',
  `created_by` int(11) NOT NULL DEFAULT '0',
  `modified_on` datetime NOT NULL DEFAULT '0000-00-00 00:00:00',
  `modified_by` int(11) NOT NULL DEFAULT '0',
  `locked_on` datetime NOT NULL DEFAULT '0000-00-00 00:00:00',
  `locked_by` int(11) NOT NULL DEFAULT '0',
  PRIMARY KEY (`virtuemart_waitinguser_id`),
  KEY `virtuemart_product_id` (`virtuemart_product_id`),
  KEY `notify_email` (`notify_email`)
) ENGINE=MyISAM DEFAULT CHARSET=utf8 COMMENT='Stores notifications, users waiting f. products out of stock';
/*!40101 SET character_set_client = @saved_cs_client */;

--
-- Dumping data for table `jos_virtuemart_waitingusers`
--

LOCK TABLES `jos_virtuemart_waitingusers` WRITE;
/*!40000 ALTER TABLE `jos_virtuemart_waitingusers` DISABLE KEYS */;
/*!40000 ALTER TABLE `jos_virtuemart_waitingusers` ENABLE KEYS */;
UNLOCK TABLES;

--
-- Table structure for table `jos_virtuemart_worldzones`
--

DROP TABLE IF EXISTS `jos_virtuemart_worldzones`;
/*!40101 SET @saved_cs_client     = @@character_set_client */;
/*!40101 SET character_set_client = utf8 */;
CREATE TABLE `jos_virtuemart_worldzones` (
  `virtuemart_worldzone_id` smallint(1) unsigned NOT NULL AUTO_INCREMENT,
  `virtuemart_vendor_id` smallint(1) DEFAULT NULL,
  `zone_name` char(255) DEFAULT NULL,
  `zone_cost` decimal(10,2) DEFAULT NULL,
  `zone_limit` decimal(10,2) DEFAULT NULL,
  `zone_description` text,
  `zone_tax_rate` int(1) unsigned NOT NULL DEFAULT '0',
  `ordering` int(2) NOT NULL DEFAULT '0',
  `shared` tinyint(1) NOT NULL DEFAULT '0',
  `published` tinyint(1) NOT NULL DEFAULT '1',
  `created_on` datetime NOT NULL DEFAULT '0000-00-00 00:00:00',
  `created_by` int(11) NOT NULL DEFAULT '0',
  `modified_on` datetime NOT NULL DEFAULT '0000-00-00 00:00:00',
  `modified_by` int(11) NOT NULL DEFAULT '0',
  `locked_on` datetime NOT NULL DEFAULT '0000-00-00 00:00:00',
  `locked_by` int(11) NOT NULL DEFAULT '0',
  PRIMARY KEY (`virtuemart_worldzone_id`),
  KEY `i_virtuemart_vendor_id` (`virtuemart_vendor_id`)
) ENGINE=MyISAM AUTO_INCREMENT=5 DEFAULT CHARSET=utf8 COMMENT='The Zones managed by the Zone Shipment Module';
/*!40101 SET character_set_client = @saved_cs_client */;

--
-- Dumping data for table `jos_virtuemart_worldzones`
--

LOCK TABLES `jos_virtuemart_worldzones` WRITE;
/*!40000 ALTER TABLE `jos_virtuemart_worldzones` DISABLE KEYS */;
INSERT INTO `jos_virtuemart_worldzones` VALUES (1,NULL,'Default','6.00','35.00','This is the default Shipment Zone. This is the zone information that all countries will use until you assign each individual country to a Zone.',2,0,0,1,'0000-00-00 00:00:00',0,'0000-00-00 00:00:00',0,'0000-00-00 00:00:00',0),(2,NULL,'Zone 1','1000.00','10000.00','This is a zone example',2,0,0,1,'0000-00-00 00:00:00',0,'0000-00-00 00:00:00',0,'0000-00-00 00:00:00',0),(3,NULL,'Zone 2','2.00','22.00','This is the second zone. You can use this for notes about this zone',2,0,0,1,'0000-00-00 00:00:00',0,'0000-00-00 00:00:00',0,'0000-00-00 00:00:00',0),(4,NULL,'Zone 3','11.00','64.00','Another usefull thing might be details about this zone or special instructions.',2,0,0,1,'0000-00-00 00:00:00',0,'0000-00-00 00:00:00',0,'0000-00-00 00:00:00',0);
/*!40000 ALTER TABLE `jos_virtuemart_worldzones` ENABLE KEYS */;
UNLOCK TABLES;

--
-- Table structure for table `jos_weblinks`
--

DROP TABLE IF EXISTS `jos_weblinks`;
/*!40101 SET @saved_cs_client     = @@character_set_client */;
/*!40101 SET character_set_client = utf8 */;
CREATE TABLE `jos_weblinks` (
  `id` int(10) unsigned NOT NULL AUTO_INCREMENT,
  `catid` int(11) NOT NULL DEFAULT '0',
  `sid` int(11) NOT NULL DEFAULT '0',
  `title` varchar(250) NOT NULL DEFAULT '',
  `alias` varchar(255) CHARACTER SET utf8 COLLATE utf8_bin NOT NULL DEFAULT '',
  `url` varchar(250) NOT NULL DEFAULT '',
  `description` text NOT NULL,
  `date` datetime NOT NULL DEFAULT '0000-00-00 00:00:00',
  `hits` int(11) NOT NULL DEFAULT '0',
  `state` tinyint(1) NOT NULL DEFAULT '0',
  `checked_out` int(11) NOT NULL DEFAULT '0',
  `checked_out_time` datetime NOT NULL DEFAULT '0000-00-00 00:00:00',
  `ordering` int(11) NOT NULL DEFAULT '0',
  `archived` tinyint(1) NOT NULL DEFAULT '0',
  `approved` tinyint(1) NOT NULL DEFAULT '1',
  `access` int(11) NOT NULL DEFAULT '1',
  `params` text NOT NULL,
  `language` char(7) NOT NULL DEFAULT '',
  `created` datetime NOT NULL DEFAULT '0000-00-00 00:00:00',
  `created_by` int(10) unsigned NOT NULL DEFAULT '0',
  `created_by_alias` varchar(255) NOT NULL DEFAULT '',
  `modified` datetime NOT NULL DEFAULT '0000-00-00 00:00:00',
  `modified_by` int(10) unsigned NOT NULL DEFAULT '0',
  `metakey` text NOT NULL,
  `metadesc` text NOT NULL,
  `metadata` text NOT NULL,
  `featured` tinyint(3) unsigned NOT NULL DEFAULT '0' COMMENT 'Set if link is featured.',
  `xreference` varchar(50) NOT NULL COMMENT 'A reference to enable linkages to external data sets.',
  `publish_up` datetime NOT NULL DEFAULT '0000-00-00 00:00:00',
  `publish_down` datetime NOT NULL DEFAULT '0000-00-00 00:00:00',
  PRIMARY KEY (`id`),
  KEY `idx_access` (`access`),
  KEY `idx_checkout` (`checked_out`),
  KEY `idx_state` (`state`),
  KEY `idx_catid` (`catid`),
  KEY `idx_createdby` (`created_by`),
  KEY `idx_featured_catid` (`featured`,`catid`),
  KEY `idx_language` (`language`),
  KEY `idx_xreference` (`xreference`)
) ENGINE=InnoDB AUTO_INCREMENT=10 DEFAULT CHARSET=utf8;
/*!40101 SET character_set_client = @saved_cs_client */;

--
-- Dumping data for table `jos_weblinks`
--

LOCK TABLES `jos_weblinks` WRITE;
/*!40000 ALTER TABLE `jos_weblinks` DISABLE KEYS */;
INSERT INTO `jos_weblinks` VALUES (1,32,0,'Joomla!','joomla','http://www.joomla.org','<p>Home of Joomla!</p>','0000-00-00 00:00:00',3,1,0,'0000-00-00 00:00:00',1,0,1,1,'{\"target\":\"0\",\"count_clicks\":\"\"}','en-GB','2011-01-01 00:00:01',0,'','2011-01-01 00:00:01',42,'','','{\"robots\":\"\",\"author\":\"\",\"rights\":\"\"}',0,'','0000-00-00 00:00:00','0000-00-00 00:00:00'),(2,33,0,'php.net','php','http://www.php.net','<p>The language that Joomla! is developed in</p>','0000-00-00 00:00:00',6,1,0,'0000-00-00 00:00:00',1,0,1,1,'{\"target\":\"\",\"count_clicks\":\"\"}','en-GB','2011-01-01 00:00:01',0,'','2011-01-01 00:00:01',42,'','','{\"robots\":\"\",\"author\":\"\",\"rights\":\"\"}',0,'','0000-00-00 00:00:00','0000-00-00 00:00:00'),(3,33,0,'MySQL','mysql','http://www.mysql.com','<p>The most commonly used database for Joomla!.</p>','0000-00-00 00:00:00',1,1,0,'0000-00-00 00:00:00',2,0,1,1,'{\"target\":\"\",\"width\":\"\",\"height\":\"\",\"count_clicks\":\"\"}','en-GB','2011-01-01 00:00:01',0,'','2012-01-17 16:19:43',42,'','','{\"robots\":\"\",\"rights\":\"\"}',0,'','0000-00-00 00:00:00','0000-00-00 00:00:00'),(4,32,0,'OpenSourceMatters','opensourcematters','http://www.opensourcematters.org','<p>Home of OSM</p>','0000-00-00 00:00:00',11,1,0,'0000-00-00 00:00:00',3,0,1,1,'{\"target\":\"0\",\"count_clicks\":\"\"}','en-GB','2011-01-01 00:00:01',0,'','2011-01-01 00:00:01',42,'','','{\"robots\":\"\",\"author\":\"\",\"rights\":\"\"}',0,'','0000-00-00 00:00:00','0000-00-00 00:00:00'),(5,32,0,'Joomla! - Forums','joomla-forums','http://forum.joomla.org','<p>Joomla! Forums</p>','0000-00-00 00:00:00',4,1,0,'0000-00-00 00:00:00',2,0,1,1,'{\"target\":\"0\",\"count_clicks\":\"\"}','en-GB','2011-01-01 00:00:01',0,'','2011-01-01 00:00:01',42,'','','{\"robots\":\"\",\"author\":\"\",\"rights\":\"\"}',0,'','0000-00-00 00:00:00','0000-00-00 00:00:00'),(6,33,0,'Ohloh Tracking of Joomla!','ohloh-tracking-of-joomla','http://www.ohloh.net/projects/20','<p>Objective reports from Ohloh about Joomla\'s development activity. Joomla! has some star developers with serious kudos.</p>','0000-00-00 00:00:00',1,1,0,'0000-00-00 00:00:00',3,0,1,1,'{\"target\":\"0\",\"count_clicks\":\"\"}','en-GB','2011-01-01 00:00:01',0,'','2011-01-01 00:00:01',42,'','','{\"robots\":\"\",\"author\":\"\",\"rights\":\"\"}',0,'','0000-00-00 00:00:00','0000-00-00 00:00:00'),(7,31,0,'Baw Baw National Park','baw-baw-national-park','http://www.parkweb.vic.gov.au/1park_display.cfm?park=44','<p>Park of the Austalian Alps National Parks system, Baw Baw  features sub alpine vegetation, beautiful views, and opportunities for hiking, skiing and other outdoor activities.</p>','0000-00-00 00:00:00',0,1,0,'0000-00-00 00:00:00',1,0,1,1,'{\"target\":\"0\",\"count_clicks\":\"\"}','en-GB','2011-01-01 00:00:01',0,'','2011-01-01 00:00:01',42,'','','{\"robots\":\"\",\"author\":\"\",\"rights\":\"\"}',0,'','0000-00-00 00:00:00','0000-00-00 00:00:00'),(8,31,0,'Kakadu','kakadu','http://www.environment.gov.au/parks/kakadu/index.html','<p>Kakadu is known for both its cultural heritage and its natural features. It is one of a small number of places listed as World Heritage Places for both reasons. Extensive rock art is found there.</p>','0000-00-00 00:00:00',0,1,0,'0000-00-00 00:00:00',2,0,1,1,'{\"target\":\"0\",\"count_clicks\":\"\"}','en-GB','2011-01-01 00:00:01',0,'','2011-01-01 00:00:01',42,'','','{\"robots\":\"\",\"author\":\"\",\"rights\":\"\"}',0,'','0000-00-00 00:00:00','0000-00-00 00:00:00'),(9,31,0,'Pulu Keeling','pulu-keeling','http://www.environment.gov.au/parks/cocos/index.html','<p>Located on an atoll 2000 kilometers north of Perth, Pulu Keeling is Australia\'s smallest national park.</p>','0000-00-00 00:00:00',0,1,0,'0000-00-00 00:00:00',3,0,1,1,'{\"target\":\"0\",\"count_clicks\":\"\"}','en-GB','2011-01-01 00:00:01',0,'','2011-01-01 00:00:01',42,'','','{\"robots\":\"\",\"author\":\"\",\"rights\":\"\"}',0,'','2010-07-10 23:44:03','0000-00-00 00:00:00');
/*!40000 ALTER TABLE `jos_weblinks` ENABLE KEYS */;
UNLOCK TABLES;
/*!40103 SET TIME_ZONE=@OLD_TIME_ZONE */;

/*!40101 SET SQL_MODE=@OLD_SQL_MODE */;
/*!40014 SET FOREIGN_KEY_CHECKS=@OLD_FOREIGN_KEY_CHECKS */;
/*!40014 SET UNIQUE_CHECKS=@OLD_UNIQUE_CHECKS */;
/*!40101 SET CHARACTER_SET_CLIENT=@OLD_CHARACTER_SET_CLIENT */;
/*!40101 SET CHARACTER_SET_RESULTS=@OLD_CHARACTER_SET_RESULTS */;
/*!40101 SET COLLATION_CONNECTION=@OLD_COLLATION_CONNECTION */;
/*!40111 SET SQL_NOTES=@OLD_SQL_NOTES */;

-- Dump completed on 2012-09-14 18:58:11
